name,keywords,content
24게스트하우스 전주점,,리뷰양이 충분하지 않습니다.
MH HOTEL 중화산점,"깨끗한, 따뜻한, 넓은, 친절한, 좋은, 저렴한, 깔끔한, 시원한, 편안한, 탁월한, 개운한, 불편한, 작은, 꿉꿉한, 먼지있는, 고장난, 추운, 물기많은, 얼룩진, 답답함없는","MH HOTEL 중화산점은 따뜻하고 넓은 객실, 탁월한 방음 시설, 그리고 친절한 직원과 깔끔한 시설로 많은 고객들에게 긍정적인 평가를 받고 있습니다. 특히 깨끗한 환경과 좋은 수압, 저렴한 가격은 재방문을 유도하는 주요 요인입니다. 아쉬운점은, 일부 리뷰에서 청결 문제(꿉꿉한 냄새, 얼룩, 잔여물)와 침대의 불편함, 그리고 전기장판 고장으로 인한 추위가 언급되었습니다. 숙소는 청결 관리 및 시설 점검을 강화하여 고객 경험을 더욱 개선할 필요가 있습니다."
글로스터호텔 전주,"깔끔한,깨끗한,친절한,합리적인,쾌적한,편리한,조용한,만족스러운,다양한,맛있는,아늑한,편안한,빠른,추운,심한,부족한,관리가_안_된,지저분한,작동하지_않는,불안한,불쾌한,아쉬운,고장난,불편한,협소한,오래된,약한,차가운,모기가_많은,정리되지_않은","글로스터호텔 전주는 합리적인 가격에 깔끔한 객실과 친절한 직원 응대가 돋보이며, 전주 객사 및 한옥마을과의 뛰어난 접근성이 큰 장점으로 평가됩니다. 특히 침구류와 화장실의 청결도, 그리고 조식의 다양성 및 맛에 대한 긍정적인 후기가 많습니다. 아쉬운점은 일부 객실에서 온도 조절 문제, 하수구 냄새, 전반적인 청결 미흡(먼지, 머리카락, 얼룩 등), 노후 비품(비데, 가구) 및 시설 고장(문 잠금, 리모컨, 수압)에 대한 불만이 제기되었습니다. 또한, 주차 공간 협소 및 미숙한 주차 정산 시스템, 그리고 일부 직원의 고객 응대 태도 개선이 필요해 보입니다. 전반적인 시설 점검 및 직원 교육 강화를 통해 투숙객 경험을 향상시킬 필요가 있습니다."
김제 라온펜션,,리뷰양이 충분하지 않습니다.
넘버25호텔 전주산정점,,리뷰양이 충분하지 않습니다.
라한호텔 전주,"친절한, 편리한, 깨끗한, 넓은, 조용한, 훌륭한, 맛있는, 아름다운, 만족스러운, 추천할만한, 편안한, 접근성 좋은, 노후화된, 낡은, 불친절한, 미흡한, 시끄러운, 취약한, 불편한, 불량한, 평범한, 비싼","라한호텔 전주는 전주 한옥마을 바로 옆에 위치하여 편리한 접근성과 아름다운 한옥뷰가 돋보이며, 친절한 직원 응대와 훌륭한 조식, 넓고 깨끗한 객실로 만족도가 높습니다. 특히 어린 자녀를 동반한 가족 여행객에게 추천할 만한 숙소입니다. 아쉬운 점은 일부 객실에서 노후화된 시설과 미흡한 청결, 그리고 치명적인 방음 문제가 지속적으로 지적됩니다. 호텔은 시설 보수 및 청결 관리 강화, 특히 방음 개선을 통해 더욱 쾌적한 환경을 제공해야 할 것입니다."
베니키아 전주 한성 호텔,"친절한,깨끗한,관리잘된,편리한,가성비좋은,안락한,편안한,훌륭한,아늑한,포근한,즐거운,노후된,오래된,퀘퀘한,불편한,부실한,지저분한,시끄러운,아쉬운,접근성좋은,따뜻한,깔끔한,좁은","베니키아 전주 한성 호텔은 전주 한옥마을 및 시내 중심가와 가까워 접근성이 매우 뛰어나며, 직원들의 친절한 서비스와 가격 대비 훌륭한 가성비로 편안하고 안락한 숙박 경험을 제공합니다. 오래된 연식에도 불구하고 깔끔하게 잘 관리되어 긍정적인 평가가 많습니다. 아쉬운점은 일부 객실의 시설이 전반적으로 노후되어 퀘퀘한 냄새가 나거나 방음이 취약하며, 침구류 및 욕실 리모델링이 필요해 보입니다. 또한 주차 편의성 및 조식 서비스 개선이 이루어진다면 더욱 만족스러운 숙소가 될 것입니다."
베스트웨스턴플러스 전주호텔,"친절한, 깨끗한, 접근성 좋은, 주차 편리한, 편안한, 시설 좋은, 가성비 좋은, 조용한, 쾌적한, 만족스러운, 추천할 만한, 불친절한, 방음 안 되는, 시끄러운, 위생 문제 있는, 서비스 미흡한, 느린, 냄새 나는, 불편한, 안전 문제 있는, 대처 미흡한, 좁은, 관리 부실한, 불합리한","베스트웨스턴플러스 전주호텔은 전주 한옥마을 및 주요 관광지와의 뛰어난 접근성과 편리한 주차 시설로 많은 긍정적인 평가를 받고 있습니다. 전반적으로 깨끗하고 쾌적한 객실 환경, 잘 갖춰진 시설, 그리고 친절한 직원 응대는 투숙객들에게 편안하고 만족스러운 경험을 제공하며 재방문 의사를 높이고 있습니다. 아쉬운점은 일부 투숙객들이 직원들의 불친절하거나 미흡한 서비스 태도, 특히 문제 발생 시의 부적절한 대처에 대해 불만을 표했습니다. 또한, 방음 문제로 인한 소음, 객실 내 냄새, 일부 시설의 청결 및 관리 미흡(예: 키즈풀, 침구류), 그리고 화재 경보기 오작동과 같은 안전 문제도 지적되었습니다. 호텔은 직원 서비스 교육을 강화하고, 방음 및 시설 유지보수, 그리고 위생 관리를 철저히 하여 투숙객의 편안함과 안전을 최우선으로 개선해야 할 것입니다."
신라스테이 전주,"친절한, 깨끗한, 편안한, 쾌적한, 조용한, 넓은, 깔끔한, 만족스러운, 가까운, 편리한, 시원한, 아늑한, 훌륭한, 맛있는, 위생적인, 협소한, 불편한, 부족한, 불량한, 아쉬운, 시끄러운, 습한, 좁은, 느린, 밍밍한, 불친절한, 고장난","신라스테이 전주는 전반적으로 친절한 직원 응대와 깨끗하고 편안한 객실 컨디션으로 높은 만족도를 제공합니다. 한옥마을 및 주요 관광지와의 접근성도 뛰어나며, 일부 객실은 넓고 아늑하여 휴식에 적합하다는 긍정적인 평가가 많습니다. 아쉬운점은 주차 공간이 매우 협소하고 부족하여 외부 주차를 해야 하는 경우가 잦으며, 심각한 방음 문제로 옆방 및 복도 소음이 크게 들린다는 점입니다. 또한, 객실 내 하수구 냄새, 중앙 통제 난방, 시설 고장 등 일부 불편사항이 제기되어 개선이 필요해 보입니다."
에이치에비뉴호텔 덕진점,,리뷰양이 충분하지 않습니다.
완주 델루나펜션,,리뷰양이 충분하지 않습니다.
완주 모악펜션,,리뷰양이 충분하지 않습니다.
완주 소풍가는날펜션,,리뷰양이 충분하지 않습니다.
완주 째즈호텔,,리뷰양이 충분하지 않습니다.
완주 카리브,,리뷰양이 충분하지 않습니다.
완주 칸 드라이브인 무인텔(KAN),"깔끔한, 아늑한, 편안한, 넓은, 편리한, 가성비 좋은, 친절한, 세심한, 따뜻한, 프라이빗한, 만족스러운, 추운, 딱딱한, 약한, 담배 냄새 나는, 지저분한, 불편한, 불안한, 미흡한, 비위생적인, 시끄러운, 오래된","완주 칸 드라이브인 무인텔은 깔끔하고 아늑하며 넓고 편안한 공간을 제공하여 휴식하기에 좋습니다. 특히 월풀 욕조와 안마의자, 편리한 1실 1주차 시스템과 친절한 안내가 돋보이며 가성비도 훌륭하다는 평이 많습니다. 아쉬운점은 일부 객실에서 담배 냄새가 나거나 침대가 딱딱하여 숙면을 방해할 수 있고, 수압이 약하거나 욕실 바닥이 차갑고 객실이 춥다는 의견도 있습니다. 또한, 보안 문제에 대한 불안감과 고객 문의에 대한 미흡한 대응, 비위생적인 샤워 타월은 개선이 시급해 보입니다."
완주 편백숲이야기펜션,,리뷰양이 충분하지 않습니다.
완주 하늘아래첫집펜션,,리뷰양이 충분하지 않습니다.
완주 혁신도시 드래곤호텔,,리뷰양이 충분하지 않습니다.
완주 혁신도시 만상 호텔(MANSANG HOTEL),"깨끗한,깔끔한,넓은,쾌적한,편안한,조용한,친절한,고급스러운,합리적인,만족스러운,방음이좋은,지저분한,불친절한,냄새나는,아쉬운(방음),불편한(시설),관리미흡한,비위생적인,낮은(가성비),추운","완주 혁신도시 만상 호텔은 전반적으로 깨끗하고 넓으며 쾌적한 객실 환경과 편안한 침구류로 많은 투숙객에게 만족감을 제공합니다. 친절한 서비스와 잘 갖춰진 편의시설, 합리적인 가격 또한 긍정적인 평가를 받고 있어 비즈니스 출장객에게 특히 추천됩니다. 아쉬운점은 객실 청결 상태에 대한 불만(머리카락, 먼지, 얼룩, 냄새 등)이 반복적으로 지적되었으므로, 객실 청소 및 비품 관리에 더욱 철저한 점검과 위생 강화가 필요합니다. 또한 일부 고객은 직원 응대 및 방음, 시설(수압, 에어컨) 문제에 대한 불편함을 겪었기에, 이에 대한 개선 노력도 요구됩니다."
