name,count
전주 큐,3767
전주 황금,3155
전주 고사동 YAJA 전주한옥마을점,2864
전주 후,2737
전주 메이드,2717
전주 덕진동 호텔 워너비(HOTEL WANNABE),2681
전주 우아동 호텔 젠,2670
전주 금암동 호텔 바라한(HOTEL BARAHAN),2590
전주 덕진동 MOMENT 708,2467
전주 위너,2375
전주 산정동 제이즈 호텔,2349
전주 금암동 호텔 마리(터미널점),2341
전주 스마일,2105
전주 제이즈호텔,2016
전주 금암동 칼튼힐호텔,1972
전주 호텔젠,1884
전주 금암동 후,1830
전주 히든호텔,1762
라한호텔 전주,1753
전주 금암동 YAJA 전주터미널점,1752
전주 마리 터미널점,1747
전주 코자자,1737
전주 에비뉴호텔,1686
전주 관광호텔,1682
전주 호텔 늘,1673
전주 카누,1670
전주 덕진동 브라운도트 전주덕진점,1665
전주 칸,1610
전주 덕진동 호텔 스마일(HOTEL SMILE),1595
전주 화려한외출,1551
전주 윈져,1541
전주 우아동 호텔 루나,1538
전주 투헤븐,1521
전주 금암동 비스트,1481
전주 우아동 센트,1356
베스트웨스턴 플러스 전주 호텔,1354
전주 금암동 뷰티 호텔,1333
전주 호텔 달빛소리 드라이브인,1282
전주 중화산동 호텔 인트로(HOTEL INTRO),1276
전주 산정동 첫번째 호텔,1253
전주 금암동 윈져,1237
전주 덕진동 호텔 마리(덕진공원점),1225
전주 산정동 호텔 에비뉴(HOTEL AVENUE),1200
전주 산정동 플렉스호텔,1197
전주 중화산동 투썸스테이,1184
전주 신시가지 오스카,1170
전주 중화산동 엘도라도,1147
전주 금암동 이카로스 드라이브인 무인텔,1138
전주 와이케이,1121
전주 아미르,1097
전주 우아동 큐브 505 (CUBE 505),1097
전주 고사동 전주관광호텔,1059
전주 호텔루나,1038
전주,1037
전주 우아동 Hotel The VIZIT,1024
베스트웨스턴플러스 전주호텔,1020
전주 플렉스호텔,1017
전주 우아동 호텔 야,1016
전주 우아동 호텔 캐슬,991
전주 산정동 호텔 메이드(HOTEL MADE),989
전주 우아동 호텔 투나잇(HOTEL 2NIGHT),975
전주 송천동 호텔 에코스테이,964
전주 산정동 칸,955
전주 산정동 넘버25 전주산정점,954
전주 투썸호텔,951
전주 아늑호텔,948
전주 덕진동 호텔 히든(HOTEL HIDDEN),940
전주 워너비,938
전주 덕진동 호텔 와이케이(HOTEL WAIKEI),928
전주 금암동 블루원,918
전주 솔호텔 (SOL),911
전주 호텔아지트 서신롯데점,909
전주 덕진동 호텔 쏘울(Hotel Soul),881
전주 산정동 달빛소리,847
전주 다가동 MH HOTEL 객리단점,827
전주 테라호텔,817
전주 한옥호텔 궁,816
전주 금암동 브라운도트 전주터미널점,809
전주 제이브라운,794
전주 호텔아지트 신시가지점,782
전주 산정동 코자자,777
전주 한빛호텔,773
전주 우아동 호텔단아,766
전주 토마토,756
전주 라임 호텔,751
전주 화이트호텔,747
전주 한옥마을 늘품호텔,745
전주 에이치에비뉴,739
전주 호텔 시그니처,734
전주 카마호텔,731
전주 중화산동 로데오,723
전주 호텔레이나구 전주 소풍,717
전주 라베호텔(LABE HOTEL),714
호텔 다빈,697
전주 중화산동 화려한외출Ⅱ,686
전주 산정동 호텔 감스테이,679
전주 금암동 호텔 화이트(HOTEL WHITE),679
전주 우아동 이츠 호텔,675
전주 중화산동 Q,672
전주 중화산동 호텔 시그니처 (Signature),664
전주 중화산동 브라운도트 전주중화산점,659
전주 전주한옥마을점,657
전주 블루원,635
전주 송천동 호텔 더 그레이(THE GRAY),623
전주 금암동 토마토,621
전주 신시가지 씨투,615
전주 관광호텔 꽃심,606
전주 다빈호텔,605
전주 비지트호텔,605
전주 덕진동 핀앤핏하우스,598
전주 칼튼 힐 호텔,598
전주 넘버 산정점,581
전주 브라이튼 호텔,564
전주 스토리,554
전주 슈페리어,552
전주 프린스,546
전주 중화산동 스페셜,545
전주 뷰티,544
전주혁신도시 호텔원,539
전주 우아동 소울,525
전주 자우리,525
전주 산정동 에이치에비뉴(H Avenue) 전주아중지구점,524
전주 알프스,524
전주 짬,518
전주 산정동 아늑 호텔,512
전주 브라운도트전주터미널점,507
전주 마리호텔 터미널점,499
전주 라베 호텔,495
전주 다온호텔,489
전주 하운드호텔덕진점,488
전주 우아동 호텔 라임(HOTEL LIME),477
전주 신시가지 호텔 메세지,475
전주 브라운도트 중화산동점,471
전주 엘도라도,466
전주 투나잇,463
글로스터호텔 전주,463
전주 경원동 경원,458
전주 신시가지 호텔 팝,453
완주 혁신도시 만상 호텔(MANSANG HOTEL),449
전주 샵 호텔,443
전주 중화산동 투썸호텔,442
전주 호텔 더 빈센트,441
전주 더씨티 호텔,438
완주 호텔 아리아(HOTEL ARIA),436
전주 브라운도트 아중지구점,436
전주 호텔사운즈,432
전주 필모텔,432
전주 대화사우나,432
전주 재즈어라운드 호텔,428
전주 한옥마을 별빛궁,422
전주 에이플러스,421
전주 우아동 호텔 위너(HOTEL WINNER),403
전주 중앙동 한옥호텔 궁,402
전주 왕의지밀 한옥호텔,399
카마호텔 전주,398
전주 쿡,397
전주 노이 호텔,394
전주 감스테이,394
전주 중화산동 호텔 더 케이,393
전주 프린스 우아점,392
전주 한옥마을 꽃잠,391
전주 에코스테이 호텔,389
전주 마리 덕진공원점,384
전주 하얏트,376
전주 우아동 한옥 HOTEL,374
전주 서신동 호텔 아지트,372
전주 중화산동 카마호텔,370
전주 호텔 써밋스테이,370
전주한옥마을 황실관광호텔,370
전주 신시가지 쿡,364
전주 신시가지 데이나이스,364
전주 우아동 FX,358
전주 마리호텔,349
전주 소소한 한옥,348
전주 중화산동 스타 호텔(star hotel),347
전주 엔브릿지호텔,346
엔브릿지 호텔,344
전주 객리단길점,344
웨스턴라이프호텔,340
전주 산정동 짬,338
전주 정가한옥스테이,333
전주 산정동 호텔 카누(HOTEL KANU),331
전주 한옥마을 더 머뭄,328
전주 금암동 투헤븐,327
전주 금암동 비지니스 호텔 궁,326
전주한옥마을 덕수궁,326
전주 호텔 어반스테이아중점,326
전주 우아동 호텔 노이(HOTEL NEUE),316
전주 호텔유,309
전주 황실관광호텔,306
전주 우아동 하얏트,304
전주 몽블랑,303
전주 시그니처 호텔,301
전주 금암동 스토리 무인텔,301
전주 비지트 호텔,300
전주 금암동 하운드 전주터미널,297
전주 핀앤핏하우스,297
전주 산정동 바른 숙박 (BARUN STAY),295
전주 더그레이호텔,294
전주 덕진동 하운드호텔 전주덕진,293
전주 스페셜,290
전주 박일,290
전주 우아동 프린스,288
전주 더케이,288
전주 중화산동 몽블랑,287
전주 브라운도트 덕진점,285
전주 루이호텔,284
솔 호텔,283
전주 한옥마을 골목길 게스트하우스,283
전주 중화산동 YAJA 중화산점,282
전주관광호텔,280
전주 그랜드힐스턴호텔,277
전주 우아동 호텔 자우리,275
전주 호텔 엑스오,275
전주 한옥체험 모꼬지,275
전주 중화산동 브라이튼 호텔(BRIGHTEN HOTEL),267
전주 구름채 게스트하우스,265
전주 우아동 브라운도트 전주아중지구점,260
전주 신시가지 호텔 아이,260
전주 중화산동점,258
신라스테이 전주,256
전주 중화산동 MH HOTEL 중화산점,255
전주 한옥마을 한옥미담,252
늘품호텔,246
전주 신시가지 제이메이트 호텔,245
전주 릴렉스호텔,243
전주 갤러리 스테이,238
전주 호텔루고,236
전주 한옥미담 스테이,232
전주 한옥마을 인디고,229
전주 이츠호텔,229
전주 신시가지 호텔 폭스-FOX 2.0,229
전주 우아동 래미안,229
전주 호텔아이,226
전주 산정동 호텔토랑,226
임실 숨펜션,225
한옥호텔 궁,223
전주 한옥마을 알콩달콩 다락방,219
전주 이카로스,217
전주 호텔폭스,217
전주 어썸호텔,217
전주 엘림호텔,214
전주 한옥마을사랑가득펜션,214
호텔 오페라,214
전주 서신동 투썸스테이,209
전주 중화산동 엘림호텔,207
전주 라베호텔,207
전주 호텔야자 전주터미널점,206
전주 한옥마을 산아래,205
전주 신시가지 타임,204
게스트하우스 전주점,202
전주 하운드호텔 전주아중지구,201
전주 중화산동 알프스,201
전주 스타 호텔,200
전주 산정동 돈키호테 드라이브인,199
전주 엠파이어,199
완주 칸 드라이브인 무인텔(KAN),199
전주 산정동 아리아,199
전주 우아동 필,197
전주 산정동 써밋스테이 호텔,194
전주 여지 게스트하우스,193
전주 하운드호텔 터미널점,182
전주 마리호텔 덕진공원점,182
전주 별자리 한옥스테이,182
전주 신시가지 호텔 아지트,181
전주 중화산동 호텔 루고(RUGO),180
전주 오페라 21,180
아늑호텔 전주점,179
전주 금암동 호텔 K,179
호텔야자 전주터미널점,178
전주 루엘호텔 덕진공원 본점,178
전주 타임,178
전주 마리 호텔,178
전주 한옥마을 별자리,178
전주 씨투,177
전주 한옥마을 한옥고택 고을,176
전주 호텔,175
전주 우아동 호텔 어반스테이 아중점,175
전주 투썸스테이서신점,175
전주 타미호텔,173
전주 중앙동 감영루 한옥텔,172
전주 별자리한옥스테이펜션,171
재즈 어라운드 관광 호텔,170
전주 갤러리스테이,168
전주 그랜드힐스턴 호텔,167
전주 취락당 한옥스테이,167
전주 이가 한옥 본관,165
이비스 스타일 앰배서더호텔 전주,163
전주 호텔다빈,163
전주 뜰안채펜션,160
전주 기린 게스트하우스,160
전주 금암동 황토,159
전주 산정동 테라,159
전주 온고을 한옥스테이,158
베니키아 전주한성호텔,157
전주 정가한옥 & 더정가 스테이,157
전주 한옥마을 경기전 별당채,156
전주 호텔 캐슬,153
전주 신시가지 애플,153
전주 호텔모아,152
전주 한옥마을 꽃밭정원 예쁜집 좋은날,149
전주 정가 한옥,147
전주 우아동 명품 HOTEL,147
전주 경원동 호텔 다빈(HOTEL DAVIN),145
전주 한옥마을 덕수궁 한옥스테이,144
전주 비지니스 호텔 궁,143
전주 경기전별당채펜션,142
전주 에이치에비뉴 덕진점,141
전주 더클래식 바이 호텔원,136
전주 애플모텔,136
전주 우아동 아미르,136
전주 투썸스테이중화산점,135
전주 쉐르빌,134
전주 돈키호테 드라이브인 무인텔,133
전주 한옥마을 한옥미쁨,133
하운드호텔 전주아중지구,132
전주 한옥마을담소황토펜션,131
전주 진북동 경동,130
전주 우아동 첫마중,128
전주 타임 호텔,127
전주 신시가지 호텔 U,127
전주 한옥마을 담소 황토 한옥,126
전주 한옥마을 한옥솔솔,126
전주 에비뉴 호텔,124
전주 우아동 박스호텔,124
전주 데이나이스,124
전주 한옥마을 어울림,123
전주 산정동 NABI(나비),122
전주 산정동 제이브라운 호텔,122
전주 교동살래 한옥스테이,118
전주 금암동 어썸호텔,117
전주 한옥마을 비하녹,116
전주 금암동 로즈마리,115
전주 호텔 객리단길점,113
호텔 아라리,112
화이트 관광호텔,107
전주 코아,106
전주 중화산동 프린스,105
호텔 에코스테이,103
24게스트하우스 전주점,101
전주 도란도란카라반글램핑펜션,101
호텔 바라한,101
전주 영화호텔,99
전주 호텔 아라리,99
전주 낭만시대 게스트하우스,99
전주 루엘호텔 덕진공원본점,97
전주 한옥 몽유화원,97
이비스 스타일 앰배서더 전주,94
전주한옥마을 연우당,94
전주 재즈어라운드호텔,94
전주 라온 호텔,94
전주 동산동 편백,93
완주 혁신도시 드래곤호텔,93
전주 호스텔게스트하우스,93
전주 바른 숙박,93
전주 한옥마을 한지꿀잠,93
블루보트 게스트하우스 전주점,93
전주 별빛쉼터 한옥스테이,92
전주 중화산동 라베호텔(LABE HOTEL),88
전주 씨네마,87
베니키아 전주 한성 호텔,86
위너 호텔,86
전주 산정동 호텔 에이플러스(A+),85
전주 전주한옥마을웨이펜션,84
전주 나비잠한옥호텔,84
전주 우아동 쉐르빌,84
전주 진북동 장미,83
전주 수호텔,82
전주 로니관광호텔,81
전주 비지트호텔(VIZIT),80
전주 한옥마을 꼴 게스트하우스,79
전주 산정동 호텔 샾(Hotel Sharp),79
신라스테이 전주 한옥마을,79
전주 한옥마을 서선야,79
전주 호텔토랑,79
호텔 토랑 전주,76
전주 브라이튼호텔,75
전주 우아동 에이치호텔,75
전주 더 메이 호텔,74
전주 MH HOTEL 객리단길점,74
전주 한옥마을 교동살래,73
전주 우아동 HOTEL SOL(솔),72
전주 한옥마을 어린왕자 게스트하우스,72
전주 한옥호텔 태조궁,72
전주한옥마을 웨이,69
전주 한옥마을 여지 게스트하우스,69
전주 나비,69
전주 호텔 중화산동점,68
전주 서로 한옥펜션,68
전주한옥마을 독채 덕수궁,68
전주 덕진동 H Avenue 전주덕진점(신관),67
전주 금암동 타임,66
전주 한옥마을 소리풍경,65
에이치에비뉴 덕진점,65
전주 이야기펜션,65
전주 더머뭄 한옥스테이,65
전주한옥호텔 태조궁,64
칼튼힐 전주,64
전주 풍남가족호텔 구 풍남관광호텔,62
전주 한옥 황토 편백하우스,62
전주 우아동 임페리얼,62
전주 하루 호텔,61
전주 니어리스트 게스트하우스,61
전주 한옥마을 그리운 집,61
전주 바라한호텔,60
전주 한옥마을 예원당,60
호텔어라이브 전주 시화연풍,59
전주 한옥마을 꽃자리,59
전주 금암동 아늑 료칸호텔 (터미널점),58
전주 중앙동 라온 호텔,58
전주 금암동 신성파크텔,57
전주 원색명화마을,55
전주 투헤븐호텔,55
전주 서선야 한옥스테이,54
전주 다나하루 게스트하우스,53
전주 경기전 별당채 한옥스테이,52
전주 한옥마을 이택구 사랑채,52
전주 한옥마을 장수,52
나비잠한옥호텔,51
전주 한옥마을 다나하루 게스트하우스,51
전주 스테이 호텔(stay),50
전주 블루보트 게스트하우스,50
전주 그리운집 한옥스테이,50
전주 도원 게스트하우스,50
전주 꽃잠펜션,49
전주 별빛궁 한옥스테이,49
전주 한옥마을 교동가온,49
전주 우아동 어제처럼,48
전주 한옥마을 사랑가득,48
전주 중노송동 파인,48
완주 델루나펜션,48
전주 어울림 한옥스테이,48
전주 한옥 영하우스,47
전주 오래된미래 게스트하우스,46
전주 한옥마을 한옥이야기,45
전주 호텔 라임,45
더정가 스테이,45
전주 스마일호텔,44
전주 중화산동 호텔사운즈,44
넘버호텔 전주산정점,43
전주 꽃자리펜션,43
호텔 투썸스테이 전주 서신점,43
전주 우아동 릴렉스호텔,43
전주 서노송동 코아,41
전주 꽃무릇펜션,41
전주 호텔야자 중화산점,40
전주 소담소담펜션,40
전주 나나,39
전주 산정동 하운드호텔 전주아중지구,39
전주 고사동 호텔한성,38
전주 한옥마을 흥부가,38
전주 사랑루 한옥스테이,37
전주 대명여관펜션,37
완주 소풍가는날펜션,37
전주 엑스오 XO 호텔,36
전주 교동가온 한옥스테이,36
전주 한옥마을 취락당,35
전주한옥마을 메종,35
전주 우아동 호텔 늘,35
전주 1928 쉼마루 한옥스테이,35
전주한옥마을 게스트하우스,35
전주 늘품호텔,35
전주 한옥고택고을,34
전주 인트로 호텔,34
MH HOTEL 중화산점,33
전주 고사동 씨네마,33
전주 한옥마을 뜰안채 신관,33
전주 흥부가 한옥스테이,33
전주 사랑가득 한옥스테이,32
전주한옥마을 풍남주택,31
전주 한옥마을덕수궁펜션,31
전주 금암동 아리랑 호텔,31
전주 한옥마을 쉼마루,31
칼튼힐 호텔 전주,31
전주 인터내셔널 호스텔,31
전주한옥마을 아침스테이,30
전주 효자동 캐슬,30
투썸스테이 서신점,30
전주 알지비 게스트하우스,30
전주 제니홈 게스트하우스,30
전주 스테이노트,29
전주 한옥마을 다정 게스트하우스,28
전주한옥마을호텔,28
전주 태평동 케이비호텔,28
전주 한옥마을 감영루,28
전주 한옥마을 고현당,28
전주 산정동 태극,28
전주 별빛궁한옥펜션,27
전주 한옥마을 한옥마당 행랑채,27
전주 아늑료칸호텔 전주점,27
전주 뜰안채 한옥스테이,27
전주 덕진동 타미,27
전주 푸실한옥스테이펜션,27
전주 우아동 맨하탄,26
완주 카리브,25
전주 산정동 료칸호텔-엣지,25
전주 가락청한옥펜션,25
전주 라임 무인텔,25
전주 한옥마을 유정 게스트하우스,24
전주 행복가득 한옥스테이,23
전주 누리봄 게스트하우스,23
전주 해밀 펜션,23
전주 한옥마을비하녹,23
전주 산정동 호텔 레이나,23
전주 전주한옥온유,23
전주 한옥마을 가은채,22
전주한옥마을 독채 덕수궁 별관,22
전주 한옥마을숙박 꿈 한옥스테이,22
전주 행복가득한옥펜션,21
전주 취락당 펜션,21
완주 째즈호텔,21
전주 민트 게스트하우스,21
카누 호텔,21
전주 한옥마을 강령전,20
전주 다정 한옥스테이,20
전주 한옥마당 펜션,20
전주 한옥마을 성심,20
전주 한옥마을 여별,20
스마일호텔,20
익산 하늘숲펜션,20
전주 쑈드라이브인,20
전주 한옥마을장수펜션,19
전주 한옥마을 행복가득,19
전주 한옥 사계,19
전주 꽃자리 한옥스테이,18
전주 한옥 도원,18
김제 라온펜션,17
전주 한옥마을 혜윰,17
전주 두울나비랑 한옥스테이,17
전주 전주이야기펜션,17
전주 소리풍경 한옥스테이,17
전주 하운드호텔 덕진점,16
전주 유정 게스트하우스,16
전주 료칸호텔엣지,16
전주 우아동 월드,16
전주 우아동 수,16
전주 몽유화원 한옥스테이,16
에이치에비뉴호텔 덕진점,16
전주 한옥마을 별빛 쉼터,16
전주 시인과짜몽 게스트하우스,15
전주 독채펜션달빛소리,15
완주 HOTEL ONE,15
전주 서노송동 기린장,15
전주 우아동 올렛,15
전주 우아동 D드라이브인 무인텔,15
전주 한옥 스테이 사라,15
전주 덕진동 연화,14
전주 한옥마을 독채 강령전,14
전주 산정동 큐피트,14
이츠 호텔 전주,14
전주 한옥마을 더정가스테이,14
전주 아침스테이,14
전주한옥마을에 위치한 감성 숙소 전주 안녕 제제 옥상달빛,14
전주 혜윰 한옥스테이,14
전주 영하우스,13
도심속 골목가에 위치한 고즈넉한 분위기 속 편안함 대동고택,13
전주 래미안스테이,13
완주 하늘아래첫집펜션,13
전주 연우당 한옥스테이,13
완주 편백숲이야기펜션,13
전주 향교길선우가펜션,13
전주 하운드호텔 덕진공원점,13
전주 풍남가족호텔(구.풍남관광호텔),13
전주 분 게스트하우스,13
전주 한옥솔솔 스테이,13
전주 한옥 독채 꽃마르트,13
넘버25호텔 전주산정점,12
전주 한옥마을너울가지,12
전주 한옥마을 돌담집 본관,12
전주 안녕제제 게스트하우스,12
전주 스테이리봄,12
전주 어울림게스트하우스,12
전주 여가,12
전주 웨이,12
전주 서서학동 나나,12
전주 한옥마을 고희,12
전주 한옥마을 돌담집 안채,12
전주 스테이 호텔,12
전주 우아동 CF(씨에프),12
전주 한옥마을 숙박 체험관,11
전주한옥마을 온유,11
전주 한옥마을 천년마루,11
한 팀만을 위한 독채한옥 전주 소소정,11
전주 금암동 나라,11
완주 모악펜션,11
전주 한옥마을 돌담집 별관,11
전주 금암동 가온텔,11
한옥마을 내 위치한 독채 한옥 숙소 참다원,11
완주 숲속의정원펜션,10
전주 중화산동 파라다이스,10
전주 한옥이야기 스테이,10
전주 한옥마을 달빛향,10
전주 금암동 쇼 드라이브인,10
전주한옥마을 예술가의집 시간무늬,10
전주 푸른솔펜션,10
전주 한옥마을 뜰안채 본관,10
전주 테오리아,10
별둘 자쿠지 독채 펜션,10
전주 가인,10
전주 그네 한옥스테이,10
전주 호텔 포레,10
전주 그림 한옥스테이,9
반려동물 동반 가능 독채 감성숙소 향교길선우가,9
전주 소리풍경 펜션,9
전주 인후동 라임 무인텔,9
전주 예원당 한옥스테이,9
전주 중화산동 루이,9
전주 한옥마을 분 게스트하우스,9
전주한옥마을 하늘기와,8
전주 천년의아침 한옥스테이,8
전주 호텔 투썸스테이 중화산점,8
전주 한옥마을 한옥마당 본채,8
평 예쁘고 넓은 마음엔뜰 독채 숙소 전주 마음엔뜰,8
전주 한옥마을돼지꿈한옥펜션,8
전주 그리고봄 독채펜션,7
호텔 시그니처 중화산동점,7
전주 한옥마을 그림 게스트하우스,7
전주한옥마을 알지비 게스트하우스,7
전주 좋은날한옥펜션,7
전주 한옥마을하늘애한옥펜션,7
전주한옥마을에 위치한 감성 숙소 전주 안녕 제제 아침고요,7
아늑료칸호텔 전주점,7
전주 단경펜션,7
전주 한옥마을 건축문화상 수상한 이가한옥 펜션,7
전주 한옥고희펜션,7
전주 이오당펜션,7
전주 대명여관 게스트하우스,7
전주 한옥마당 스테이,7
전주 한옥다락 스테이 1호점,6
전주 더정가스테이,6
전주한옥마을 도화서가 스테이 독채펜션,6
완주 휴 모텔,6
전주 한옥마을 한옥독채풀빌라스테이소월,6
전주 한옥마을 가원당,6
전주 푸실 한옥펜션,6
전주한옥마을 김명옥 별장펜션,6
전주 스페이스셔틀,6
전주 중화산동 포레 호텔,6
전주 톡 게스트하우스,6
전주 들꽃사랑채펜션,5
전주 태조마루 한옥스테이,5
전주 사랑나무한옥펜션,5
전주 한옥마루펜션,5
전주 한옥숙박체험관,5
전주 중화산동 호텔 시그니처,5
전주 천동로선우가,5
전주 푸른요람 한옥스테이,5
전주 풍류가옥,5
대형 샹들리에가 설치된 층 독채 전주 줄리앤소피하우스,5
전주 천년의아침,5
전주 한옥마을 오목헌,5
전주한옥마을 나성하우스,5
전주 포레스트그릴 글램핑,5
전주 인후동 뉴하얏트,5
전주 아침정원 게스트하우스,5
전주 우아동 레드,5
전주 한옥이야기펜션,5
전주 우아동 블랙스톤,4
전주 청사초롱 태조로점,4
전주 소소정,4
전주 가원당 한옥스테이,4
전주 한옥미쁨펜션,4
전주 한옥펜션 첼로네,4
전주 명문가 한옥스테이,4
전주 앤 게스트하우스,4
완주 편백숲황토펜션,4
전주한옥마을에 위치한 감성 숙소 전주 안녕 제제 제제의 미학,4
전주 한옥마을 하늘풍경,4
전주 한옥마을 푸른요람,4
전주한옥마을에 위치한 감성 숙소 전주 안녕 제제 다시 봄,4
전주 달빛향펜션,4
전주 한옥스테이 까치,4
전주한옥마을에 위치한 감성 숙소 전주 안녕 제제 제제,4
전주 그여자네집 독채펜션,4
전주한옥마을 서학의 아침 펜션,4
전주한옥마을숙박 향촌 펜션,4
전주 은행로 86.2 게스트하우스,3
전주 라온 꿀잠 한옥스테이,3
전주 신시가지 스테이호텔,3
전주 천년의아침한옥펜션,3
전주 윈,3
전주 한옥독채 하현,3
전주 한옥마을 너울가지,3
전주 그날을담다,3
전주한옥마을 다락,3
전주한옥마을 독채 덕수궁 관,3
전주 풍류헌 한옥고택 독채,3
전주 한옥솔솔펜션,3
전주 자요 게스트하우스,3
전주 금암동 스카이쇼1 무인텔,3
전주 부경당 한옥스테이,3
전주 별둘 자쿠지 독채 펜션,3
전주 교동외갓집 한옥스테이,3
전주 우아동 우아장,3
전주 메이드호텔,3
전주 한옥마을 뜨레가,3
전주 한옥마을 다래헌,3
전주 스테이 일상이상,3
전주 궁호텔,3
전주 한옥마을 한옥숙박예쁘다펜션,3
전주 교동백작 한옥스테이,2
전주 제인당풍남동점펜션,2
전주 한옥토박이펜션,2
완주 그린파크장,2
전주 별하 게스트하우스,2
전주 좋은날 한옥스테이,2
전주 꽃마르트 한옥스테이,2
전주 한옥마을 가족한옥숙소 하록당,2
전주 한옥마을 나무그늘펜션,2
전주한옥마을 공간의미 독채펜션,2
전주 한옥마을김명옥숙박문화관펜션,2
전주 한옥마을 풍경게스트앤호텔,2
전주 한옥마을 독채 한옥스테이 선물,2
전주 와이케이 호텔,2
전주 한옥마을서쪽독채펜션,2
전주 한옥마을 서쪽 독채,2
팀만 이용 가능한 단독 독채 숙소 전주한옥마을 독채 재우성,2
전주한옥마을에 위치한 감성 숙소 전주 안녕 제제 온돌방,2
전주한옥마을 달달잠 독채 펜션,2
전주 가락청 게스트하우스,2
호텔 루고,2
고즈넉한 그때가 당신의 기억에 머물 즈음 전주 무렵,2
전주 달달잠 한옥스테이,2
전주 휴게스트하우스,2
전주 한옥마을이화고택펜션,2
전주 참다원펜션,2
전주 한옥마을풍남헌고택펜션,2
전주 색동저고리 펜션,2
전주 우아동 청담,2
전주 별하게스트하우스펜션,2
전주 대성정담한옥펜션,2
전주 한옥고희,2
전주 백희게스트하우스펜션,2
전주 우아동 인터네셔널 호스텔,2
전주 어린왕자게스트하우스,2
전주 한옥마을 예당한옥펜션,2
전주 한옥마을숙박 가인당 안채,2
전주 다정한옥펜션,2
전주 별빛쉼터게스트하우스,2
전주 진북동 하얀,2
전주 한옥마을 호스텔 Ark,2
완주 S 모텔,2
전주 한옥마루 게스트하우스,2
전주 고사동 게스트하우스,2
전주 태조마루펜션,1
전주 한옥마을 네스트175 자쿠지 독채펜션,1
전주 한옥마을 STAY윤슬 독채펜션,1
전주 우아동 jazz around 호텔,1
전주 덕진동 호텔히든(HOTEL HIDDEN),1
전주 예술인의집마담초이펜션,1
전주 가은채펜션,1
전주 한옥마을 경복궁,1
전주 한옥마을숙박 가인당,1
전주 어사화 한옥스테이,1
전주 성심게스트하우스펜션,1
전주 선물 한옥스테이,1
전주 가은채2펜션,1
전주 시간무늬펜션,1
전주 한옥마을 산민재펜션,1
전주 게스트하우스휴펜션,1
전주 똘랑코티지한옥독채펜션,1
전주 한옥마을 예술가의집 시간무늬펜션,1
전주 한옥마을 근수네초가집펜션,1
전주 자만재,1
전주 강령전게스트하우스펜션,1
전주 한옥마을금원당한옥펜션,1
전주 경원동 뜰안채,1
전주한옥마을 독채 수,1
전주한옥마을 달님 게스트하우스,1
전주한옥마을 자만재,1
전주 나루 스테이한옥 독채 전주한옥마을,1
전주 스테이 여유,1
년 신축한 전주한옥마을 내 독채숙소 스테이 선선 산들,1
전주 다래헌 한옥스테이,1
전주 산야초 한옥스테이,1
전주 엣지호텔,1
전주 사계한옥 스테이,1
전주 다나하루 게스트하우스펜션,1
전주 제니홈 전주게스트하우스펜션,1
전주 봄날,1
전주 우아동 모로코,1
"전주 봄,하루",1
전주 퐁당 한옥스테이,1
전주 한옥마을 달달잠독채펜션,1
전주 청나루한옥펜션,1
전주한옥마을 독채덕수궁,1
전주 인터내셔널호스텔펜션,1
전주 동락원 한옥스테이,1
전주 어사화,1
전주 교동 알지비게스트하우스,1
전주 한옥마을 풍남주택펜션,1
전주 한옥마을 가인당 안채,1
년 신축한 전주한옥마을 내 독채숙소 스테이 선선 하늬,1
전주 비지니스 궁 호텔,1
전주 블루원호텔,1
전주 스타호텔,1
전주 교동가온펜션,1
전주 달님 게스트하우스,1
전주 한옥마을홍시한옥펜션,1
