id,name,nickname,review_content,rating,write_date,source,교정된 내용,맞춤법 오류수y_57_165,전주 호텔아이,바이돈,요즘 사진 기술이 좋아수 그런가 사진처럼 생각하면 실망 하실거에요 그냥 잫 정돈 되어 있고 적당한 공간에 하루 쉬어 가는데는 불편하지 않을 정도 장점은 주변에 술집 맛집이 많아 밤 늦게까지 놀소 걸어 들어갈수 있어 자면 된다는 젤 큰 장점,4,2024-07,y,요즘 사진 기술이 좋아 수 그런가 사진처럼 생각하면 실망하실 거예요 그냥 잫 정돈되어 있고 적당한 공간에 하루 쉬어 가는 데는 불편하지 않을 정도 장점은 주변에 술집 맛집이 많아 밤늦게까지 놀소 걸어 들어갈 수 있어 자면 된다는 젤 큰 장점,7
y_57_166,전주 호텔아이,khoug11,사진과 너무다른 노후시설 에어컨도 안시원해서 땀흘리고쟘 근데 사진이랑 너무다른거 아닌가요,2,2025-05,y,사진과 너무 다른 노후시설 에어컨도 안 시원해서 땀 흘리고 잼 근데 사진이랑 너무 다른 거 아닌가요,4
y_57_167,전주 호텔아이,단양팔경캐스터,사장님이 너무 친절하셔서 좋았어요 방이랑 화장실도 깔끔하게 정리되있어서 괜찮더라고요 크기도 작지않고 넓찍하게 되있어서 사용하기에 편했던 것 같아요 주차 할 공간도 마련되있어서 편하게 이용할수 있더라고요,5,2024-07,y,사장님이 너무 친절하셔서 좋았어요 방이랑 화장실도 깔끔하게 정리돼있어서 괜찮더라고요 크기도 작지 않고 널찍하게 돼있어서 사용하기에 편했던 것 같아요 주차할 공간도 마련돼있어서 편하게 이용할 수 있더라고요,7
y_57_168,전주 호텔아이,8143403,깨끗하고 좋아요 또이용할께요,3,2025-05,y,깨끗하고 좋아요 또 이용할게요,1
y_57_169,전주 호텔아이,호로록여긴어때,친절해요 직원분들이 너무 좋아요,3,2025-05,y,친절해요 직원분들이 너무 좋아요,0
y_57_173,전주 호텔아이,남색서바이벌조교,생각보다 쾌적하고 넓어서 좋았어요 전체적으로 깔끔한 편이긴 한데 바닥은 조금 끈적거려서 슬리퍼 신고 다녔습니다 그리고 조금 아쉬웠던 점은 베게가 한개씩 밖에 없어서 아쉬웠네요 나머진 만족,5,2024-07,y,생각보다 쾌적하고 넓어서 좋았어요 전체적으로 깔끔한 편이긴 한데 바닥은 조금 끈적거려서 슬리퍼 신고 다녔습니다 그리고 조금 아쉬웠던 점은 베개가 한 개씩 밖에 없어서 아쉬웠네요 나머진 만족,2
y_57_174,전주 호텔아이,백세살코끼리,방이 진짜 넓어요 신시가지쪽에서 가장 저렴하고 그에반해 시설이 너무 깨끗하고 로비랑 카운터쪽 엘베 향들이 너무 좋더라구요 항시 관리를 잘 하시나봐요 숙소 방 안 냄새도 안나고 들어가자마자 무지 깔끔하고 넓고 화장실도 세면대샤워실욕조 다 따로있고 사진그대로더라구요 수압도 좋고 물도 따듯한물 금방 잘 나와요 변기는 비데였구요 물 내릴때 초이상 뉴르라는 멘트가있는데 꼭 지켜서 눌러주세요 한 초뉴르고 떼면 잘 내려가더라구요 그게아니면 잘 안내려갈수있어요 전체적으로 깔끔하고 일회용품 구비도 잘 되어있고 물음료도 기본으로 잘 비치되오있더라구요 층로비에 냉장고 따로있어서 물음료 다 따로 필요시 챙겨도되고 토스트기도 있도라구요 주차장도 적당히 넓었고요 전기장판도 잘 된답니다 보일러를 빵빵히 잘 틀어주셔서 그런가 아주 따듯했어요 그리고 잠시 낮에 외출다녀온동안 방 청소도 해놔주셨더라구요 싹 리필해놔주시고 해달라는말 따로 안하고 묻지도 않으시긴했는데 해놔주셔서 놀랬네용 서비스도 친절도 시설도 최고네요 정말 잘 쉬었다 갑니다 너무 편안해서 대실까지해서 쉬다 갑니다,5,2024-07,y,방이 진짜 넓어요 신시가지쪽에서 가장 저렴하고 그에반해 시설이 너무 깨끗하고 로비랑 카운터쪽 엘베 향들이 너무 좋더라구요 항시 관리를 잘 하시나봐요 숙소 방 안 냄새도 안나고 들어가자마자 무지 깔끔하고 넓고 화장실도 세면대샤워실욕조 다 따로있고 사진그대로더라구요 수압도 좋고 물도 따듯한물 금방 잘 나와요 변기는 비데였구요 물 내릴때 초이상 뉴르라는 멘트가있는데 꼭 지켜서 눌러주세요 한 초뉴르고 떼면 잘 내려가더라구요 그게아니면 잘 안내려갈수있어요 전체적으로 깔끔하고 일회용품 구비도 잘 되어있고 물음료도 기본으로 잘 비치되오있더라구요 층로비에 냉장고 따로있어서 물음료 다 따로 필요시 챙겨도되고 토스트기도 있도라구요 주차장도 적당히 넓었고요 전기장판도 잘 된답니다 보일러를 빵빵히 잘 틀어주셔서 그런가 아주 따듯했어요 그리고 잠시 낮에 외출다녀온동안 방 청소도 해놔주셨더라구요 싹 리필해놔주시고 해달라는말 따로 안하고 묻지도 않으시긴했는데 해놔주셔서 놀랬네용 서비스도 친절도 시설도 최고네요 정말 잘 쉬었다 갑니다 너무 편안해서 대실까지해서 쉬다 갑니다,-1
y_57_175,전주 호텔아이,번들번들한비서,가성비 좋아요가성비 가성비 좋아요가성비 좋아요가성비 좋아요 좋아요가성비 좋아요가성비 좋아요가성비 좋아요가성비 좋아요가성비 좋아요 좋아요가성비 좋아요가성비 좋아요가성비 좋아요 좋아요가성비 좋아요가성비 좋아요 다음에 또 방문할게요,5,2025-05,y,가성비 좋아요가 성비 가성비 좋아요가 성비 좋아요가 성비 좋아요 좋아요가 성비 좋아요가 성비 좋아요가 성비 좋아요가 성비 좋아요가 성비 좋아요 좋아요가 성비 좋아요가 성비 좋아요가 성비 좋아요 좋아요가 성비 좋아요가 성비 좋아요 다음에 또 방문할게요,13
y_57_176,전주 호텔아이,백세살코끼리,방이 진짜 넓어요 신시가지쪽에서 가장 저렴하고 그에반해 시설이 너무 깨끗하고 로비랑 카운터쪽 엘베 향들이 너무 좋더라구요 항시 관리를 잘 하시나봐요 숙소 방 안 냄새도 안나고 들어가자마자 무지 깔끔하고 넓고 화장실도 세면대샤워실욕조 다 따로있고 사진그대로더라구요 수압도 좋고 물도 따듯한물 금방 잘 나와요 변기는 비데였구요 물 내릴때 초이상 뉴르라는 멘트가있는데 꼭 지켜서 눌러주세요 한 초뉴르고 떼면 잘 내려가더라구요 그게아니면 잘 안내려갈수있어요 전체적으로 깔끔하고 일회용품 구비도 잘 되어있고 물음료도 기본으로 잘 비치되오있더라구요 층로비에 냉장고 따로있어서 물음료 다 따로 필요시 챙겨도되고 토스트기도 있도라구요 주차장도 적당히 넓었고요 전기장판도 잘 된답니다 보일러를 빵빵히 잘 틀어주셔서 그런가 아주 따듯했어요 그리고 잠시 낮에 외출다녀온동안 방 청소도 해놔주셨더라구요 싹 리필해놔주시고 해달라는말 따로 안하고 묻지도 않으시긴했는데 해놔주셔서 놀랬네용 서비스도 친절도 시설도 최고네요 정말 잘 쉬었다 갑니다,5,2024-07,y,방이 진짜 넓어요 신시가지쪽에서 가장 저렴하고 그에반해 시설이 너무 깨끗하고 로비랑 카운터쪽 엘베 향들이 너무 좋더라구요 항시 관리를 잘 하시나봐요 숙소 방 안 냄새도 안나고 들어가자마자 무지 깔끔하고 넓고 화장실도 세면대샤워실욕조 다 따로있고 사진그대로더라구요 수압도 좋고 물도 따듯한물 금방 잘 나와요 변기는 비데였구요 물 내릴때 초이상 뉴르라는 멘트가있는데 꼭 지켜서 눌러주세요 한 초뉴르고 떼면 잘 내려가더라구요 그게아니면 잘 안내려갈수있어요 전체적으로 깔끔하고 일회용품 구비도 잘 되어있고 물음료도 기본으로 잘 비치되오있더라구요 층로비에 냉장고 따로있어서 물음료 다 따로 필요시 챙겨도되고 토스트기도 있도라구요 주차장도 적당히 넓었고요 전기장판도 잘 된답니다 보일러를 빵빵히 잘 틀어주셔서 그런가 아주 따듯했어요 그리고 잠시 낮에 외출다녀온동안 방 청소도 해놔주셨더라구요 싹 리필해놔주시고 해달라는말 따로 안하고 묻지도 않으시긴했는데 해놔주셔서 놀랬네용 서비스도 친절도 시설도 최고네요 정말 잘 쉬었다 갑니다,-1
y_57_177,전주 호텔아이,이쁘디이쁜야자수,주변 모텔보다 가격이 저렴하고 편의점도 가깝습니다 먹자골목도 가까워서 좋아요 방도 너무 따뜻하게 잘 해주셔서 불편함 없이 이용했고 침대가 너무 푹신해서좋아요 그리고 지하주차장이 넓어서 잘 이용했습니다 청결 또한 깨끗하구요,5,2024-07,y,주변 모텔보다 가격이 저렴하고 편의점도 가깝습니다 먹자골목도 가까워서 좋아요 방도 너무 따뜻하게 잘 해주셔서 불편함 없이 이용했고 침대가 너무 푹신해서 좋아요 그리고 지하주차장이 넓어서 잘 이용했습니다 청결 또한 깨끗하고요,2
y_57_178,전주 호텔아이,까칠하게굴지마,출장으로 방문하여 연박하였는데요 내부 인테리어도 만족스러웠고 내부 청결상태도 좋고 주차도 지하주차장이 따로 있어서 문제 없이 잘 지냈습니다 주변에 먹을 곳이 많아서 위치로도 좋네요,5,2024-07,y,출장으로 방문하여 연 박 대였는데요 내부 인테리어도 만족스러웠고 내부 청결상태도 좋고 주차도 지하주차장이 따로 있어서 문제없이 잘 지냈습니다 주변에 먹을 곳이 많아서 위치로도 좋네요,2
y_57_179,전주 호텔아이,내꿈은너야밍지야,친절한 관리자님 계시고 주차도 편하게 했습니다 주차공간이 넓어 좋았습니다 룸 컨디션 너무 좋네요 무엇보다 넓어서 답답한 느낌이 없어 편안하게 쉬었네요 객실안에 스파도 할수 있고 샤워실도 따로 있어서 씻는거 까지 편했습니다 티비도 커서 쉬면서 영화나 드라마도 볼맛 나네요 객실 환기도 잘되고 조명 같은 부분도 부분부분 있어 밝은게 싫은 저에겐 필요한 조명만 킬수 있어 좋았네요 침대옆에 커튼도 있어서 약간 분리된 공간 느낌도 있네요 아니 아늑한 느낌이라고 할까요 아침에는 간단하게 식빵에 잼 그리고 커피도 마실수 있게 층 로비에 구비가 되어 있구요 객실안 냉장고 안에 음료가 가득 하지만 층에 음료가 더 배치되어 있어 서비스가 아주 좋았습니다,4,2024-07,y,친절한 관리자님 계시고 주차도 편하게 했습니다 주차공간이 넓어 좋았습니다 룸 컨디션 너무 좋네요 무엇보다 넓어서 답답한 느낌이 없어 편안하게 쉬었네요 객실 안에 스파도 할 수 있고 샤워실도 따로 있어서 씻는 거까지 편했습니다 티브이도 커서 쉬면서 영화나 드라마도 볼 맛 나네요 객실 환기도 잘되고 조명 같은 부분도 부분부분 있어 밝은 게 싫은 저에겐 필요한 조명만 킬 수 있어 좋았네요 침대 옆에 커튼도 있어서 약간 분리된 공간 느낌도 있네요 아니 아늑한 느낌이라고 할까요 아침에는 간단하게 식빵에 잼 그리고 커피도 마실 수 있게 층 로비에 구비가 되어 있고요 객실 안 냉장고 안에 음료가 가득하지만 층에 음료가 더 배치되어 있어 서비스가 아주 좋았습니다,12
y_57_181,전주 호텔아이,민아민쓰,처음으로 신시가지 쪽으로 방문해보았는데 숙소는 넓고 괜찮은데 충전기나 이런건 원래 숙소안에 없나봐요 아님 안내데스크에서 처음부터 받아와야하는건가요 다른곳은 기본으로 다 있는데 침대나 이런건 푹신하니괜찮았구 생각보다 숙소는 깨끗하게 잘되여있었구 주위에 먹거리나 술집도 많고 번화가 쪽이다보니 편할거같아요 아 단점은 방음이 좀 덜되는지 좀 시끄러운 빼고는 괜찮은거같습니다 주차장도 차있으면 근처 공용주차장있으니 이용하시는것도 좋을거 같아요 편히쉬다가요,5,2024-07,y,처음으로 신시가지 쪽으로 방문해 보았는데 숙소는 넓고 괜찮은데 충전기나 이런 건 원래 숙소 안에 없나 봐요 아님 안내 데스크에서 처음부터 받아와야 하는 건가요 다른 곳은 기본으로 다 있는데 침대나 이런 건 푹신하니 괜찮았고 생각보다 숙소는 깨끗하게 잘 돼요 있었고 주위에 먹거리나 술집도 많고 번화가 쪽이다 보니 편할 거 같아요 아 단점은 방음이 좀 덜 되는지 좀 시끄러운 빼고는 괜찮은 거 같습니다 주차장도 차있으면 근처 공용주차장 있으니 이용하시는 것도 좋을 거 같아요 편히 쉬다가 요,18
y_57_182,전주 호텔아이,클바,이곳만 번째 이용입니다 친구가 전주에 올때 한번 잡아줘서 알게됐는데요 그담부터는 저도 전주에 올때마다 이용하곤 합니다 청결 나쁘지 않고 좋고요 춥지 않고 정기장판도 있어서 추위 잘타는 저는 좋아요 카운터에 계시는 분도 친절하시고요 침구상태도 더럽지 않고 좋네요 들어오면 좁다는 느낌도 없고 냄새도 나지 않고 위치적으로도 좋습니다 담에도 전주 내려올때 또 사용할게요,5,2024-07,y,이곳만 번째 이용입니다 친구가 전주에 올 때 한번 잡아줘서 알게 됐는데요 그 담부터는 저도 전주에 올 때마다 이용하곤 합니다 청결 나쁘지 않고 좋고요 춥지 않고 전기장판도 있어서 추위 잘 타는 저는 좋아요 카운터에 계시는 분도 친절하시고요 침구 상태도 더럽지 않고 좋네요 들어오면 좁다는 느낌도 없고 냄새도 나지 않고 위치적으로도 좋습니다 담에도 전주 내려올 때 또 사용할게요,8
y_57_183,전주 호텔아이,피고나다,신시가지 숙소 잡을일 있으면 무조건 여기로 잡아요 침대도 편하고 시설이 전체적으로 다 깔끔합니다 주차도 실 주차고 지하주차장도 있어요 주변에 다른 여러 숙소들 많이 방문 해봤는데 호텔아이가 제일 편하고 좋아요 신시가지 숙소 잡을일 있으면 무조건 여기로 잡아요 침대도 편하고 시설이 전체적으로 다 깔끔합니다 주차도 실 주차고 지하주차장도 있어요 주변에 다른 여러 숙소들 많이 방문 해봤는데 호텔아이가 제일 편하고 좋아요 신시가지 숙소 잡을일 있으면 무조건 여기로 잡아요 침대도 편하고 시설이 전체적으로 다 깔끔합니다,5,2024-07,y,신시가지 숙소 잡을 일 있으면 무조건 여기로 잡아요 침대도 편하고 시설이 전체적으로 다 깔끔합니다 주차도 실 주차고 지하주차장도 있어요 주변에 다른 여러 숙소들 많이 방문해 봤는데 호텔아이가 제일 편하고 좋아요 신시가지 숙소 잡을 일 있으면 무조건 여기로 잡아요 침대도 편하고 시설이 전체적으로 다 깔끔합니다 주차도 실 주차고 지하주차장도 있어요 주변에 다른 여러 숙소들 많이 방문해 봤는데 호텔아이가 제일 편하고 좋아요 신시가지 숙소 잡을 일 있으면 무조건 여기로 잡아요 침대도 편하고 시설이 전체적으로 다 깔끔합니다,5
y_57_184,전주 호텔아이,하루를머물며,숙소 컨디션은 아주 좋습니다 편안하게 쉴수가 있습니다 로비부터 깔끔하고 넓은공간이 맞이해줍니다 로비 냉장고에 생수 음료 비치되어 있습니다 방은 무지 넓어요 침대는 포근하고 따뜻하고 방실내도 온기가 따뜻하게 유지되어 춥지않고 좋아요 침구류도 깨끗하게 정리정돈 되어 있고 포근한 느낌을 주는 침구라 더 좋아요전기장판도 있네요 욕실은 넓으며 욕조도 큰 사이즈라 피로를 풀기도 좋아요 뜨거운 온수도 잘 나와요 주차공간은 지하에도 있고 층에도 있어서 공간이 넉넉해서 주차도 편하게 할수있는 곳입니다 주변에 편이점 식당들도 많아서 편리합니다,5,2024-07,y,숙소 컨디션은 아주 좋습니다 편안하게 쉴 수가 있습니다 로비부터 깔끔하고 넓은 공간이 맞이해줍니다 로비 냉장고에 생수 음료 비치되어 있습니다 방은 무지 넓어요 침대는 포근하고 따뜻하고 방을 내도 온기가 따뜻하게 유지되어 춥지 않고 좋아요 침구류도 깨끗하게 정리 정돈되어 있고 포근한 느낌을 주는 침구라 더 좋아요 전기장판도 있네요 욕실은 넓으며 욕조도 큰 사이즈라 피로를 풀기도 좋아요 뜨거운 온수도 잘 나와요 주차공간은 지하에도 있고 층에도 있어서 공간이 넉넉해서 주차도 편하게 할 수 있는 곳입니다 주변에 편의점 식당들도 많아서 편리합니다,8
y_57_186,전주 호텔아이,바다가즈,주차장도 넓고 시설도 깨끗해요 특히 방이 엄청 넓고 욕조도 밖에 있어서 목욕하면서 티비 보니 너무 좋았습니다 강추합니다 다시 또 오도록 할게요 주차장도 넓고 시설도 깨끗해요 특히 방이 엄청 넓고 욕조도 밖에 있어서 목욕하면서 티비 보니 너무 좋았습니다 강추합니다 다시 또 오도록 할게요 주차장도 넓고 시설도 깨끗해요 특히 방이 엄청 넓고 욕조도 밖에 있어서 목욕하면서 티비 보니 너무 좋았습니다 강추합니다 다시 또 오도록 할게요,5,2024-07,y,주차장도 넓고 시설도 깨끗해요 특히 방이 엄청 넓고 욕조도 밖에 있어서 목욕하면서 티브이 보니 너무 좋았습니다 강추합니다 다시 또 오도록 할게요 주차장도 넓고 시설도 깨끗해요 특히 방이 엄청 넓고 욕조도 밖에 있어서 목욕하면서 티브이 보니 너무 좋았습니다 강추합니다 다시 또 오도록 할게요 주차장도 넓고 시설도 깨끗해요 특히 방이 엄청 넓고 욕조도 밖에 있어서 목욕하면서 티브이 보니 너무 좋았습니다 강추합니다 다시 또 오도록 할게요,3
y_57_187,전주 호텔아이,피고나다,와우 꿀잠잤네요 침대 집에 가져가고싶어요 전체적으로 다 좋았어요 깔끔하고 단 객실내에 있는 의자끄는소리가 크게들려요 많이 신경쓰이는 부분은 아니지만 다른게 전체적으로 다 좋으니 잘 들리더라구요 의자 다리에 뭔가 씌우면 좋을거같아요 소음방지를위해 잘 쉬다갑니당 다음에 또 이용할게요 와우 꿀잠잤네요 침대 집에 가져가고싶어요 전체적으로 다 좋았어요 깔끔하고 단 객실내에 있는 의자끄는소리가 크게들려요 많이 신경쓰이는 부분은 아니지만 다른게 전체적으로 다 좋으니 잘 들리더라구요 의자 다리에 뭔가 씌우면 좋을거같아요 소음방지를위해 잘 쉬다갑니당 다음에 또 이용할게요,5,2024-07,y,와우 꿀잠 잤네요 침대 집에 가져가고 싶어요 전체적으로 다 좋았어요 깔끔하고 단 객실 내에 있는 의자 끄는 소리가 크게 들려요 많이 신경 쓰이는 부분은 아니지만 다른게 전체적으로 다 좋으니 잘 들리더라고요 의자 다리에 뭔가 씌우면 좋을 거 같아요 소음방지를 위해 잘 쉬다 갑니다 다음에 또 이용할게요 와우 꿀잠 잤네요 침대 집에 가져가고 싶어요 전체적으로 다 좋았어요 깔끔하고 단 객실 내에 있는 의자 끄는 소리가 크게 들려요 많이 신경 쓰이는 부분은 아니지만 다른게 전체적으로 다 좋으니 잘 들리더라고요 의자 다리에 뭔가 씌우면 좋을 거 같아요 소음방지를 위해 잘 쉬다 갑니다 다음에 또 이용할게요,20
y_57_188,전주 호텔아이,이쏘뚜정,화장실에서 담배냄새가 너무나서 아이가 조금 불편하긴했지만 청결도나 시설은 모두 만족합니다,4,2024-07,y,화장실에서 담배 냄새가 너무 나서 아이가 조금 불편하긴 했지만 청결도 나 시설은 모두 만족합니다,4
y_57_189,전주 호텔아이,haran7,신시가지에서 가격대비 괜찮은 곳입니다 욕조있는 방을 선호하는데 중요한건 버블이 없으용 아참 가운도 없음 참고바람 나머지는 다 괜츈함,4,2024-07,y,신시가지에서 가격 대비 괜찮은 곳입니다 욕조 있는 방을 선호하는데 중요한 건 버블이 없으용 아참 가운도 없음 참고 바람 나머지는 다 괜츈함,6
y_57_190,전주 호텔아이,피고나다,전주 신시가지 숙소 이용할때마다 이곳 이용중 입니다 쾌적하고 깨끗하며 넓고 만족합니다 또 이용할게요 전주 신시가지 숙소 이용할때마다 이곳 이용중 입니다 쾌적하고 깨끗하며 넓고 만족합니다 또 이용할게요 전주 신시가지 숙소 이용할때마다 이곳 이용중 입니다 쾌적하고 깨끗하며 넓고 만족합니다 또 이용할게요 전주 신시가지 숙소 이용할때마다 이곳 이용중 입니다 쾌적하고 깨끗하며 넓고 만족합니다 또 이용할게요 전주 신시가지 숙소 이용할때마다 이곳 이용중 입니다 쾌적하고 깨끗하며 넓고 만족합니다 또 이용할게요,5,2024-07,y,전주 신시가지 숙소 이용할 때마다 이곳 이용 중입니다 쾌적하고 깨끗하며 넓고 만족합니다 또 이용할게요 전주 신시가지 숙소 이용할 때마다 이곳 이용 중입니다 쾌적하고 깨끗하며 넓고 만족합니다 또 이용할게요 전주 신시가지 숙소 이용할 때마다 이곳 이용 중입니다 쾌적하고 깨끗하며 넓고 만족합니다 또 이용할게요 전주 신시가지 숙소 이용할 때마다 이곳 이용 중입니다 쾌적하고 깨끗하며 넓고 만족합니다 또 이용할게요 전주 신시가지 숙소 이용할 때마다 이곳 이용 중입니다 쾌적하고 깨끗하며 넓고 만족합니다 또 이용할게요,10
y_57_191,전주 호텔아이,뭐라카노이노무시키야,프론트 사장님 정말 친절하십니다 침구류 깨끗하고 에어컨 잘나오고 따뜻한물잘나오고 수압좋아요 전체적으로 대만족입니다,5,2024-07,y,프런트 사장님 정말 친절하십니다 침구류 깨끗하고 에어컨 잘 나오고 따뜻한 물 잘 나오고 수압 좋아요 전체적으로 대만족입니다,4
y_57_192,전주 호텔아이,토익위원회김남호,전주 신시가지 쾌적한 숙소입니다 사장님 친절하시고 방도 넓고 좋았습니다,4,2024-07,y,전주 신시가지 쾌적한 숙소입니다 사장님 친절하시고 방도 넓고 좋았습니다,0
y_57_193,전주 호텔아이,감자122,다 좋았는데 담배 찌든 내 나고 오전에 퇴실 한시간 전에 씻으려는데 따뜻한 물이 안나오더라구요 찬물로 씻었어요 이건 바램인데 숙소에 충전기도 있으면 좋겠네요 아마 카운터에 있을텐데 전화하기도 가지러가기도 귀찮았어요 나머진 다 좋았어요 다 좋았는데 담배 찌든 내 나고 오전에 퇴실 한시간 전에 씻으려는데 따뜻한 물이 안나오더라구요 찬물로 씻었어요 이건 바램인데 숙소에 충전기도 있으면 좋겠네요 아마 카운터에 있을텐데 전화하기도 가지러가기도 귀찮았어요 나머진 다 좋았어요,4,2024-07,y,다 좋았는데 담배 찌든 내 나고 오전에 퇴실 한 시간 전에 씻으려는데 따뜻한 물이 안 나오더라고요 찬물로 씻었어요 이건 바람인데 숙소에 충전기도 있으면 좋겠네요 아마 카운터에 있을 텐데 전화하기도 가지러 가기도 귀찮았어요 나머진 다 좋았어요 다 좋았는데 담배 찌든 내 나고 오전에 퇴실 한 시간 전에 씻으려는데 따뜻한 물이 안 나오더라고요 찬물로 씻었어요 이건 바람인데 숙소에 충전기도 있으면 좋겠네요 아마 카운터에 있을 텐데 전화하기도 가지러 가기도 귀찮았어요 나머진 다 좋았어요,10
y_57_194,전주 호텔아이,피고나다,일단 침구류 너무 좋아요 좀 피곤한 상태였는데 너무 잘잤습니다 깨끗하고 쾌적합니다 조용하고 너무 편하게있다가요 재방문 의사 일단 침구류 너무 좋아요 좀 피곤한 상태였는데 너무 잘잤습니다 깨끗하고 쾌적합니다 조용하고 너무 편하게있다가요 재방문 의사 일단 침구류 너무 좋아요 좀 피곤한 상태였는데 너무 잘잤습니다 깨끗하고 쾌적합니다 조용하고 너무 편하게있다가요 재방문 의사 일단 침구류 너무 좋아요 좀 피곤한 상태였는데 너무 잘잤습니다 깨끗하고 쾌적합니다 조용하고 너무 편하게있다가요 재방문 의사,5,2024-07,y,일단 침구류 너무 좋아요 좀 피곤한 상태였는데 너무 잘 잤습니다 깨끗하고 쾌적합니다 조용하고 너무 편하게 있다가 요 재방문 의사 일단 침구류 너무 좋아요 좀 피곤한 상태였는데 너무 잘 잤습니다 깨끗하고 쾌적합니다 조용하고 너무 편하게 있다가 요 재방문 의사 일단 침구류 너무 좋아요 좀 피곤한 상태였는데 너무 잘 잤습니다 깨끗하고 쾌적합니다 조용하고 너무 편하게 있다가 요 재방문 의사 일단 침구류 너무 좋아요 좀 피곤한 상태였는데 너무 잘 잤습니다 깨끗하고 쾌적합니다 조용하고 너무 편하게 있다가 요 재방문 의사,8
y_57_195,전주 호텔아이,골타분한스라소니,신시가지 갈때마다 이용하는 숙소입니다 숙소 상태 깔끔하고 무엇보다 위치가 좋아서 자주 예약하게됩니다 방도 넓고 쾌적하고 정말 좋습니다 화장실이나 거울 다 깨끗하고 물품들도 다 잘되어 있습니다,5,2024-07,y,신시가지 갈 때마다 이용하는 숙소입니다 숙소 상태 깔끔하고 무엇보다 위치가 좋아서 자주 예약하게 됩니다 방도 넓고 쾌적하고 정말 좋습니다 화장실이나 거울 다 깨끗하고 물품들도 다 잘되어 있습니다,2
y_57_196,전주 호텔아이,범상한기모노,청결상태가 심각했습니다 다녀와서 벌레물린자국도 가득 생기고 가려워 죽을것같습니다 곳곳에 먼지도 너무 많았고 세면대에서 물틀면 기분나쁜 냄새까지 올라왔어요 방역한번 하셔야할것같습니다,5,2024-07,y,청결상태가 심각했습니다 다녀와서 벌레 물린 자국도 가득 생기고 가려워 죽을 것 같습니다 곳곳에 먼지도 너무 많았고 세면대에서 물 틀면 기분 나쁜 냄새까지 올라왔어요 방역 한번 하셔야 할 것 같습니다,6
y_57_197,전주 호텔아이,웅찌뿌찌,주변에서 더 싼 숙소 갔다가 후회하지 마시고 만원 더 쓰고 깔끔한 숙소 쓰세요 전 객실 금연이라 냄새도 안나고 에어컨도 청소하셨는지 내부까지 깨끗합니다 청소 상태도 몹시 좋고 들어가자마자 좋은 향이 나서 괜히 기분도 좋아집니다 침구류 상태도 몹시 좋습니다 주변에서 더 싼 숙소 갔다가 후회하지 마시고 만원 더 쓰고 깔끔한 숙소 쓰세요 전 객실 금연이라 냄새도 안나고 에어컨도 청소하셨는지 내부까지 깨끗합니다 청소 상태도 몹시 좋고 들어가자마자 좋은 향이 나서 괜히 기분도 좋아집니다 침구류 상태도 몹시 좋습니다,5,2024-07,y,주변에서 더 싼 숙소 갔다가 후회하지 마시고 만원 더 쓰고 깔끔한 숙소 쓰세요 전 객실 금연이라 냄새도 안 나고 에어컨도 청소하셨는지 내부까지 깨끗합니다 청소 상태도 몹시 좋고 들어가자마자 좋은 향이 나서 괜히 기분도 좋아집니다 침구류 상태도 몹시 좋습니다 주변에서 더 싼 숙소 갔다가 후회하지 마시고 만원 더 쓰고 깔끔한 숙소 쓰세요 전 객실 금연이라 냄새도 안 나고 에어컨도 청소하셨는지 내부까지 깨끗합니다 청소 상태도 몹시 좋고 들어가자마자 좋은 향이 나서 괜히 기분도 좋아집니다 침구류 상태도 몹시 좋습니다,2
y_57_198,전주 호텔아이,여기어때 이용 고객,맘에들어요 퇴실시간도 넉넉하고 장소도 좋아서 어딜가든 편히 갈수잇는거같아요 창도 암막처리되서 해도 안들어오고 충분히 잘수잇어서 더욱 좋았습니다 번창하세요 굳굳굳굳굳굳굳굳굳굳굳굳굳굳굳,5,2024-07,y,맘에 들어요 퇴실 시간도 넉넉하고 장소도 좋아서 어딜 가든 편히 갈 수 있는 거 같아요 창도 암막 처리돼서 해도 안 들어오고 충분히 잘 수 있어서 더욱 좋았습니다 번창하세요 굳굳굳굳굳굳굳굳굳굳굳굳굳굳굳,8
y_57_199,전주 호텔아이,여기어때 이용 고객,일찍도착했는대도 사정봐주시고 감사해습니다 너무편하게 쉬다 갑니다 방 청결상태도 좋고 침대도 편하고 밖에서 실컷 놀다가 들어와서 꿀잠자기 너무 완벽 그 자체였습니다 또 애용할께요 감사합니다,5,2024-07,y,일찍 도착했는데도 사정 봐주시고 감사했습니다 너무 편하게 쉬다 갑니다 방 청결상태도 좋고 침대도 편하고 밖에서 실컷 놀다가 들어와서 꿀잠 자기 너무 완벽 그 자체였습니다 또 애용할게요 감사합니다,6
y_57_200,전주 호텔아이,누르미아니,방이 정말 넓어요 티비도 크고 냉장고엔 생수 병이랑 음료 가지 들어있어요 층 로비에서 추가로 음료릉 생수 커피 식빵 토스트도 해먹을수 있었어요 머무는 층에 전자렌지도 있어요 욕조에서 따뜻한 물에 몸 담그고 티비볼 수도 있구요 티비로 넷플이랑 유튜브도 다 볼 수 있어요 침대에는 전기장판 온수매트같은게 연결되어 있어서 따뜻하게 잘 잤습니다 다음에 전주오면 또 방문할 거 같아요 위치도 신시가지라서 바깥에 편의시설도 잘되어 있고 사람이 많이 붐비지 않아 더 좋았어요 아쉬운 점은 폰 충전기가 안됬어요,5,2024-07,y,방이 정말 넓어요 티브이도 크고 냉장고엔 생수 병이랑 음료 가지 들어있어요 층 로비에서 추가로 음료릉 생수 커피 식빵 토스트도 해먹을 수 있었어요 머무는 층에 전자레인지도 있어요 욕조에서 따뜻한 물에 몸 담그고 티브이 볼 수도 있고요 티브이로 넷플이랑 유튜브도 다 볼 수 있어요 침대에는 전기장판 온수 매트 같은 게 연결되어 있어서 따뜻하게 잘 잤습니다 다음에 전주 오면 또 방문할 거 같아요 위치도 신시가지라서 바깥에 편의시설도 잘되어 있고 사람이 많이 붐비지 않아 더 좋았어요 아쉬운 점은 폰 충전기가 안됐어요,10
y_57_201,전주 호텔아이,밝고창의적인백산저수지,사장님도 친절하시고 주차장 차량 간격도 넓고 방내부도 크고 좋았습니다 청소도 잘해주셨어요 침대 컨디션도 좋았고 욕조랑 샤워공간 변기칸이 분리되어 있어서 쓰기 편했습니다 다음에 출장올때도 이용하려고요,5,2024-07,y,사장님도 친절하시고 주차장 차량 간격도 넓고 방내 부도 크고 좋았습니다 청소도 잘해주셨어요 침대 컨디션도 좋았고 욕조랑 샤워공간 변기 칸예 분리되어 있어서 쓰기 편했습니다 다음에 출장 올 때도 이용하려고요,3
y_57_202,전주 호텔아이,피고나다,주변 숙소들중에 제일 괜찮은거같네요 잘 쉬다가 갑니다 쾌적하고 깔끔하고 좋습니다 주변 숙소들중에 제일 괜찮은거같네요 잘 쉬다가 갑니다 쾌적하고 깔끔하고 좋습니다 주변 숙소들중에 제일 괜찮은거같네요 잘 쉬다가 갑니다 쾌적하고 깔끔하고 좋습니다 주변 숙소들중에 제일 괜찮은거같네요 잘 쉬다가 갑니다 쾌적하고 깔끔하고 좋습니다 쾌적하고 깔끔하고 좋습니다 쾌적하고 깔끔하고 좋습니다 쾌적하고 깔끔하고 좋습니다 쾌적하고 깔끔하고 좋습니다 쾌적하고 깔끔하고 좋습니다 쾌적하고 깔끔하고 좋습니다 쾌적하고 깔끔하고 좋습니다,5,2024-07,y,주변 숙소들 중에 제일 괜찮은 거 같네요 잘 쉬다가 갑니다 쾌적하고 깔끔하고 좋습니다 주변 숙소들 중에 제일 괜찮은 거 같네요 잘 쉬다가 갑니다 쾌적하고 깔끔하고 좋습니다 주변 숙소들 중에 제일 괜찮은 거 같네요 잘 쉬다가 갑니다 쾌적하고 깔끔하고 좋습니다 주변 숙소들 중에 제일 괜찮은 거 같네요 잘 쉬다가 갑니다 쾌적하고 깔끔하고 좋습니다 쾌적하고 깔끔하고 좋습니다 쾌적하고 깔끔하고 좋습니다 쾌적하고 깔끔하고 좋습니다 쾌적하고 깔끔하고 좋습니다 쾌적하고 깔끔하고 좋습니다 쾌적하고 깔끔하고 좋습니다 쾌적하고 깔끔하고 좋습니다,8
y_57_203,전주 호텔아이,패턴식스,호텔아이 첨으로 숙박했는데 사장님께서도 너무 친절하시고 특실이라 그런지 방도 크고 청결해서 기분좋게 있다가 퇴실했습니다 인근에 먹자골목이라 접근성과 가성비도 좋았습니다 다음번에 또 재방문하도록 하겠습니다,5,2024-07,y,호텔아이 첨으로 숙박했는데 사장님께서도 너무 친절하시고 특실이라 그런지 방도 크고 청결해서 기분 좋게 있다가 퇴실했습니다 인근에 먹자골목이라 접근성과 가성비도 좋았습니다 다음번에 또 재방문하도록 하겠습니다,1
y_57_204,전주 호텔아이,브로브,좋은 선택이였다고 생각 합니다 근처 올때면 항상 이곳에 머무는것 같은데 빠른 입실 시간 넘넘 만족합니다 직원분도 너무나 친절하고 층 서비스룸도 넘넘 좋았습니다 도 아쉬운거 없는 좋은 선택이였고 다음번에도 무조건 여기로 갈것 같아요 너무 잘쉬고 왔어요 욕실도 깜끔하고 수압도 시원하게 나오고 주변 가까운곳에 편의점이며 식당들도 마니 있고좋은 선택이였다 생각드네요 맛집 지도라도 있으면 더욱더 근사한곳이 될것 같습니더 근처 가게된다면 다시 방문 할게요,5,2024-07,y,좋은 선택이었다고 생각합니다 근처 올 때면 항상 이곳에 머무는 것 같은데 빠른 입실 시간 넘넘 만족합니다 직원분도 너무나 친절하고 층 서비스룸도 넘넘 좋았습니다 도 아쉬운 거 없는 좋은 선택이었고 다음번에도 무조건 여기로 갈 것 같아요 너무 잘 쉬고 왔어요 욕실도 깜 끔하고 수압도 시원하게 나오고 주변 가까운 곳에 편의점이며 식당들도 많이 있고 좋은 선택이었다 생각 드네요 맛집 지도라도 있으면 더욱더 근사한 곳이 될 것 같습니다 근처 가게 된다면 다시 방문할게요,18
y_57_205,전주 호텔아이,여행의왕좌,숙소가 우선 신박하게 월풀이 정중앙에있어서 티비보면서 스파할수있어서 좋았고 침대가 깨끗해서 잠자기편했어요,4,2024-07,y,숙소가 우선 신박하게 월풀이 정중앙에 있어서 티브이 보면서 스파 할 수 있어서 좋았고 침대가 깨끗해서 잠자기 편했어요,4
y_57_206,전주 호텔아이,피쑤우,전주 여행 와서 잡은 숙소인데 너무 친절하게 대해주시고 숙소도 너무 괜찮았어요 내 집같이 편안하게 잘 지내다 갑니다 다음에도 전주 오게 되면 또 잡을 의향 있는 숙소예요,5,2024-07,y,전주 여행 와서 잡은 숙소인데 너무 친절하게 대해주시고 숙소도 너무 괜찮았어요 내 집같이 편안하게 잘 지내다 갑니다 다음에도 전주 오게 되면 또 잡을 의향 있는 숙소예요,0
y_57_207,전주 호텔아이,코코엉댕,전주오면 이근방에는 가장 가성비 좋고 깨끗한곳 입니다 음료랑 토스트도 비치되어있고 객실이 넓어서 쾌적하고 화장실이 떨어져 있어 좋습니다 주차장도 넓고 음료도 넉넉히 비치되있어요,4,2024-07,y,전주 오면 이 근방에는 가장 가성비 좋고 깨끗한 곳입니다 음료랑 토스트도 비치되어 있고 객실이 넓어서 쾌적하고 화장실이 떨어져 있어 좋습니다 주차장도 넓고 음료도 넉넉히 비치돼있어요,5
y_57_209,전주 호텔아이,잠재적인신,가격도 저렴하고 시설도 깔끔하고 주차공간도 넉넉했어요 무엇보다 사장님도 친절하시고 근처에 편의점도 있어서 편했어요 화장실도 너무 깨끗하고 편하게 이용했고 침대가 완전 에이스 침대급,5,2024-07,y,가격도 저렴하고 시설도 깔끔하고 주차공간도 넉넉했어요 무엇보다 사장님도 친절하시고 근처에 편의점도 있어서 편했어요 화장실도 너무 깨끗하고 편하게 이용했고 침대가 완전 에이스 침대급,0
y_57_211,전주 호텔아이,담녹색녹조식물,여기저기 출장갈때가 많아 모텔 호텔 가보지만 모텔 호텔은 가성비가 좋아야하는데 가성비라해서 싸구려만 찾는건아니고 그만한 가격에 컨디션이 어떤가를 찾는거잖아요 방도 깨끗하고 주변에 술한잔 먹기도좋고 화장실도 깨끗하고 낯선곳에서 제가 꿀잠을 못자는건 제 컨디션이기에 어쩔수없는거구 사장님 친절하시고 간편조식도 있는듯해요 잘쉬었가 갑니당,5,2024-07,y,여기저기 출장 갈 때가 많아 모텔 호텔 가보지만 모텔 호텔은 가성비가 좋아야 하는데 가성비라 해서 싸구려만 찾는 건 아니고 그만한 가격에 컨디션이 어떤가를 찾는 거잖아요 방도 깨끗하고 주변에 술 한 잔 먹기도 좋고 화장실도 깨끗하고 낯선 곳에서 제가 꿀잠을 못 자는 건 제 컨디션이기에 어쩔 수 없는 거고 사장님 친절하시고 간편 조식도 있는듯해요 잘 쉬었기 갑니다,13
y_57_214,전주 호텔아이,상상파울김치졸,출장오면 항상 여기서 이용할께요,4,2024-07,y,출장 오면 항상 여기서 이용할게요,2
y_57_215,전주 호텔아이,damn,전주에 비지니스 출장이 있어서 전주 호텔아이에서 박 숙박했어요 차량이 있었는데 주차장도 넓어서 주차하기 편했어요 그리고 근처에 식당 편의점 등 편의시설이 많았어요 체크인하고 근처 식당에서 직장동료랑 저녁 맛있게 식사했네요 룸 상태는 그럭저럭 청결했어요 침구류가 냄새도 안나고 깨끗해서 맘에 들었습니다 근데 샤워실은 비누 받침대가 고장이 났네요 넷플릭스도 되서 너무 좋았습니다 영화 한편 봤네요 다음에 출장으로 전주오면 또 숙박할 예정입니다,4,2024-07,y,전주에 비즈니스 출장이 있어서 전주 호텔아이에서 박 숙박했어요 차량이 있었는데 주차장도 넓어서 주차하기 편했어요 그리고 근처에 식당 편의점 등 편의시설이 많았어요 체크인하고 근처 식당에서 직장동료랑 저녁 맛있게 식사했네요 룸 상태는 그럭저럭 청결했어요 침구류가 냄새도 안 나고 깨끗해서 맘에 들었습니다 근데 샤워실은 비누 받침대가 고장이 났네요 넷플릭스도 돼서 너무 좋았습니다 영화 한편 봤네요 다음에 출장으로 전주 오면 또 숙박할 예정입니다,4
y_57_218,전주 호텔아이,스마트젠틀가이,방 넓고 깔끔해요 스타일러도 있어서 출자왔을때 옷 관리하기도 좋고요 근처 식딩들 많아서 먹을때도 많습니다 한가지 아쉬운점은 객실내 조명이 많이 어둡네요 업무차 온사람은 어두우면 일하기 좀어려운점이 있어요 객실 메인조명은 좀더 밝으면 좋을꺼 같아요,4,2024-07,y,방 넓고 깔끔해요 스타일러도 있어서 출자 왔을 때 옷 관리하기도 좋고요 근처 식딩들 많아서 먹을 때도 많습니다 한 가지 아쉬운 점은 객실 내 조명이 많이 어둡네요 업무차 온 사람은 어두우면 일하기 좀 어려운 점이 있어요 객실 메인 조명은 좀 더 밝으면 좋을 거 같아요,11
y_57_219,전주 호텔아이,상상파울김치졸,깔끔하고 좋습니다 출장오면 여기서 자야겠어요,4,2024-07,y,깔끔하고 좋습니다 출장 오면 여기서 자야겠어요,1
y_57_221,전주 호텔아이,28세보초병,조용히 깨끗한 휴식을 취할수 있는곳 좋아요,5,2024-07,y,조용히 깨끗한 휴식을 취할 수 있는 곳 좋아요,2
y_57_222,전주 호텔아이,클바,전주에 오면 요기만 가요 젤 좋고 친절하시고 깨끗한곳,5,2024-07,y,전주에 오면 요기만 가요 젤 좋고 친절하시고 깨끗한 곳,1
y_57_223,전주 호텔아이,극ISTJ,전주여행하는데 방문했어요 넓고 좋아요 테이블도 있어서 숙소에서 한잔하기좋아요 사장님 친절해요,5,2024-07,y,전주여행하는데 방문했어요 넓고 좋아요 테이블도 있어서 숙소에서 한잔하기 좋아요 사장님 친절해요,1
y_57_224,전주 호텔아이,필살일격,청결해서 자주 이용해요,4,2024-07,y,청결해서 자주 이용해요,0
y_57_225,전주 호텔아이,여기어때 이용 고객,객실 컨디션 좋았고 주차장은 넓은데 차들이 많더라구요 티비도 크고 방이 참 넓고 화장실이 진짜 크네요 주변에 상가도 많아서 주변 돌아다니기도 편하구요 가격도 괜찮고 가끔 방문할게요,5,2024-07,y,객실 컨디션 좋았고 주차장은 넓은데 차들이 많더라고요 티브이도 크고 방이 참 넓고 화장실이 진짜 크네요 주변에 상가도 많아서 주변 돌아다니기도 편하고요 가격도 괜찮고 가끔 방문할게요,3
y_57_226,전주 호텔아이,에올로스,늘 편하게 만족하며 이용하고 있습니다,5,2024-07,y,늘 편하게 만족하며 이용하고 있습니다,0
y_57_227,전주 호텔아이,빅터와이,전주출장오면 항상 여기묵습니다 시설도좋고 무엇보다 가격대비 만족도가 너무좋아요 숙소주변에 맛집도많아서 움직이기도 좋습니다 전주오면 또묵을생각있으며 주변분들께 추천드립니다 꼭가보세요,5,2024-07,y,전주출장 오면 항상 여기 묵습니다 시설도 좋고 무엇보다 가격 대비 만족도가 너무 좋아요 숙소 주변에 맛집도 많아서 움직이기도 좋습니다 전주 오면 또 묵을 생각 있으며 주변 분들께 추천드립니다 꼭 가보세요,11
y_57_228,전주 호텔아이,애희,스파하는데가 있었는데 제가 안 써가지구 넘 아쉬워요 방도 넓고 깔끔하고 그리고 숙박하면 주차공간이 제일 신경쓰이는데 주차장이 넓어서 너무 좋았어요 아침에 씻을때 따신 물이 잘 안나온게 조금 아쉬웠지만 한창 더운 날씨라 그럭저럭 괜찮았어요 다음에 전주가면 또 재방문할거같아요,5,2024-07,y,스파 하는데 가 있었는데 제가 안 써가지고 너무 아쉬워요 방도 넓고 깔끔하고 그리고 숙박하면 주차공간이 제일 신경 쓰이는데 주차장이 넓어서 너무 좋았어요 아침에 씻을 때 따뜻한 물이 잘 안 나온 게 조금 아쉬웠지만 한창 더운 날씨라 그럭저럭 괜찮았어요 다음에 전주 가면 또 재방문할 거 같아요,9
y_57_229,전주 호텔아이,soso194,너무 편하게 잘 쉬다 갑니다 수압도 좋았고 침대도 편안하고 너무 재밌고 편하게 잘 쉬었던것 같습니다 깨끗하고 직원분도 친절하셨고 안막커튼처럼 되어있어 좋았습니다다음에도 또 사용하러 오겠습니다,5,2024-07,y,너무 편하게 잘 쉬다 갑니다 수압도 좋았고 침대도 편안하고 너무 재밌고 편하게 잘 쉬었던 것 같습니다 깨끗하고 직원분도 친절하셨고 암막 커튼처럼 되어있어 좋았습니다 다음에도 또 사용하러 오겠습니다,3
y_57_231,전주 호텔아이,편찮은뉴게이트,출장중으로 두번째 방문인데 일단 냄새 모텔냄새 담배냄새가 정말 단 일도 안나서 좋고 매트리스가 보급형 모텔 딱딱한 매트보다 좀더 푹신하고 전기장판이 있어서 따뜻함 이불도 좋고 어매니티 스킨 로션도 일회용품이라서 좋음 욕조도 깨끗히 청소 잘 되어 있어서 출장올때마다 묵을것 같음,5,2024-07,y,출장 중으로 두 번째 방문인데 일단 냄새 모텔 냄새 담배 냄새가 정말 단 일도 안 나서 좋고 매트리스가 보급형 모텔 딱딱한 매트보다 좀 더 푹신하고 전기장판이 있어서 따뜻함 이불도 좋고 어메니티 스킨로션도 일회용품이라서 좋음 욕조도 깨끗이 청소 잘 되어 있어서 출장 올 때마다 묵을 것 같음,11
y_57_232,전주 호텔아이,마백이,완전 맘에 듭니다 또 이용할께요,5,2024-07,y,완전 맘에 듭니다 또 이용할게요,1
y_57_233,전주 호텔아이,편찮은뉴게이트,엘레베이터에서부터 은은한 머스크향이 풍겼는데 복도에서 진하게 풍기는 첫인상이 강렬했어요 향이 기분나쁜 싸구려 향이 아니라 굉장히 고급진 호텔에서 나오고 객실도 적당한 향이 분위기를 잡아주고 시설도 모두 깨끗했어요 욕조도 청소 잘 되어 있었고요 침대는 약간 딱딱한 일반적인 침대였고 푸근한 라텍스를 좋아하는데 가성비 따지면 라텍스는 큰 욕심 같긴하죠 어매니티도 보통 이었어요 때끗하고 가성비 좋은 호텔인것 같아서 마음에 들었어요,4,2024-07,y,엘리베이터에서부터 은은한 머스크 향이 풍겼는데 복도에서 진하게 풍기는 첫인상이 강렬했어요 향이 기분 나쁜 싸구려 향이 아니라 굉장히 고급 진 호텔에서 나오고 객실도 적당한 향이 분위기를 잡아주고 시설도 모두 깨끗했어요 욕조도 청소 잘 되어 있었고요 침대는 약간 딱딱한 일반적인 침대였고 푸근한 라텍스를 좋아하는데 가성비 따지면 라텍스는 큰 욕심 같긴 하죠 어메니티도 보통이었어요 깨끗하고 가성비 좋은 호텔인 것 같아서 마음에 들었어요,9
y_57_234,전주 호텔아이,백넷쥐포,깨끗하고 아늑합니다,4,2024-07,y,깨끗하고 아늑합니다,0
y_57_235,전주 호텔아이,피고나다,숙소 이용할때마다 가는곳 입니다 신시주변에서 최고,5,2024-07,y,숙소 이용할 때마다 가는 곳입니다 신시 주변에서 최고,3
y_57_236,전주 호텔아이,웅찌뿌찌,숙소 냄새도 좋고 깔끔하고 친절하십니당 강추,5,2024-07,y,숙소 냄새도 좋고 깔끔하고 친절하십니다 강추,1
y_57_237,전주 호텔아이,부지런스러운저스틴,당일 예약하고 갔는데 생각보다 룸컨디션 좋음 굿 다만 층서 묵었는데 흡연하는 사람들과 가까웠는지 새벽에 담배냄새 자주났음 아쉬운점 아침에 토스트 구으면서 로비 청소하는 주인장을 만남 신뢰도상승 추천드림,5,2024-07,y,당일 예약하고 갔는데 생각보다 룸 컨디션 좋음 굿 다만 층서 묵었는데 흡연하는 사람들과 가까웠는지 새벽에 담배 냄새 자주 났으면 아쉬운 점 아침에 토스트 구우면서 로비 청소하는 주인장을 만남 신뢰도 상승 추천드림,5
y_57_238,전주 호텔아이,소극적인소총탄,칫솔이 하나부족해 받아왔는데 자기전에 양치하려고 보니까 치약도 없더라구요 미리확인하고 달라했으면 주셨을텐데 확인을 늦게해서 못했어요 샤워기가 물이좀 새는데 크게 불편하지 않았어요 저렴하고 넓고 신시가지내에 있어서 너무 잘이용합니다 또 오게되면 여기 사용할거 같아요,5,2024-07,y,칫솔이 하나 부족해 받아왔는데 자기 전에 양치하려고 보니까 치약도 없더라고요 미리 확인하고 달라 했으면 주셨을 텐데 확인을 늦게 해서 못했어요 샤워기가 물이 좀 새는데 크게 불편하지 않았어요 저렴하고 넓고 신시가지 내에 있어서 너무 잘 이용합니다 또 오게 되면 여기 사용할 거 같아요,12
y_57_239,전주 호텔아이,세네갈표범,리모델링 했는지 너무 좋네요 깔끔하고 주차장 넓고 깨끗해서 편안히 머무르고 나왔네요 우선 방이 넓어서 갑갑한 느낌 없구 사장님 친절하시구 또 이용할것 같습니다 번창하세요,5,2024-07,y,리모델링 했는지 너무 좋네요 깔끔하고 주차장 넓고 깨끗해서 편안히 머무르고 나왔네요 우선 방이 넓어서 갑갑한 느낌 없고 사장님 친절하시고 또 이용할 것 같습니다 번창하세요,3
y_57_240,전주 호텔아이,간다나,주차장이 넓어서 주차하기가 편리합니다 사장님이신지 관리자이신지 친절하십니다 객실 청결 상태도 깨끗하고 넓고 침대도 푹신해서 편합니다 온수도 잘나오고 난방도 잘 되서 추운날씨에도 따뜻하고 편하게 푹 쉬다가 갑니다,5,2024-07,y,주차장이 넓어서 주차하기가 편리합니다 사장님이신지 관리자이신지 친절하십니다 객실 청결 상태도 깨끗하고 넓고 침대도 푹신해서 편합니다 온수도 잘 나오고 난방도 잘 돼서 추운 날씨에도 따뜻하고 편하게 푹 쉬다가 갑니다,3
y_57_241,전주 호텔아이,쓰메끼리,깔끔하고 아늑해서 편히 쉬고갑니다,5,2024-07,y,깔끔하고 아늑해서 편히 쉬고 갑니다,1
y_57_242,전주 호텔아이,인포월드,깨끗하고 조용합니다,5,2024-07,y,깨끗하고 조용합니다,0
y_57_244,전주 호텔아이,딱복어피치,실내 깨끗하고 스파 잘이용했어요 강추강추,5,2024-07,y,실내 깨끗하고 스파 잘 이용했어요 강추강추,1
y_57_245,전주 호텔아이,원짜아앙,진짜 깨끗하고 편안했습니다 무인텔이여서 더좋았습니다,5,2024-07,y,진짜 깨끗하고 편안했습니다 무인 텔리여서 더 좋았습니다,2
y_57_247,전주 호텔아이,오돌오돌오돌뼈해장국,신시 숙소는 여기만 갑니다,5,2024-07,y,신시 숙소는 여기만 갑니다,0
y_57_248,전주 호텔아이,수공E,주에 한번씩 출장때 들리는데 친절하고 깨끗하고 주변지역에서 제일 좋은거 같습니다 침대가 포근하고 쿠션도 좋아서 숙면을 하기에 아주 좋았습니다 여쭤보니 디럭스룸 침대가 좋다고 하시더군요 그리고 아침에도 조용합니다 주변과 비교했을때 최고인거 같습니다,5,2024-07,y,주에 한 번씩 출장 때 들리는데 친절하고 깨끗하고 주변지역에서 제일 좋은 거 같습니다 침대가 포근하고 쿠션도 좋아서 숙면을 하기에 아주 좋았습니다 여쭤보니 디럭스룸 침대가 좋다고 하시더군요 그리고 아침에도 조용합니다 주변과 비교했을 때 최고인 거 같습니다,5
y_57_249,전주 호텔아이,유쾌하고엄청난아이보리,좋았어요 옛촌이랑 가까움,4,2024-07,y,좋았어요 옛 천이랑 가까움,1
y_57_251,전주 호텔아이,감동적이고소박한꿀,깨끗하고 넓어서 사용하기에 정말 좋았습니다 주차공간도 많아서 엄청 편했어요,4,2024-07,y,깨끗하고 넓어서 사용하기에 정말 좋았습니다 주차공간도 많아서 엄청 편했어요,0
y_57_252,전주 호텔아이,디오니소스74,이번달에 번 이용했어요만족감 아주 높아요지인들이 신시에서 잘 일이 있다면 추천하고 싶습니다,5,2024-07,y,이번 달에 번 이용했어요 만족감 아주 높아요 지인들이 신시에서 잘 일이 있다면 추천하고 싶습니다,3
y_57_253,전주 호텔아이,박쏘니,너무나 좋아요 남들에게도 추천하고싶어요 출장이든 뭐든 비즈니스숙소로 가격대비 상당히만족하고 사장님또한 친절해서 너무좋았어요 편히머물다갑니다 다들 가성비 숙소 겟겟하세요,5,2024-07,y,너무나 좋아요 남들에게도 추천하고 싶어요 출장이든 뭐든 비즈니스 숙소로 가격 대비 상당히 만족하고 사장님 또한 친절해서 너무 좋았어요 편히 머물다 갑니다 다들 가성비 숙소 겟겟하세요,8
y_57_254,전주 호텔아이,김춘명,좋아요 우선 크고 깔끔해서 괜찮아요 다음에 또 가도록 해보겠습니다 주차장도 지하랑 지상이 있어서 좋은거 같고 지상은 입구에 천으로된거 말고 다른거로 변경하는것도 좋을것 같아요 전체적으로 괜찮아요,5,2024-07,y,좋아요 우선 크고 깔끔해서 괜찮아요 다음에 또 가도록 해보겠습니다 주차장도 지하랑 지상이 있어서 좋은 거 같고 지상은 입구에 천으로 된 거 말고 다른 거로 변경하는 것도 좋을 것 같아요 전체적으로 괜찮아요,5
y_57_255,전주 호텔아이,남원작당,객실은 엄청 넓어요 그런데 노후 된 티가 많이 나요 들어가자 마자 김치 냄새가 진동을 했어요 새면대 에서 냄새가 너무 많이 올랐왔어요 변기 물탱크는 금 이 가서 물이 줄줄 샛어요 주차장은 넓습니다 충전기가 없어서 따로 내려가서 받아야 해요 음료와 물은 잘 구비되어 있었어요 객실은 엄청 넓어요 그런데 노후 된 티가 많이 나요 들어가자 마자 김치 냄새가 진동을 했어요 새면대 에서 냄새가 너무 많이 올랐왔어요 변기 물탱크는 금 이 가서 물이 줄줄 샛어요 주차장은 넓습니다 충전기가 없어서 따로 내려가서 받아야 해요 음료와 물은 잘 구비되어 있었어요,2,2024-07,y,객실은 엄청 넓어요 그런데 노후된 티가 많이 나요 들어가자마자 김치 냄새가 진동을 했어요 세면대에서 냄새가 너무 많이 올랐왔어요 변기 물탱크는 금 이 가서 물이 줄줄 샜어요 주차장은 넓습니다 충전기가 없어서 따로 내려가서 받아야 해요 음료와 물은 잘 구비되어 있었어요 객실은 엄청 넓어요 그런데 노후된 티가 많이 나요 들어가자마자 김치 냄새가 진동을 했어요 세면대에서 냄새가 너무 많이 올랐왔어요 변기 물탱크는 금 이 가서 물이 줄줄 샜어요 주차장은 넓습니다 충전기가 없어서 따로 내려가서 받아야 해요 음료와 물은 잘 구비되어 있었어요,10
y_57_256,전주 호텔아이,78세해파리,잘 쉬었다가 갑니다,4,2024-07,y,잘 쉬었다가 갑니다,0
y_57_258,전주 호텔아이,Lily8907,넓고 깨끗하지만 약간 추워요 월풍은 뜨거운물이 안나와서 미스,4,2024-07,y,넓고 깨끗하지만 약간 추워요 월풀은 뜨거운 물이 안 나와서 미스,3
y_57_259,전주 호텔아이,환타111,급하게 전주 신시가지에 묵을일이 있어 예약하고 간 숙소이지만 사장님도 친절하시고 방도 크고 깨끗했습니다 주차장도 크게 마련되어있어서 좋았습니다 다음에 또 방문하겠습니다 감사합니다,5,2024-07,y,급하게 전주 신시가지에 묵을 일이 있어 예약하고 간 숙소이지만 사장님도 친절하시고 방도 크고 깨끗했습니다 주차장도 크게 마련되어 있어서 좋았습니다 다음에 또 방문하겠습니다 감사합니다,2
y_57_260,전주 호텔아이,럭셔리한량,전반적으로 깔끔한 숙소입니다,4,2024-07,y,전반적으로 깔끔한 숙소입니다,0
y_57_261,전주 호텔아이,서아아범,항상 잘 이용하고 있습니다,4,2024-07,y,항상 잘 이용하고 있습니다,0
y_57_262,전주 호텔아이,편찮은뉴게이트,매번 출장때마다 이용하고 있습니다 담배냄세 하나없이 향이 너무 좋아요,5,2024-07,y,매번 출장 때마다 이용하고 있습니다 담배 냄새 하나 없이 향이 너무 좋아요,3
y_57_264,전주 호텔아이,할거읍어서,전주 오면 항상 이용 잘 하구있읍니다 너무 좋아요,4,2024-07,y,전주 오면 항상 이용 잘 하구 있습니다 너무 좋아요,1
y_57_268,전주 호텔아이,할거읍어서,아이들과 같이 이용했는데 방도크고 침대도개라 편하게이용했네요,5,2024-07,y,아이들과 같이 이용했는데 방도 크고 침대도 개라 편하게 이용했네요,3
y_57_270,전주 호텔아이,백넷쥐포,상당히 깨끗하고 관리가 잘 되어있습니다 담배냄새도 나지않아 좋았습니다,4,2024-07,y,상당히 깨끗하고 관리가 잘 되어있습니다 담배 냄새도 나지 않아 좋았습니다,2
y_57_272,전주 호텔아이,헝키포키,넷플릭스 있어서 실컷 봤네요깔끔하고 좋았습니다,4,2024-07,y,넷플릭스 있어서 실컷 봤네요 깔끔하고 좋았습니다,1
y_57_273,전주 호텔아이,유교걸베비,지금까지 다녀본 숙소 중에서 젤 넓음,4,2024-07,y,지금까지 다녀본 숙소 중에서 젤 넓음,0
y_57_276,전주 호텔아이,클바,아늑하게 잘 쉬다 갔습니다 저번에도 전주에 왔을때 친구가 잡아줘서 또 생각나서 갔네요 직원분인지 사장님인지 카운터에 계신분도 친절해써요,4,2024-07,y,아늑하게 잘 쉬다 갔습니다 저번에도 전주에 왔을 때 친구가 잡아줘서 또 생각나서 갔네요 직원분인지 사장님인지 카운터에 계신 분도 친절해서요,3
y_57_277,전주 호텔아이,cukppo,깨끗하고 조용하고 침구상태 매우 좋았음 재 방문의사 있음,5,2024-07,y,깨끗하고 조용하고 침구 상태 매우 좋았음 재 방문의 사 있음,2
y_57_278,전주 호텔아이,피고나다,갈때마다 만족해서 이곳만 이용합니다 전체적으로 다 좋아요,5,2024-07,y,갈 때마다 만족해서 이곳만 이용합니다 전체적으로 다 좋아요,1
y_57_279,전주 호텔아이,오동통한이병,가격도 저렴하고 시설도 좋아요,5,2024-07,y,가격도 저렴하고 시설도 좋아요,0
y_57_281,전주 호텔아이,미니8888,깔끔하니 잘쉬다가 갑니다,5,2024-07,y,깔끔하니 잘 쉬다가 갑니다,1
y_57_282,전주 호텔아이,자유여행,아 방이 좀만더 따뜻하게 해주시면,5,2024-07,y,아 방이 좀만 더 따뜻하게 해주시면,1
y_57_283,전주 호텔아이,피지소용돌이마녀,잘 이용했어요 깨끗하고 아늑했습니다,5,2024-07,y,잘 이용했어요 깨끗하고 아늑했습니다,0
y_57_284,전주 호텔아이,부지런스러운사회,깨끗하고 방이 넓어좋았다 화장실샤워실 분리도어있어 좋았다,5,2024-07,y,깨끗하고 방이 넓어좋았다 화장실 샤워실 분리 도어 있어 좋았다,2
y_57_285,전주 호텔아이,꼬꼬꼬끼오닭,내부가 깨끗하고 좋았습니다 응대도 친절히 해주셔서 기분 좋게 숙박할 수 있었어요,5,2024-07,y,내부가 깨끗하고 좋았습니다 응대도 친절히 해주셔서 기분 좋게 숙박할 수 있었어요,0
y_57_286,전주 호텔아이,여든한살무사,편히 쉬다갑니다,5,2024-07,y,편히 쉬다 갑니다,1
y_57_287,전주 호텔아이,네텔,위치 대박 깔끔하고 푹 쉬다 갑니다,5,2024-07,y,위치 대박 깔끔하고 푹 쉬다 갑니다,0
y_57_288,전주 호텔아이,고상궁,샤워실 천장에 환기팬이 없었습니다 그탓인지 샤워기 호스에 물때가 껴있었습니다 고무장갑과 수세미를 사서 갖고 있던 낡은 칫솔로 닦았더니 지워지더군요 샤워실 문의 경첩이 너무 뻑뻑해서 닫는 게 힘들어서 열어두고 샤워를 했습니다,3,2024-07,y,샤워실 천장에 환기 팬이 없었습니다 그 탓인지 샤워기 호스에 물때가 껴있었습니다 고무장갑과 수세미를 사서 갖고 있던 낡은 칫솔로 닦았더니 지워지더군요 샤워실 문의 경첩이 너무 뻑뻑해서 닫는 게 힘들어서 열어두고 샤워를 했습니다,2
y_57_289,전주 호텔아이,선비촌싸움,깔끔하고 좋았어요 추천합니다,5,2024-07,y,깔끔하고 좋았어요 추천합니다,0
y_57_290,전주 호텔아이,미미파파,화면과 같은 모습과 쾌적한 환경 체크아웃시간두 시라 넉넉해서 굿,5,2024-07,y,화면과 같은 모습과 쾌적한 환경 체크아웃 시간도 시라 넉넉해서 굿,1
y_57_291,전주 호텔아이,으악범,정말 편했어요 다음에또 이용할게요,5,2024-07,y,정말 편했어요 다음에 또 이용할게요,1
y_57_292,전주 호텔아이,피고나다,좋아요 인근 숙박업소중에 제일 편한거같네요,5,2024-07,y,좋아요 인근 숙박업소 중에 제일 편한 거 같네요,2
y_57_293,전주 호텔아이,으악범,두번 이용했는데 편했어요,5,2024-07,y,두 번 이용했는데 편했어요,1
y_57_294,전주 호텔아이,뚱이쌍둥이,깨끗하고 조용하다 시설도좋고다음에 오면 다시숙박하고싶다,4,2024-07,y,깨끗하고 조용하다 시설도 좋고 다음에 오면 다시 숙박하고 싶다,2
y_57_295,전주 호텔아이,오돌오돌오돌뼈해장국,깨끗하구 향기두 좋아요,5,2024-07,y,깨끗하고 향기도 좋아요,2
y_57_297,전주 호텔아이,오돌오돌오돌뼈해장국,항상 믿고가는 곳 너무 좋아요,5,2024-07,y,항상 믿고 가는 곳 너무 좋아요,1
y_57_298,전주 호텔아이,요기어떠단가,깨끗하고 넓어서 좋았어요,5,2024-07,y,깨끗하고 넓어서 좋았어요,0
y_57_299,전주 호텔아이,열정적여행자,좋아요 좋아요 좋아요,5,2024-07,y,좋아요 좋아요 좋아요,0
y_57_300,전주 호텔아이,하니랜드초신성,우수했어요,4,2024-07,y,우수했어요,0
y_57_301,전주 호텔아이,damn,전주역 바로 옆에 있습니다 깨끗합니다,5,2024-07,y,전주역 바로 옆에 있습니다 깨끗합니다,0
y_57_302,전주 호텔아이,안상욱,손님 대하는게 최악이네요 형편없네요 몇번 방문했지만 오늘은 정말로 최악입니다 다신 안옵니다,0,2024-07,y,손님 대하는 게 최악이네요 형편없네요 몇 번 방문했지만 오늘은 정말로 최악입니다 다신 안 옵니다,3
y_57_303,전주 호텔아이,여든네살장물,조용한 분위기와 넓고 청결한 방 대형 등이 매우 좋았읍니다 다만 취침 등 조명이 너무 밝아 수면을 방해 했으며 조도를 조절할수 있는 시스템으로 구성되었으면 합니다,3,2024-07,y,조용한 분위기와 넓고 청결한 방 대형 등이 매우 좋았습니다 다만 취침 등 조명이 너무 밝아 수면을 방해했으며 조도를 조절할 수 있는 시스템으로 구성되었으면 합니다,3
y_57_305,전주 호텔아이,8143403,깔끔하게 잘지내다 왔습니다 시설이 좋네요,3,2024-07,y,깔끔하게 잘 지내다 왔습니다 시설이 좋네요,1
y_57_306,전주 호텔아이,노그름한해군,방문이 안잠기는 방,2,2024-07,y,방문이 안 잠기는 방,1
y_57_307,전주 호텔아이,지영72,깔끔하고 괜찮았어요 다만 세면대 물이 잘 안내려 가는건 조금 아쉬웠네요 주차도 지하까지 넓게 되어있어서 좋았아용,3,2024-07,y,깔끔하고 괜찮았어요 다만 세면대 물이 잘 안 내려가는 건 조금 아쉬웠네요 주차도 지하까지 넓게 되어있어서 좋았아요,2
y_58_001,전주 호텔다빈,유주2018,전주 여행의 낭만을 더하는 곳 호텔다빈 숙박 리뷰 이번 전주 여행의 목적은 날씨 좋은 봄날의 한옥마을을 여유롭게 둘러보고 겹벚꽃 명소로 유명한 완산칠봉꽃동산의 겹벚꽃 감상과 전주 남문시장 야시장 미식 투어를 하기 위함이었는데 호텔 다빈은 이 모든 여행 목적을 완벽하게 충족시켜 준 숙소였습니다 숙소 추천 대상 전주 한옥마을과 전주남문시장야시장 식도락 도보 여행을 계획하는 분 합리적인 가격으로 깨끗하고 편안한 숙박을 경험하고 싶은 분 위치 한옥마을전주 남문시장 도보 분 완산칠봉꽃동산 도보 분 전주 역 차로 분 호텔 다빈의 가장 큰 장점 중 하나는 뛰어난 위치입니다 전주역에서 택시로 약 분 거리에 위치하고 있으며 전주 여행의 핵심이라 할 수 있는 한옥마을 초입과 거의 연결된 듯한 거리라 도보로 편리하게 여행을 즐길 수 있습니다 완산칠봉꽃동산은 걷기에 좀 멀다고 느껴질 수 있지만 가는길에 멋진 풍경들이 많아 지루함 없이 즐겁게 산책하기 적당한 거리였습니다 객실디럭스 더블 깔끔하고 아늑한 공간 둘이서 편안히 숙박하기 딱 좋은 공간 제가 묵었던 객실은 디럭스 더블룸이었는데 문을 열자마자 느껴지는 깔끔함과 아늑함이 인상적이었습니다 화이트톤의 벽에 은은한 조명이 더해져 편안한 분위기를 자아냈고 침구는 깨끗하고 푹신하여 잠자리가 매우 만족스러웠습니다 객실 크기는 혼자 또는 두 명이 지내기에 적당했으며 테이블과 의자 옷장 등 필요한 가구들이 효율적으로 배치되어 있었습니다 특히 마음에 들었던 점은 욕실의 청결 상태였습니다 물때 하나 없이 깨끗하게 관리되어 있었고 수압도 충분하여 샤워하는 데 불편함이 없었습니다 어메니티로는 샴푸 컨디셔너 바디워시 비누 드라이기가 준비되어 있고 그 외 일회용품은 무상 제공되지 않아 개인이 챙겨가거나 층 프론트에서 구매 가능하다고 합니다 부대시설 투숙객들의 편안한 여행을 위한 다양한 시설 호텔 다빈 층 프론트에는 편안하게 앉아 쉴 수 있는 공간과 간단한 비즈니스 업무를 볼 수 있는 테이블이 마련되어 있습니다 또한 프론트 바로 옆에 라운지룸이 있는데 이곳에 짐보관도 가능합니다 제가 이용하지는 않았지만 루프탑에선 숯불 장사전 예약제도 이용이 가능하다고 하니 다음에 친구들과 함께 꼭 한번 루프탑에서 특별하고 배부른 시간을 만들어 보고 싶단 생각을 하게 되었습니다 참고로 애견인들을 위한 애견 동반 객실과 루프탑 애견 운동장도 운영되고 있다고 합니다 서비스 친절하고 세심하게 다가가는 서비스 호텔 다빈에서 가장 인상 깊었던 부분 중 하나는 직원분들의 친절한 서비스였습니다 체크인 시부터 밝은 미소로 맞이해주셨고 머무는 동안 불편한 점은 없는지 세심하게 챙겨주시는 모습에서 진심으로 투숙객을 배려하는 마음을 느낄 수 있었습니다 숙소 인근 먹거리 전주 한옥마을 에그타르트길거리야베테랑칼국수콩국수외할머니솜씨팥빙수 전주 남문시장 조점례남문피순대 현대옥 콩나물국밥 야시장육전고기파이로띠삼겹살김밥 등 풍년제과 본점 천일베이커리 총평 전주 여행의 만족도를 높여준 가성비 좋은 숙소 전주 호텔 다빈은 훌륭한 위치 깔끔하고 아늑한 객실 편리한 부대시설 그리고 친절한 서비스까지 모든 면에서 만족스러운 숙소였습니다 특히 합리적인 가격으로 이러한 퀄리티의 숙소를 경험할 수 있다는 점이 큰 매력이었습니다 전주 한옥마을을 중심으로 여행 계획을 세우고 있다면 전주 호텔다빈 추천 합니다,5,2025-06,y,전주 여행의 낭만을 더하는 곳 호텔다빈 숙박 리뷰 이번 전주 여행의 목적은 날씨 좋은 봄날의 한옥마을을 여유롭게 둘러보고 겹벚꽃 명소로 유명한 완산칠봉꽃동산의 겹벚꽃 감상과 전주 남문시장 야시장 미식 투어를 하기 위함이었는데 호텔 다빈은 이 모든 여행 목적을 완벽하게 충족시켜 준 숙소였습니다 숙소 추천 대상 전주 한옥마을과 전주남문시장야시장 식도락 도보 여행을 계획하는 분 합리적인 가격으로 깨끗하고 편안한 숙박을 경험하고 싶은 분 위치 한옥마을전주 남문시장 도보 분 완산칠봉꽃동산 도보 분 전주 역 차로 분 호텔 다빈의 가장 큰 장점 중 하나는 뛰어난 위치입니다 전주역에서 택시로 약 분 거리에 위치하고 있으며 전주 여행의 핵심이라 할 수 있는 한옥마을 초입과 거의 연결된 듯한 거리라 도보로 편리하게 여행을 즐길 수 있습니다 완산칠봉꽃동산은 걷기에 좀 멀다고 느껴질 수 있지만 가는길에 멋진 풍경들이 많아 지루함 없이 즐겁게 산책하기 적당한 거리였습니다 객실디럭스 더블 깔끔하고 아늑한 공간 둘이서 편안히 숙박하기 딱 좋은 공간 제가 묵었던 객실은 디럭스 더블룸이었는데 문을 열자마자 느껴지는 깔끔함과 아늑함이 인상적이었습니다 화이트톤의 벽에 은은한 조명이 더해져 편안한 분위기를 자아냈고 침구는 깨끗하고 푹신하여 잠자리가 매우 만족스러웠습니다 객실 크기는 혼자 또는 두 명이 지내기에 적당했으며 테이블과 의자 옷장 등 필요한 가구들이 효율적으로 배치되어 있었습니다 특히 마음에 들었던 점은 욕실의 청결 상태였습니다 물때 하나 없이 깨끗하게 관리되어 있었고 수압도 충분하여 샤워하는 데 불편함이 없었습니다 어메니티로는 샴푸 컨디셔너 바디워시 비누 드라이기가 준비되어 있고 그 외 일회용품은 무상 제공되지 않아 개인이 챙겨가거나 층 프론트에서 구매 가능하다고 합니다 부대시설 투숙객들의 편안한 여행을 위한 다양한 시설 호텔 다빈 층 프론트에는 편안하게 앉아 쉴 수 있는 공간과 간단한 비즈니스 업무를 볼 수 있는 테이블이 마련되어 있습니다 또한 프론트 바로 옆에 라운지룸이 있는데 이곳에 짐보관도 가능합니다 제가 이용하지는 않았지만 루프탑에선 숯불 장사전 예약제도 이용이 가능하다고 하니 다음에 친구들과 함께 꼭 한번 루프탑에서 특별하고 배부른 시간을 만들어 보고 싶단 생각을 하게 되었습니다 참고로 애견인들을 위한 애견 동반 객실과 루프탑 애견 운동장도 운영되고 있다고 합니다 서비스 친절하고 세심하게 다가가는 서비스 호텔 다빈에서 가장 인상 깊었던 부분 중 하나는 직원분들의 친절한 서비스였습니다 체크인 시부터 밝은 미소로 맞이해주셨고 머무는 동안 불편한 점은 없는지 세심하게 챙겨주시는 모습에서 진심으로 투숙객을 배려하는 마음을 느낄 수 있었습니다 숙소 인근 먹거리 전주 한옥마을 에그타르트길거리야베테랑칼국수콩국수외할머니솜씨팥빙수 전주 남문시장 조점례남문피순대 현대옥 콩나물국밥 야시장육전고기파이로띠삼겹살김밥 등 풍년제과 본점 천일베이커리 총평 전주 여행의 만족도를 높여준 가성비 좋은 숙소 전주 호텔 다빈은 훌륭한 위치 깔끔하고 아늑한 객실 편리한 부대시설 그리고 친절한 서비스까지 모든 면에서 만족스러운 숙소였습니다 특히 합리적인 가격으로 이러한 퀄리티의 숙소를 경험할 수 있다는 점이 큰 매력이었습니다 전주 한옥마을을 중심으로 여행 계획을 세우고 있다면 전주 호텔다빈 추천 합니다,-1
y_58_002,전주 호텔다빈,미스주리,고급 호텔은 아니지만 세명이서 충분히 잠 잘수 있었고 깔끔하고 깨끗했으며 무엇보다 주변에 전주한옥마을 전동교회 전통시장 등 구경할 수 있는 곳이 많았으며 그날은 야간 장터도 열리는 날이라 늦은 시간에 먹거리를 사 가지고 와서 숙소에서 먹고 놀다가 편안히 잘 잘수 있었습니다 호텔 사장님도 엄청 친절하시고 모든게 좋았습니다 전주오시면 주무시라고 추천하고 싶어요 큰 길가라서 예민하신 분은 차소리에 조금 신경 쓰일수 있으나 밤이되니 차도 별로 안 다니고 방음도 잘 되어 있어서 불편함은 없었습니다,4,2025-07,y,고급 호텔은 아니지만 세 명이서 충분히 잠잘 수 있었고 깔끔하고 깨끗했으며 무엇보다 주변에 전주한옥마을 전동 교회 전통시장 등 구경할 수 있는 곳이 많았으며 그날은 야간 장터도 열리는 날이라 늦은 시간에 먹거리를 사 가지고 와서 숙소에서 먹고 놀다가 편안히 잘 잘 수 있었습니다 호텔 사장님도 엄청 친절하시고 모든 게 좋았습니다 전주 오시면 주무시라고 추천하고 싶어요 큰 길가라서 예민하신 분은 차소리에 조금 신경 쓰일 수 있으나 밤이 되니 차도 별로 안 다니고 방음도 잘 되어 있어서 불편함은 없었습니다,8
y_58_003,전주 호텔다빈,당근색삽살개,객실 화장실 깨끗하고 너무 좋았습니다 직원분들도 친절하시고 일찍 체크인 해주셔서 감사했어요 칫솔 치약은 기본 제공이 안되지만 샴푸 바디워시 바디스펀지 비누는 있었어요 난방 잘 되고 에어컨도 잘 나옵니다 특히 침대가 너무 편해서 꿀잠잤어요 매트리스랑 베개에 일회용 커버같은게 씌워져있는데 그것도 부드러워서 좋았어용 유튜브 넷플릭스 티빙 등 됩니다 개인 로그인 해야해요 잘 쉬다 갑니다 다음에도 전주 오면 재방문할 것 같습니다,5,2025-06,y,객실 화장실 깨끗하고 너무 좋았습니다 직원분들도 친절하시고 일찍 체크인해 주셔서 감사했어요 칫솔 치약은 기본 제공이 안되지만 샴푸 보디워시 보디 스펀지 비누는 있었어요 난방 잘 되고 에어컨도 잘 나옵니다 특히 침대가 너무 편해서 꿀잠 잤어요 매트리스랑 베개에 일회용 커버 같은 게 씌워져있는데 그것도 부드러워서 좋았어요 유튜브 넷플릭스 티빙 등 됩니다 개인 로그인해야 해요 잘 쉬다 갑니다 다음에도 전주 오면 재방문할 것 같습니다,7
y_58_004,전주 호텔다빈,유머러스하고신나는아마존,어제월 일 전주 출장 차 호텔 다빈에서 하룻밤 묵었습니다 호텔 위치는 전주역에서 차로 분 거리라 접근성이 좋았고 주변에 한옥마을과 맛집들이 가까워 관광객에게도 강력 추천할 만했습니다 첫인상은 청결함이 가장 인상적이었어요 로비부터 복도 객실까지 모든 공간이 말끔하게 관리되고 있었습니다 직원 분들도 친절하고 프로페셔널한 태도로 체크인을 빠르게 도와주셨는데 작은 질문에도 세심하게 답변해 주셔서 감사했습니다 객실디럭스 트윈은 넉넉한 크기에 따뜻한 우드 톤의 인테리어로 편안한 분위기였습니다 침대는 매우 푹신했지만 허리를 지지해 주는 힘도 있어 출장 중 잠 못 드는 스트레스 없이 숙면을 취할 수 있었습니다 창밖 전주 시내 뷰도 특별히 번잡하지 않아 조용히 쉬기 좋았어요,5,2025-06,y,어제 올 일 전주 출장 차 호텔 다빈에서 하룻밤 묵었습니다 호텔 위치는 전주역에서 차로 분 거리라 접근성이 좋았고 주변에 한옥마을과 맛 집들이 가까워 관광객에게도 강력 추천할 만했습니다 첫인상은 청결함이 가장 인상적이었어요 로비부터 복도 객실까지 모든 공간이 말끔하게 관리되고 있었습니다 직원분들도 친절하고 프로페셔널한 태도로 체크인을 빠르게 도와주셨는데 작은 질문에도 세심하게 답변해 주셔서 감사했습니다 객실 디럭스 트윈은 넉넉한 크기에 따뜻한 우드 톤의 인테리어로 편안한 분위기였습니다 침대는 매우 푹신했지만 허리를 지지해 주는 힘도 있어 출장 중 잠 못 드는 스트레스 없이 숙면을 취할 수 있었습니다 창밖 전주 시내 뷰도 특별히 번잡하지 않아 조용히 쉬기 좋았어요,4
y_58_005,전주 호텔다빈,게슴츠레한순두부찌개,전주 한옥마을 근처에 있는 접근성도 훌륭하고 이 가격대에 말도 안 되는 룸컨디션이네요 여자친구와 전주여행와서 정말 잘 이용하고 갑니다 체크인 전에 짐을 보관할 수 있어서 좋았고 화장실도 나뉘어져 있어서 좋았습니다 개인적으로는 비누 받침이랑 발매트가 있는 곳을 선호하는데 다 구비되어 있네요 호텔 가운은 프론트에 문의해야 받을 수 있는 것 같습니다 애견동반도 가능한 점도 훌륭하고 지리적으로 전주 뚜벅이 여행 장소로 추천합니다 층 식당도 할인이 가능하다고 하니 참고해 주세요,5,2025-07,y,전주 한옥마을 근처에 있는 접근성도 훌륭하고 이 가격대에 말도 안 되는 룸 컨디션이네요 여자친구와 전주여행 와서 정말 잘 이용하고 갑니다 체크인 전에 짐을 보관할 수 있어서 좋았고 화장실도 나누어져 있어서 좋았습니다 개인적으로는 비누 받침이랑 발 매트가 있는 곳을 선호하는데 다 구비되어 있네요 호텔 가운은 프런트에 문의해야 받을 수 있는 것 같습니다 애견 동반도 가능한 점도 훌륭하고 지리적으로 전주 뚜벅이 여행 장소로 추천합니다 층 식당도 할인이 가능하다고 하니 참고해 주세요,6
y_58_006,전주 호텔다빈,돼낑이,한옥마을 웨리단길 객리단길 남부시장 다 접근성이 좋은 곳에 위치한 다빈호텔입니다 인근 숙소들에 비해 저렴한 편인데 시설도 좋고 편안해서 재방문 하게 되었습니다 여러 이벤트들도 진행하고 있어서 참여해 보는 것도 재미있을 듯하네요 루프탑은 처음 올라가 보았는데 예쁘게 잘 꾸며져 있었고 오목대나 전동성당 등 한옥마을이 보이는 야경도 참 아름다웠습니다 바비큐를 할 수 있는 공간도 따로 마련되어 있었는데 날이 좀 풀리고 따뜻할 때 이용하면 딱 좋을 것 같아요 편안하게 잘 묵고 갑니다,5,2025-06,y,한옥마을 웨리단길 객리 비단길 남부시장 다 접근성이 좋은 곳에 위치한 다 빈 호텔입니다 인근 숙소들에 비해 저렴한 편인데 시설도 좋고 편안해서 재방문 하게 되었습니다 여러 이벤트들도 진행하고 있어서 참여해 보는 것도 재미있을 듯하네요 루프탑은 처음 올라가 보았는데 예쁘게 잘 꾸며져 있었고 오목대나 전동성당 등 한옥마을이 보이는 야경도 참 아름다웠습니다 바비큐를 할 수 있는 공간도 따로 마련되어 있었는데 날이 좀 풀리고 따뜻할 때 이용하면 딱 좋을 것 같아요 편안하게 잘 묵고 갑니다,3
y_58_007,전주 호텔다빈,상파울루침팬지,주차장서부터 객실 입구까지 전부 깔끔하고 좋습니다 서비스도 깔끔하고 좋구요 객실도 넓습니다 특히나 제일 신경쓰는게 화장실 컨디션인데 침대에서 안보이고 건식으로 사용 가능하고 샤워부스 상태도 깨끗하고 변기 비데도 설치한지 얼마 안되었는지 굉장히 깔끔합니다 무엇보다 화장실 조명이 좋아서 면도할때 도움이 많이 됐습니다 심지어 셀카도 잘나와요 단 하나의 단점은 은근히 방음이 안됩니다 옆방에서 하는 소리가 잔잔하게 들려요 고것만 좀 아쉽고 전부 좋았습니다,5,2025-06,y,주차장서부터 객실 입구까지 전부 깔끔하고 좋습니다 서비스도 깔끔하고 좋고요 객실도 넓습니다 특히나 제일 신경 쓰는 게 화장실 컨디션인데 침대에서 안 보이고 건식으로 사용 가능하고 샤워부스 상태도 깨끗하고 변기 비데도 설치한지 얼마 안 되었는지 굉장히 깔끔합니다 무엇보다 화장실 조명이 좋아서 면도할 때 도움이 많이 됐습니다 심지어 셀카도 잘 나와요 단 하나의 단점은 은근히 방음이 안됩니다 옆방에서 하는 소리가 잔잔하게 들려요 고것만 좀 아쉽고 전부 좋았습니다,6
y_58_008,전주 호텔다빈,사수자리성직자,숙소 청결하고 무엇보다 전주 한옥마을이랑 정말 걸어서 분거리여서 뚜벅이 여행객분들한테는 강추입니다 룸컨디션도 좋고 화장실이 깨끗해서 너무 좋았어요 온수도 잘나오고 방음도 잘되서 조용하더라구요 경기전 풍남문 야시장까지도 전부 도보로 이용할수있어서 시간단축 필요한 여행객분들한테도 추천입니다 넷플릭스도 잘나와서 넷플릭스 보면서 하루 마무리 했네요 다음에 또 전주여행오게된다면 다시 방문할것같아요 침구도 푹신해서 재방문의사 프로입니당,5,2025-06,y,숙소 청결하고 무엇보다 전주 한옥마을이랑 정말 걸어서 분 거리여서 뚜벅이 여행객분들한테는 강추입니다 룸 컨디션도 좋고 화장실이 깨끗해서 너무 좋았어요 온수도 잘 나오고 방음도 잘 돼서 조용하더라고요 경기전 풍남문 야시장까지도 전부 도보로 이용할 수 있어서 시간 단축 필요한 여행객분들한테도 추천입니다 넷플릭스도 잘 나와서 넷플릭스 보면서 하루 마무리했네요 다음에 또 전주여행 오게 된다면 다시 방문할 것 같아요 침구도 푹신해서 재방문의 사 프로입니다,13
y_58_009,전주 호텔다빈,감자감깡,주차장 넓고 좋아요 한옥마을이 도보권이라 강아지와 함께 관광하기 정말 편리했어요 옥상에 루프탑도 정말 좋았습니다 다만 방마다 다르겠지만 저희 방은 전기 누락이 계속 되어 온돌방임에도 엄청나게 추웠고 화장실 이용에도 계속 불편함이 있었습니다 말씀 드리면 친절히 여러 방법을 답변해주셨지만 나아지는 건 없었고 전기 누락같은건 이미 알고 계시는 듯 하였습니다 그리고 이불도 조금 청결함이 떨어지는 것 같아요 전기 부분은 빨리 고치셔야되지 않을까 싶습니다,3,2025-06,y,주차장 넓고 좋아요 한옥마을이 도보권이라 강아지와 함께 관광하기 정말 편리했어요 옥상에 루프탑도 정말 좋았습니다 다만 방마다 다르겠지만 저희 방은 전기 누락이 계속되어 온돌 방임에도 엄청나게 추웠고 화장실 이용에도 계속 불편함이 있었습니다 말씀드리면 친절히 여러 방법을 답변해 주셨지만 나아지는 건 없었고 전기 누락 같은 건 이미 알고 계시는 듯하였습니다 그리고 이불도 조금 청결함이 떨어지는 것 같아요 전기 부분은 빨리 고치셔야 되지 않을까 싶습니다,7
y_58_010,전주 호텔다빈,조촐한스님,전주 한옥마을 도보로 분 거리 객리단길 도보 위치한 분거리에 위치해 숙소 위치는 정말 좋았어요 한옥마을이나 객리단길 주차가 어려운데 숙소에 주차 후 걸어서 다닐 수 있어서 좋았어요 침구도 깨끗했고 화장실도 청결하게 유지되어있어서 호텔 청결상태는 굉장히 만족스러웠습니다 그치만 한가지 아쉬운 점은 중앙제어 냉난방시스템이라 객실에서 온도조절이 불가능한 점이었습니다 비가 온 날이라 습해서 잠깐 에어컨을 틀려고 했지만 틀수가 없었고 밤엔 좀 더워서 창문을 열고 자서 주변 차 소음때문에 조금 불편했습니다 그 점만 아니면 호텔 청결상태나 서비스는 만족스러웠습니다,5,2025-05,y,전주 한옥마을 도보로 분 거리 객리 비단길 도보 위치한 분 거리에 위치해 숙소 위치는 정말 좋았어요 한옥마을이나 객리 비단길 주차가 어려운데 숙소에 주차 후 걸어서 다닐 수 있어서 좋았어요 침구도 깨끗했고 화장실도 청결하게 유지되어 있어서 호텔 청결상태는 굉장히 만족스러웠습니다 그렇지만 한 가지 아쉬운 점은 중앙제어 냉난방 시스템이라 객실에서 온도조절이 불가능한 점이었습니다 비가 온 날이라 습해서 잠깐 에어컨을 틀려고 했지만 틀 수가 없었고 밤엔 좀 더워서 창문을 열고 자서 주변 차 소음 때문에 조금 불편했습니다 그 점만 아니면 호텔 청결상태나 서비스는 만족스러웠습니다,9
y_58_011,전주 호텔다빈,승희76,시설 깔끔하고 좋아요 위치도 한옥마을 걸어서 구경할 수 있고다만 주차장이 협소하고 방음이 안되서 차소리 너무 시끄러웠어요 세면대 청소가 덜 된 건지 뭐가 묻어 있었음,3,2025-05,y,시설 깔끔하고 좋아요 위치도 한옥마을 걸어서 구경할 수 있고 다만 주차장이 협소하고 방음이 안돼서 차 소리 너무 시끄러웠어요 세면대 청소가 덜 된 건지 뭐가 묻어 있었음,3
y_58_012,전주 호텔다빈,알쏭달쏭하고배려있는소름,전주한옥마을에서 걸어서 가깝게 이용하기 좋았고 객실내부도 넓고 수압도 쎄고 넷플릭스보는 것도 좋았습니다 일회용품은 원내고 추가 이용하였고 객실 내에 샴푸 린스 바디워시는 있었습니다 조용해서 잠자기 좋았고 아침에 일어나서 화장하려니 화장하기는 좀 불편했습니다 화장대 의자가 없고 어두웠습니다 화장실이 굉장히 넓어서 사용하기 편리했습니다 재방문의사 있습니다,5,2025-07,y,전주 한옥마을에서 걸어서 가깝게 이용하기 좋았고 객실 내부도 넓고 수압도 세고 넷플릭스 보는 것도 좋았습니다 일회용품은 원내고 추가 이용하였고 객실 내에 샴푸 린스 보디워시는 있었습니다 조용해서 잠자기 좋았고 아침에 일어나서 화장하려니 화장하기는 좀 불편했습니다 화장대 의자가 없고 어두웠습니다 화장실이 굉장히 넓어서 사용하기 편리했습니다 재방문의 사 있습니다,6
y_58_013,전주 호텔다빈,슬로바키아언데드,방 깨끗하고 침대도 편하고 화장실이 넓어서 좋았습니다 다음에 또 전주 한옥마을 여행온다면 여기 오고 싶습니다 이번 여행에서 머문 호텔은 기대 이상으로 만족스러웠습니다 로비에 들어서는 순간부터 고급스럽고 깔끔한 분위기가 인상적이었고 직원분들도 매우 친절하게 응대해 주셔서 기분 좋게 체크인할 수 있었습니다 객실은 넓고 쾌적했으며 침구가 푹신하고 청결하게 관리되어 편안한 숙박이 가능했습니다 욕실도 깔끔하고 어메니티가 잘 구비되어 있어 편리하게 이용할 수 있었습니다 조식도 맛있고 종류가 다양해서 만족스러웠어요 위치도 좋아서 관광이나 이동이 편리했고 전반적으로 서비스와 시설 모두 훌륭한 호텔이었습니다 다음에도 꼭 다시 방문하고 싶습니다,5,2025-06,y,방 깨끗하고 침대도 편하고 화장실이 넓어서 좋았습니다 다음에 또 전주 한옥마을 여행 온다면 여기 오고 싶습니다 이번 여행에서 머문 호텔은 기대 이상으로 만족스러웠습니다 로비에 들어서는 순간부터 고급스럽고 깔끔한 분위기가 인상적이었고 직원분들도 매우 친절하게 응대해 주셔서 기분 좋게 체크인할 수 있었습니다 객실은 넓고 쾌적했으며 침구가 푹신하고 청결하게 관리되어 편안한 숙박이 가능했습니다 욕실도 깔끔하고 어메니티가 잘 구비되어 있어 편리하게 이용할 수 있었습니다 조식도 맛있고 종류가 다양해서 만족스러웠어요 위치도 좋아서 관광이나 이동이 편리했고 전반적으로 서비스와 시설 모두 훌륭한 호텔이었습니다 다음에도 꼭 다시 방문하고 싶습니다,1
y_58_014,전주 호텔다빈,김치만두김치찌개맛있다,시설 좋네요 좀 비싸긴 해도 좋았어요,5,2025-06,y,시설 좋네요 좀 비싸긴 해도 좋았어요,0
y_58_015,전주 호텔다빈,얼룩얼룩한스님,전반적으로 만족스러웠다 가장 큰 장점은 위치가 좋아 이동이 편리했다는 점이다 시설도 깔끔하고 룸 컨디션이 좋아 쾌적한 시간을 보낼 수 있었다 침구와 가구 상태도 양호해 편안하게 쉴 수 있었다 다만 객실 내에서 담배 냄새가 약간 남아 있어 예민한 사람이라면 조금 불편할 수도 있을 것 같다 또한 애견 동반이 가능한 호텔이라 걱정했지만 이용하는 동안 반려견 소리는 들리지 않아 조용하게 시간을 보낼 수 있었다 전반적으로 만족스러운 경험이었다 위치가 좋아서 재방문의사 있다,4,2025-06,y,전반적으로 만족스러웠다 가장 큰 장점은 위치가 좋아 이동이 편리했다는 점이다 시설도 깔끔하고 룸 컨디션이 좋아 쾌적한 시간을 보낼 수 있었다 침구와 가구 상태도 양호해 편안하게 쉴 수 있었다 다만 객실 내에서 담배 냄새가 약간 남아 있어 예민한 사람이라면 조금 불편할 수도 있을 것 같다 또한 애견 동반이 가능한 호텔이라 걱정했지만 이용하는 동안 반려견 소리는 들리지 않아 조용하게 시간을 보낼 수 있었다 전반적으로 만족스러운 경험이었다 위치가 좋아서 재방문의 사 있다,1
y_58_016,전주 호텔다빈,돼낑이,한 줄 총평 깔끔한 갓성비 한옥마을 호텔 위치 호텔이 한옥마을 쪽에 위치하고 있어서 한옥마을뿐만 아니라 남부시장 웨리단길 객리단길 다 걸어서 갈 만한 거리입니다 여행객들에게 최적의 위치가 아닐까 싶습니다 룸 컨디션 개인적으로 카펫 바닥을 선호하는 편은 아닌데 깔끔하게 잘 관리가 되어 있었습니다 슬리퍼도 있어서 이용하기 편리했어요 특히나 화장실이 넓고 쾌적해서 아주 만족스러웠답니다 수압도 세서 샤워할 때도 기분이 좋은 뷰 팔달로에 바로 호텔이 있어서 도로가 보이는 뷰예요 차 소리가 좀 들리긴 하지만 크게 신경쓰이진 않았습니다 부대시설 저는 이용해 보진 않았지만 루프탑에 애견 운동장이 있었어요 반려동물 키우시는 분들에게 좋을 것 같아요 애견 동반 전용 룸도 따로 있다고 하더라구요 또 바비큐장도 이용할 수 있다고 하던데 따뜻한 날에 방문하면 재밌을 것 같네요 서비스 셀프 세탁실이 있는데 무료로 이용할 수 있다고 합니다 여러 가지 고객의 편의를 위한 서비스들이 많은 호텔이라고 생각됩니다 네이버 영수증 이벤트 블로그 리뷰 이벤트도 진행하고 있어서 소소한 즐거움을 주네요 주의사항 일회용품은 따로 제공되지 않습니다 기본적인 샴푸 린스바디워시 등은 객실 내에 있는데 칫솔치약 면도기 등은 비치되어 있지 않아서 따로 준비를 하거나 프런트에서 구매를 해 사용하시면 되겠습니다 잘 묵고 갑니다,5,2025-05,y,한 줄 총평 깔끔한 갓성비 한옥마을 호텔 위치 호텔이 한옥마을 쪽에 위치하고 있어서 한옥마을뿐만 아니라 남부시장 웨리단길 객리단길 다 걸어서 갈 만한 거리입니다 여행객들에게 최적의 위치가 아닐까 싶습니다 룸 컨디션 개인적으로 카펫 바닥을 선호하는 편은 아닌데 깔끔하게 잘 관리가 되어 있었습니다 슬리퍼도 있어서 이용하기 편리했어요 특히나 화장실이 넓고 쾌적해서 아주 만족스러웠답니다 수압도 세서 샤워할 때도 기분이 좋은 뷰 팔달로에 바로 호텔이 있어서 도로가 보이는 뷰예요 차 소리가 좀 들리긴 하지만 크게 신경쓰이진 않았습니다 부대시설 저는 이용해 보진 않았지만 루프탑에 애견 운동장이 있었어요 반려동물 키우시는 분들에게 좋을 것 같아요 애견 동반 전용 룸도 따로 있다고 하더라구요 또 바비큐장도 이용할 수 있다고 하던데 따뜻한 날에 방문하면 재밌을 것 같네요 서비스 셀프 세탁실이 있는데 무료로 이용할 수 있다고 합니다 여러 가지 고객의 편의를 위한 서비스들이 많은 호텔이라고 생각됩니다 네이버 영수증 이벤트 블로그 리뷰 이벤트도 진행하고 있어서 소소한 즐거움을 주네요 주의사항 일회용품은 따로 제공되지 않습니다 기본적인 샴푸 린스바디워시 등은 객실 내에 있는데 칫솔치약 면도기 등은 비치되어 있지 않아서 따로 준비를 하거나 프런트에서 구매를 해 사용하시면 되겠습니다 잘 묵고 갑니다,-1
y_58_017,전주 호텔다빈,24937166,결혼하고 남편이랑 전주 여행 오면서 들린 호텔입니다 전반적으로 깔끔하고 시설도 오래되지않은 컨디션입니다 화장실도 넓고 깨끗해서 청결도가 높았습니다 다만 수건이 해져있고 찢어져 구멍난것들이 있어서 보완해주시면 좋을듯 합니다 한옥마을과 객사 남부시장이 걸어서 다닐정도로 가까워서 접근성이 좋았고 주차장도 자리가 넉넉했습니다 아 그리고 샤워실 세면대수전에 표시되어있는 온도색깔이랑 실제 온도가 반대로 되어있어서 이부분은 수리 해주시면 다른 분들이 오해없이 사용할거같습니다 남부시장 현대옥 걸어가서 콩나물국밥으로 해장하고 다시 숙소와서 쉬다 체크아웃했습니다 좋았어요 재방문 의사 있어요,5,2025-06,y,결혼하고 남편이랑 전주 여행 오면서 들린 호텔입니다 전반적으로 깔끔하고 시설도 오래되지 않은 컨디션입니다 화장실도 넓고 깨끗해서 청결도가 높았습니다 다만 수건이 해져있고 찢어져 구멍 난 것들이 있어서 보완해 주시면 좋을듯합니다 한옥마을과 객사 남부시장이 걸어서 다닐 정도로 가까워서 접근성이 좋았고 주차장도 자리가 넉넉했습니다 아 그리고 샤워실 세면대 수전에 표시되어 있는 온도 색깔이랑 실제 온도가 반대로 되어있어서 이 부분은 수리해 주시면 다른 분들이 오해 없이 사용할 거 같습니다 남부시장 현대옥 걸어가서 콩나물국밥으로 해장하고 다시 숙소 와서 쉬다 체크아웃했습니다 좋았어요 재방문 의사 있어요,13
y_58_018,전주 호텔다빈,가다라온니,전주 찾은 때면 당일코스로만 다녀왔었는데 깨끗하고넘 조용한 숙박이였습니다 또 기회가 되면 다빈호텔 찾을꺼같고 주변분들께 강추하고있네요 편안하게 잘 쉬었답니다,5,2025-07,y,전주 찾은 때면 당일코스로만 다녀왔었는데 깨끗하고 너무 조용한 숙박이었습니다 또 기회가 되면 다 빈 호텔 찾을 거 같고 주변 분들께 강추하고 있네요 편안하게 잘 쉬었답니다,6
y_58_020,전주 호텔다빈,참신한왕,굿굿굿굿굿 무난무난합당 전주 한옥마을 안에서 하루 묵기 좋아요 방도 깔끔합니다 근데 시 체크인이었는데 시 분에 갔더니 분 빨리 갔다고 원래는 추가요금 받는 거 아시죠 이번엔 그냥 해드릴게요 라고 하시더라구욤 민망했습니다 그거 말고는 뭐 수건에서 냄새 안나서 좋았어요,4,2025-07,y,굿굿굿굿굿 무난 무난 합당 전주 한옥마을 안에서 하루 묵기 좋아요 방도 깔끔합니다 근데 시 체크인이었는데 시 분에 갔더니 분 빨리 갔다고 원래는 추가요금 받는 거 아시죠 이번엔 그냥 해드릴게요라고 하시더라고요 민망했습니다 그거 말고는 뭐 수건에서 냄새 안 나서 좋았어요,5
y_58_021,전주 호텔다빈,의욕적인댕댕이,전체적인 인테리어나 청결상태는 좋았습니다 지리적으로 객사근처라 시내구경을 숙소에 나와서 여자친구랑 편하게 데이트를 보냈고 재밌는 시간을 보냈습니다 넷플릭스 관련해서 문의전화를 했는데 데스크에서 친절하게 받으시고 응대해주셔서 좋았습니다 그런데 좀 아쉬웠던 점도 있었는데 샤워가운이 숙소 내에 있지 않아서 샤워 후에 약간 불편함이 있었던 점이 조금 아쉬웠습니다 그리고 냉장고와 옷걸이가 있는 장소에 미닫이문이 있어서 사용하는데 조금 불편함을 느꼈지만 전체적으로 만족한 숙소였습니다,5,2025-05,y,전체적인 인테리어나 청결상태는 좋았습니다 지리적으로 객사 근처라 시내 구경을 숙소에 나와서 여자친구랑 편하게 데이트를 보냈고 재밌는 시간을 보냈습니다 넷플릭스 관련해서 문의전화를 했는데 데스크에서 친절하게 받으시고 응대해 주셔서 좋았습니다 그런데 좀 아쉬웠던 점도 있었는데 샤워가운이 숙소 내에 있지 않아서 샤워 후에 약간 불편함이 있었던 점이 조금 아쉬웠습니다 그리고 냉장고와 옷걸이가 있는 장소에 미닫이문이 있어서 사용하는데 조금 불편함을 느꼈지만 전체적으로 만족한 숙소였습니다,3
y_58_022,전주 호텔다빈,자욱한미니,숙소 깔끔하고 청결했어요 애견동반도 가능하고 바베큐도 가능해서 여행타입이 다양한 여러 사람들이 올 수 있을 느낌이었어요 저는 참여못했지만 여러 이벤트도 하고 있었어요 저렴한 가격으로 느낄수있는 퀄리티도 좋았고 걸어서 분내에 한옥마을이 있어서 관광하기에도 좋았어요 웨이터분 친절하셨고 주차장도 넓고 편했어요 조식이 아직 오픈하지 않은 부분이 조금 아쉬웠지만 만족스러웠습니다,5,2025-05,y,숙소 깔끔하고 청결했어요 애견 동반도 가능하고 바비큐도 가능해서 여행 타입이 다양한 여러 사람들이 올 수 있을 느낌이었어요 저는 참여 못했지만 여러 이벤트도 하고 있었어요 저렴한 가격으로 느낄 수 있는 퀄리티도 좋았고 걸어서 분내에 한옥마을이 있어서 관광하기에도 좋았어요 웨이터분 친절하셨고 주차장도 넓고 편했어요 조식이 아직 오픈하지 않은 부분이 조금 아쉬웠지만 만족스러웠습니다,5
y_58_023,전주 호텔다빈,redblue,가격 시설 위치 세가지 모두 만족한 호텔 좋았던 점 한옥마을 근처 다른 숙소들에 비해 지은지 얼마 되지않아 전체적으로 아주 청결 위치 경기전 한옥마을 남부시장 객사 모두 가까움 바로 앞에 버스정류장 무더운 날씨에 얼음물제공 분위기 있는 복도와 디테일한 조명 모던하면서도 한국적인무드가 잘 믹스된 인테리어 예상보다 꽤 넓은 공간 넓은 세면대메이크업 할수있는 공간 깨끗한 욕실 창문으로 보이는 조용한 풍경 부드러운 침구와 깨끗하고 정갈한 가구들 발수건매트 따로 있는 점 큰 욕실타올 제공 좀 아쉬웠던 점 넷플릭스 티비로 볼수있지만 개인계정으로 로그인 로그아웃 해야하는건 좀 번거로움 다음에 전주 오면 또 머물고 싶을만큼 전체적으로 너무 좋았습니다,5,2025-05,y,가격 시설 위치 세 가지 모두 만족한 호텔 좋았던 점 한옥마을 근처 다른 숙소들에 비해 지은지 얼마 되지 않아 전체적으로 아주 청결 위치 경기전 한옥마을 남부시장 객사 모두 가까움 바로 앞에 버스정류장 무더운 날씨에 얼음 물 제공 분위기 있는 복도와 디테일한 조명 모던하면서도 한국적인 무드가 잘 믹스된 인테리어 예상보다 꽤 넓은 공간 넓은 세면대 메이크업할 수 있는 공간 깨끗한 욕실 창문으로 보이는 조용한 풍경 부드러운 침구와 깨끗하고 정갈한 가구들 발수건 매트 따로 있는 점 큰 욕실 타월 제공 좀 아쉬웠던 점 넷플릭스 티브이로 볼 수 있지만 개인 계정으로 로그인 로그아웃해야 하는 건 좀 번거로움 다음에 전주 오면 또 머물고 싶을 만큼 전체적으로 너무 좋았습니다,12
y_58_024,전주 호텔다빈,o여행은즐거워o,주차장부터 체크인 객실까지 모두다 너무 좋았던 숙소였습니다 기분 좋음 여행에 좋은 잠자리는 필수인데 정말 좋은 추억을 가지고 현실로 돌아왔네요 전주한옥마을도 걸어가는데 무리없는 거리에 있고 너무 주변이 너무 복잡하거나 하지 않아서 좋았습니다 다음 전주 방문때 또 이용하러 가겠습니다,5,2025-06,y,주차장부터 체크인 객실까지 모두 다 너무 좋았던 숙소였습니다 기분 좋음 여행에 좋은 잠자리는 필수인데 정말 좋은 추억을 가지고 현실로 돌아왔네요 전주 한옥마을도 걸어가는데 무리 없는 거리에 있고 너무 주변이 너무 복잡하거나 하지 않아서 좋았습니다 다음 전주 방문 때 또 이용하러 가겠습니다,4
y_58_025,전주 호텔다빈,까뭉까뭉,넘 친절하시고 객실도 깔끔해서 엄마와 함께 좋은 시간 보내다 갑니다 감사합니다,5,2025-07,y,너무 친절하시고 객실도 깔끔해서 엄마와 함께 좋은 시간 보내다 갑니다 감사합니다,1
y_58_026,전주 호텔다빈,네덜란드웨이터,숙소는 청결하고 직원들 친절햬서 좋았습니다 주변에 먹거리도 많고 한옥마을도 가까워 힐옥마을 오시는분들은 강추 합니다,4,2025-07,y,숙소는 청결하고 직원들 친절햬서 좋았습니다 주변에 먹거리도 많고 한옥마을도 가까워 일옥 마을 오시는 분들은 강추 합니다,3
y_58_027,전주 호텔다빈,진지하고배려있는타미,한옥마을 인근으로 고급스럽긴 한데 설마 칫솔치약이 없을 줄은,4,2025-06,y,한옥마을 인근으로 고급스럽긴 한데 설마 칫솔치약이 없을 줄은,0
y_58_028,전주 호텔다빈,gns2117,전주 중심가에 위치한 답 호텔 주변에 맛집도 많고 놀거리볼거리 많다 전주쪽 놀러가면 자주 들리는 숙소 강추전주 중심가에 위치한 답 호텔 주변에 맛집도 많고 놀거리볼거리 많다 전주쪽 놀러가면 자주 들리는 숙소 강추전주 중심가에 위치한 답 호텔 주변에 맛집도 많고 놀거리볼거리 많다 전주쪽 놀러가면 자주 들리는 숙소 강추전주 중심가에 위치한 답 호텔 주변에 맛집도 많고 놀거리볼거리 많다 전주쪽 놀러가면 자주 들리는 숙소 강추,5,2025-07,y,전주 중심가에 위치한 답 호텔 주변에 맛집도 많고 놀 거리 볼거리 많다 전주 쪽 놀러 가면 자주 들리는 숙소 강추 전주 중심가에 위치한 답 호텔 주변에 맛집도 많고 놀 거리 볼거리 많다 전주 쪽 놀러 가면 자주 들리는 숙소 강추 전주 중심가에 위치한 답 호텔 주변에 맛집도 많고 놀 거리 볼거리 많다 전주 쪽 놀러 가면 자주 들리는 숙소 강추 전주 중심가에 위치한 답 호텔 주변에 맛집도 많고 놀 거리 볼거리 많다 전주 쪽 놀러 가면 자주 들리는 숙소 강추,15
y_58_029,전주 호텔다빈,아지아리엄마,전주한옥마을 반려견과 동반숙소를 찾다가 도보거리 및 반려견운동장도 있어서 예약 했어요 숙소는약간 올드한 온돌방이지만 깔끔했고 강아지 운동장도 이쁘고 또한 한옥마을 과 가까워서 좋았어요 반려견동반 한옥마을 여행 계획이면 추천해요 직원분들 또한 친절해요,4,2025-05,y,전주한옥마을 반려견과 동반 숙소를 찾다가 도보거리 및 반려견운동장도 있어서 예약했어요 숙소는 약간 올드 한 온돌 방이지만 깔끔했고 강아지 운동장도 이쁘고 또한 한옥마을과 가까워서 좋았어요 반려 견도 반 한옥마을 여행 계획이면 추천해요 직원분들 또한 친절해요,8
y_58_030,전주 호텔다빈,발랑스,전주 호텔다빈은 근처에 전주한옥마을 먹거리골목 과 남부시장 풍년제과 본점 등이 있어서 실제적으로 관광하며 머물기에 딱 좋은 곳이었습니다 저희가 머문 숙소는 가격이 높은 대신에 평 같은 넓은 곳으로 침대 개 더블퀸 있고 명이 앉은 넓은 대형 테이블 티비 개가 있고 옷을 보관할 옷방이 따로있어서 거기에 캐리어보관하기가 아주아주 용이했고 게다가 옷 살균건조기가 있어요 그래서 밤에 잘때 옷을 살균건조시키니 아주 맘에 드네요 욕실은 비데와 대형욕조가 있는데 그 욕조가 워낙커서 아주 편한데 물마사지기능도 있네요 아주 좋은 숙소에요,5,2025-05,y,전주 호텔 다빈은 근처에 전주한옥마을 먹거리 골목과 남부시장 풍년제과 본점 등이 있어서 실제적으로 관광하며 머물기에 딱 좋은 곳이었습니다 저희가 머문 숙소는 가격이 높은 대신에 평 같은 넓은 곳으로 침대 개 더블 퀸 있고 명이 앉은 넓은 대형 테이블 티브이 개가 있고 옷을 보관할 옷방이 따로 있어서 거기에 캐리어 보관하기가 아주아주 용이했고 게다가 옷 살균 건조기가 있어요 그래서 밤에 잘 때 옷을 살균 건조하니 아주 맘에 드네요 욕실은 비데와 대형 욕조가 있는데 그 욕조가 워낙 커서 아주 편한데 물 마사지 기능도 있네요 아주 좋은 숙소에요,12
y_58_031,전주 호텔다빈,캐논카메라,모텔인 호텔이라 생각하고 왔는데 지하주차장도 있고 호텔식 침구였습니다 저는 위생청결을 중요시하는데 그런면에서 깨끗한것 같아 거부감없이 이용할것같아요 티비도 누워서 보기좋은 위치라 좋았습니다 근처에 객사길이 가깝다는데 기대되는곳입니다,4,2025-05,y,모텔인 호텔이라 생각하고 왔는데 지하주차장도 있고 호텔식 침구였습니다 저는 위생청결을 중요시하는데 그런 면에서 깨끗한 것 같아 거부감 없이 이용할 것 같아요 티브이도 누워서 보기 좋은 위치라 좋았습니다 근처에 객사 길이 가깝다는데 기대되는 곳입니다,8
y_58_032,전주 호텔다빈,밝고남다른설악워터피아,한옥마을과 접근성 최고 지하주차장관리도 좋았고 루프탑도 좋았어요 시설도 깨끗하고 직원분들도 친절해서 다시 또 오고 싶어요,4,2025-05,y,한옥마을과 접근성 최고 지하주차장 관리도 좋았고 루프탑도 좋았어요 시설도 깨끗하고 직원분들도 친절해서 다시 또 오고 싶어요,1
y_58_033,전주 호텔다빈,쏘피여기,전주 자주 출장오는데 첫이용해봤어요 그동안 몰랐던 것이 아쉬울 정도로 매우 만족합니다 지하주차장이 있다는게 넘 큰 장점이었습니다 찾기도 쉬웠구요 위치가 진짜 대박이네요 즐겨찾는 풍남문식당도 가깝고요 흔치 않은 빽다방베이커리도 차량분거리 총평숙소 내부 사진을 깜빡하고 찍지 못했는데 이미지와 동일하고 심지어 객실 크기가 커서 정말 좋았습니다 침대가 킹사이즈네요 둘이 매우 넓게 편하게 잤네요 기대 이상 청결하고 인테리어 구조 모든게 대만족스런 숙소였어요,5,2025-05,y,전주 자주 출장 오는데 첫 이용해 봤어요 그동안 몰랐던 것이 아쉬울 정도로 매우 만족합니다 지하주차장이 있다는 게 너무 큰 장점이었습니다 찾기도 쉬웠고요 위치가 진짜 대박이네요 즐겨 찾는 풍남문 식당도 가깝고요 흔치 않은 빽다방 베이커리도 차량 분 거리 총 평 숙소 내부 사진을 깜빡하고 찍지 못했는데 이미지와 동일하고 심지어 객실 크기가 커서 정말 좋았습니다 침대가 킹사이즈네요 둘이 매우 넓게 편하게 잤네요 기대 이상 청결하고 인테리어 구조 모든 게 대만족스러운 숙소였어요,12
y_58_034,전주 호텔다빈,카이로누나,가끔 들리는 깔끔한 숙소 입니다 입실 및 퇴실시간 아주 만족스럽고 방상태도 관리가 잘되어있슺니다 매트리스가 좋아요 외각지역이라 소음공해 역시 적어서 잠자기 편리합니다 고요한밤에도 주변 소리나 티비음량이 들리는 경우가 없어 숙면을 취하기 좋습니다 근처에 편의시설들이 많아서 숙박하기 좋아요 화장실 수압은 강하고 따뜻한물 아주 잘나옵니다 아직 여름철대비 에어컨 정비는 잘되어서 시원하고 좋습니다 생수가 넉넉히 있어서 추가로 챙길 필요는 없습니다 다음에도 방문할만합니다,5,2025-05,y,가끔 들리는 깔끔한 숙소입니다 입실 및 퇴실 시간 아주 만족스럽고 발상 태도 관리가 잘 되어있습니다 매트리스가 좋아요 외각지역이라 소음공해 역시 적어서 잠자기 편리합니다 고요한 밤에도 주변 소리 나 티브이 음량이 들리는 경우가 없어 숙면을 취하기 좋습니다 근처에 편의 시설들이 많아서 숙박하기 좋아요 화장실 수압은 강하고 따뜻한 물 아주 잘 나옵니다 아직 여름철 대비 에어컨 정비는 잘 되어서 시원하고 좋습니다 생수가 넉넉히 있어서 추가로 챙길 필요는 없습니다 다음에도 방문할만합니다,12
y_58_035,전주 호텔다빈,정확솔직하게,일단 가운이 없어서 너무 당황스러웠고 슬리퍼 있는쪽 문이 안열려서 슬리퍼도 겨우 신음 기본 어매니티 없음 깔끔하긴 함 야간근무자 같던데 안경 쓴 젊은 분이 매우 친절하셨음 칭찬 주차장 잘 되어 있음 한옥마을이랑 매우 인접 뭔가 부족했지만 동반인이 매우 불만 개인적으로 나쁘진 않았음직원덕분 재방문 의사 높음,4,2025-05,y,일단 가운이 없어서 너무 당황스러웠고 슬리퍼 있는 쪽 문이 안 열려서 슬리퍼도 겨우 신음 기본 어메니티 없음 깔끔하긴 함 야간근무자 같던데 안경 쓴 젊은 분이 매우 친절하셨음 칭찬 주차장 잘 되어 있음 한옥마을이랑 매우 인접 뭔가 부족했지만 동반인이 매우 불만 개인적으로 나쁘진 않았음 직원 덕분 재방문 의사 높음,4
y_58_036,전주 호텔다빈,부곡하와이단추구멍,호텔은 한적하고 좋은 위치에 있지만 이 뷰를 시티뷰라고 만원 받으시는건 좀 황당하네요,4,2025-05,y,호텔은 한적하고 좋은 위치에 있지만 이 뷰를 시티 부라고 만원 받으시는 건 좀 황당하네요,2
y_58_037,전주 호텔다빈,초코쉐이크10,룸 컨디션은 깔끔했고 직원분들도 친절하셨어요 다만 욕실 예림도어 손잡이가 일반손잡이에 비해 무거운편이었는데 고정이 안됐는지 엄지발가락으로 떨어졌어요 떨어지면서 튕겨나갔는데 피가나고 통증이 심해서 병원 갔더니 깁스해주셨어요 청결도 좋지만 시설도 잘 확인해주셔야할것같아요 깁스때문에 여행내내 답답하고 불편했어요,3,2025-05,y,룸 컨디션은 깔끔했고 직원분들도 친절하셨어요 다만 욕실 예림도 어 손잡이가 일반 손잡이에 비해 무거운 편이었는데 고정이 안됐는지 엄지발가락으로 떨어졌어요 떨어지면서 튕겨나갔는데 피가 나고 통증이 심해서 병원 갔더니 깁스해 주셨어요 청결도 좋지만 시설도 잘 확인해 주셔야 할 것 같아요 깁스 때문에 여행 내내 답답하고 불편했어요,8
y_58_038,전주 호텔다빈,밝고푸른황금고양이,오랜만에 급으로 전주여행 왔는데 위치도 마음에 들었지만 객실상태 너무 깨끗하고 마음에 들었습니다 다른곳에수 자게되면 뭔지 모를 찝찝함 때문에 잠을 설치게 되는데 여긴 그런거 없이 객실 컨디션 너무 괜찮고 잠도 푹 잘잤어요 다음에 전주 오게되면 또 오고 싶은 곳입니다,5,2025-07,y,오랜만에 급으로 전주여행 왔는데 위치도 마음에 들었지만 객실 상태 너무 깨끗하고 마음에 들었습니다 다른 곳에 수 자게 되면 뭔지 모를 찝찝함 때문에 잠을 설치게 되는데 여긴 그런 거 없이 객실 컨디션 너무 괜찮고 잠도 푹 잘 잤어요 다음에 전주 오게 되면 또 오고 싶은 곳입니다,6
y_58_039,전주 호텔다빈,카이로누나,가끔 들리는 깔끔한 숙소 입니다 입실 및 퇴실시간 아주 만족스럽고 방상태도 관리가 잘되어있슺니다 매트리스가 좋아요 소음공해가 적어서 잠자기 편리합니다 하지만 고요한밤에도 근처방소리나 티비음량이 들리지않아요 화장실 수압은 강하고 따뜻한물 아주 잘나옵니다 여름철대비 에어컨 정비가 잘 되어있어 시원하게 보낼 수 있었습니다 생수가 넉넉히 있어서 추가로 챙길 필요는 없습니다 다음에도 방문할만합니다모두들 친절하고 기분좋은 응대를 해줍니다 잘쉬다갑니다,5,2025-05,y,가끔 들리는 깔끔한 숙소입니다 입실 및 퇴실 시간 아주 만족스럽고 발상 태도 관리가 잘 되어있습니다 매트리스가 좋아요 소음공해가 적어서 잠자기 편리합니다 하지만 고요한 밤에도 근처방 소리 나 티브이 음량이 들리지 않아요 화장실 수압은 강하고 따뜻한 물 아주 잘 나옵니다 여름철 대비 에어컨 정비가 잘 되어있어 시원하게 보낼 수 있었습니다 생수가 넉넉히 있어서 추가로 챙길 필요는 없습니다 다음에도 방문할만합니다 모두들 친절하고 기분 좋은 응대를 해줍니다 잘 쉬다 갑니다,14
y_58_040,전주 호텔다빈,가무잡잡하고가냘픈약혼,쾌적했어요 상태나 위치나,5,2025-06,y,쾌적했어요 상태나 위치나,0
y_58_041,전주 호텔다빈,구라니아,깨끗하고 좋았습니다 한옥마을이랑 가깝구요 다음에 전주 여행 가면 또 이용하겠습니다,5,2025-06,y,깨끗하고 좋았습니다 한옥마을이랑 가깝고요 다음에 전주 여행 가면 또 이용하겠습니다,1
y_58_042,전주 호텔다빈,똑순2,깨끗하고 넓고 주차시설도 많아요 수압좋고 방도 따뜻했어요 한옥마을 남부시장 도보로 걸어다니기 좋은 위치임 루프탑이 뻥 뚫려서 좋네요 아쉬운점은 화장실 슬리퍼는 없는 점 호텔이라 어메니티에 피임용품 없으니 미리구매하세요 깨끗하고 넓고 주차시설도 많아요 수압좋고 방도 따뜻했어요 한옥마을 남부시장 도보로 걸어다니기 좋은 위치임 루프탑이 뻥 뚫려서 좋네요 아쉬운점은 화장실 슬리퍼는 없는 점 호텔이라 어메니티에 피임용품 없으니 미리구매하세요,5,2025-06,y,깨끗하고 넓고 주차시설도 많아요 수압 좋고 방도 따뜻했어요 한옥마을 남부시장 도보로 걸어 다니기 좋은 위치임 루프탑이 뻥 뚫려서 좋네요 아쉬운 점은 화장실 슬리퍼는 없는 점 호텔이라 어메니티에 피임용품 없으니 미리 구매하세요 깨끗하고 넓고 주차시설도 많아요 수압 좋고 방도 따뜻했어요 한옥마을 남부시장 도보로 걸어 다니기 좋은 위치임 루프탑이 뻥 뚫려서 좋네요 아쉬운 점은 화장실 슬리퍼는 없는 점 호텔이라 어메니티에 피임용품 없으니 미리 구매하세요,8
y_58_044,전주 호텔다빈,양드리안2,큰 호텔이 아닌데도 직원 두분 정도가 카운터에 상주해 계시고 친절 하셨어요,4,2025-06,y,큰 호텔이 아닌데도 직원 두 분 정도가 카운터에 상주해 계시고 친절하셨어요,2
y_58_045,전주 호텔다빈,스*****,우선 차 없이 도보로 여행하기에 한옥마을 근처라 위치가 너무 너무 좋았어요 체크인 전에 짐도 미리 맡길 수 있고 직원분들이 모두 친절하셨어요 살짝 더운 날씨라 체크인 전에 미리 방 에어컨도 가동해 놔주시고 신경을 많이 써주시는 것 같았습니다 생긴지 얼마 안 된 건지 내부도 너무 깔끔하고 정돈이 잘 된 느낌이었어요 층이라 커튼을 걷으면 밖에서 너무 잘 보일 것 같아 계속 닫아만 둔 게 조금 아쉽네요 루프탑 층의 바베큐장은 이용하지 않았지만 선선할 때 간단하게 야식 준비해서 먹기 좋을 것 같아요,5,2025-05,y,우선 차 없이 도보로 여행하기에 한옥마을 근처라 위치가 너무너무 좋았어요 체크인 전에 짐도 미리 맡길 수 있고 직원분들이 모두 친절하셨어요 살짝 더운 날씨라 체크인 전에 미리 방 에어컨도 가동해 놔주시고 신경을 많이 써주시는 것 같았습니다 생긴지 얼마 안 된 건지 내부도 너무 깔끔하고 정돈이 잘 된 느낌이었어요 층이라 커튼을 걷으면 밖에서 너무 잘 보일 것 같아 계속 닫아만 둔 게 조금 아쉽네요 루프탑 층의 바비큐장은 이용하지 않았지만 선선할 때 간단하게 야식 준비해서 먹기 좋을 것 같아요,2
y_58_046,전주 호텔다빈,동백나무숲과잉,내부도깔끔하고 접근성도 좋고 따뜻한물도 잘나오고 전반적으로매우만족합니다 세탁 건조 무료인게너무좋네요,4,2025-06,y,내부도 깔끔하고 접근성도 좋고 따뜻한 물도 잘 나오고 전반적으로 매우 만족합니다 세탁 건조 무료인 게 너무 좋네요,5
y_58_047,전주 호텔다빈,씬난다,한옥마을 도보가능한 숙소찾다가 예약했어요 숙소상태 깨끗하고 만족합니다,4,2025-06,y,한옥마을 도보 가능한 숙소 찾다가 예약했어요 숙소 상태 깨끗하고 만족합니다,3
y_58_048,전주 호텔다빈,hhyyyy,숙소 너무 깔끔하고 좋았어요 일단 위치가 너무 좋아서 다음에도 여기로 오고싶네요,5,2025-06,y,숙소 너무 깔끔하고 좋았어요 일단 위치가 너무 좋아서 다음에도 여기로 오고 싶네요,1
y_58_049,전주 호텔다빈,예순일곱살버들,전주 박일을 하면서 호텔다빈을 묵었습니다 일단 객실이 너무 깔끔해서 처음 들어갈때 기분이 좋았습니다 그리고 전주에서 관광할곳들의 중심에 위치해 있어 어느곳을 가도 멀지 않을 거리였습니다 다만 아쉬운건 샤워를 하고 배수가 잘되지 않아 조금 당황했지만 그걸 제외하고 모두 맘에 들었어서 잘 이용하고 갑니다 전주 박일을 하면서 호텔다빈을 묵었습니다 일단 객실이 너무 깔끔해서 처음 들어갈때 기분이 좋았습니다 그리고 전주에서 관광할곳들의 중심에 위치해 있어 어느곳을 가도 멀지 않을 거리였습니다 다만 아쉬운건 샤워를 하고 배수가 잘되지 않아 조금 당황했지만 그걸 제외하고 모두 맘에 들었어서 잘 이용하고 갑니다,5,2025-05,y,전주 박일을 하면서 호텔 다빈을 묵었습니다 일단 객실이 너무 깔끔해서 처음 들어갈 때 기분이 좋았습니다 그리고 전주에서 관광할 곳들의 중심에 위치해 있어 어느 곳을 가도 멀지 않을 거리였습니다 다만 아쉬운 건 샤워를 하고 배수가 잘되지 않아 조금 당황했지만 그걸 제외하고 모두 맘에 들어서 잘 이용하고 갑니다 전주 박일을 하면서 호텔 다빈을 묵었습니다 일단 객실이 너무 깔끔해서 처음 들어갈 때 기분이 좋았습니다 그리고 전주에서 관광할 곳들의 중심에 위치해 있어 어느 곳을 가도 멀지 않을 거리였습니다 다만 아쉬운 건 샤워를 하고 배수가 잘되지 않아 조금 당황했지만 그걸 제외하고 모두 맘에 들어서 잘 이용하고 갑니다,12
y_58_050,전주 호텔다빈,플로리다무덤,여행에서 가장 고민되는 부분이 숙박인데 다빈호텔 후기가 많이 없어서 고민했는데 괜한 고민이었어요 시설이 깨끗하고 위치도 한옥마을과 가까워서 이용하기 참 좋았어요 지하주차장도 있어서 객실로 이동하기 참 편리했어요 온돌방을 이용했는데 바닥도 훈훈해서 따뜻하게 잘 잤어요 난방이 아주 잘 되서 꿀잠 다음날에 바로 근처에 쫀드기와 풍년제과가 있어서 바로 기념품 사기에도 너무너무 좋았어요 좋았던 기억 안고 집으로 갑니다 다음에 또 방문할게요,5,2025-06,y,여행에서 가장 고민되는 부분이 숙박인데 다 빈 호텔 후기가 많이 없어서 고민했는데 괜한 고민이었어요 시설이 깨끗하고 위치도 한옥마을과 가까워서 이용하기 참 좋았어요 지하주차장도 있어서 객실로 이동하기 참 편리했어요 온돌방을 이용했는데 바닥도 훈훈해서 따뜻하게 잘 잤어요 난방이 아주 잘 돼서 꿀잠 다음날에 바로 근처에 쫀드기와 풍년제과가 있어서 바로 기념품 사기에도 너무너무 좋았어요 좋았던 기억 안고 집으로 갑니다 다음에 또 방문할게요,3
y_58_051,전주 호텔다빈,떠그닥,객실 깔끔하고 위치가 너무 좋았습니다 뚜벅이들에게 좋은 숙소에요,5,2025-06,y,객실 깔끔하고 위치가 너무 좋았습니다 뚜벅이들에게 좋은 숙소에요,0
y_58_052,전주 호텔다빈,SWAGLEGO,결혼식 하객분들 숙소를 찾다가 타숙소 오픈이 지연 되어 호텔 다빈으로 예약했는데 주차 자리도 괜찮았고 위치도 좋았으며 호텔 내부 느낌이 깔끔하고 좋았습니다 모셨던 분들이 다들 편안히 잘 쉬었다고 하여 마음이 놓입니다 특별한날 특별한 곳에서 좋은 추억 쌓고 갑니다 근처에 한옥마을이 가까워 도보로 이동하기 용이하여 마음껏 즐기고 술도 한잔하기 딱 좋네요 한옥마을 여행 계획중이시라면 호텔 다빈을 한번 추천드려 봅니다 후회 없는 선택이실꺼라고요 행복한 여행 감사합니다,5,2025-05,y,결혼식 하객분들 숙소를 찾다가 타숙소 오픈이 지연되어 호텔 다빈으로 예약했는데 주차 자리도 괜찮았고 위치도 좋았으며 호텔 내부 느낌이 깔끔하고 좋았습니다 모셨던 분들이 다들 편안히 잘 쉬었다고 하여 마음이 놓입니다 특별한 날 특별한 곳에서 좋은 추억 쌓고 갑니다 근처에 한옥마을이 가까워 도보로 이동하기 용이하여 마음껏 즐기고 술도 한잔하기 딱 좋네요 한옥마을 여행 계획 중이시라면 호텔 다빈을 한번 추천드려 봅니다 후회 없는 선택이실 거라고요 행복한 여행 감사합니다,5
y_58_053,전주 호텔다빈,클린수호천사,전주한옥마을에서 고급스러운 숙소 찾는다면 과연 여기가 아닐까 자부합니다 위치적으로나 숙소 깔끔함과 편안함은 정말 좋네요 주차도 걱정안되게 하는 다빈호텔 이 다음 전주 여행도 저는 다빈과 함께하겠습니다 기분 좋게 푹쉬다 갑니다 감사합니당,5,2025-05,y,전주 한옥마을에서 고급스러운 숙소 찾는다면 과연 여기가 아닐까 자부합니다 위치적으로나 숙소 깔끔함과 편안함은 정말 좋네요 주차도 걱정 안 되게 하는 다 빈 호텔 이다음 전주 여행도 저는 다빈과 함께하겠습니다 기분 좋게 푹 쉬다 갑니다 감사합니다,6
y_58_054,전주 호텔다빈,쌍토리니,편히잘쉬다가감니다감사합니다,5,2025-06,y,편히 잘 쉬다가 갑니다 감사합니다,1
y_58_055,전주 호텔다빈,raw0209,한옥마을이랑도 가깝고 숙소도 쾌적하고 아주 마음에 들었습니다,5,2025-06,y,한옥마을이랑도 가깝고 숙소도 쾌적하고 아주 마음에 들었습니다,0
y_58_056,전주 호텔다빈,철학적이고바람직한슬로베니아,깨끗하고 친절하고 좋았어요,5,2025-06,y,깨끗하고 친절하고 좋았어요,0
y_58_057,전주 호텔다빈,가봉도베르만,숙소에 머무르는 내내 친절하고 빠르게 응대해주셔서 편하게 쉬다 갑니다 숙소내 편의시설이 작지만 모두 갖춰져있어 한 달 살기하러 오시는 분들도 있는 것 같아요 숙소 내 계단이 가파른 편이라서 아기시부모님 동반한 저희가구는 조금 신경쓰이는 부분이었지만 젊은 커플들은 좋을 것 같아요 층 식탁에서 보이는 바다 야경과 조망이 정말 예쁘거든요 그리고 운영자님 서비스는 웬만한 호텔리조트 시설 부럽지 않을 정도로 좋았습니다 저희가 빼놓은 짐도 따로 챙겨주시고 너무 송구스럽고 감사합니다 너무 늦은 리뷰지만 추천하는 숙소에요,5,2025-05,y,숙소에 머무르는 내내 친절하고 빠르게 응대해 주셔서 편하게 쉬다 갑니다 숙소 내 편의시설이 작지만 모두 갖춰져있어 한 달 살기 하러 오시는 분들도 있는 것 같아요 숙소 내 계단이 가파른 편이라서 아기 시부모님 동반한 저희 가구는 조금 신경 쓰이는 부분이었지만 젊은 커플들은 좋을 것 같아요 층 식탁에서 보이는 바다 야경과 조망이 정말 예쁘거든요 그리고 운영자님 서비스는 웬만한 호텔리조트 시설 부럽지 않을 정도로 좋았습니다 저희가 빼놓은 짐도 따로 챙겨주시고 너무 송구스럽고 감사합니다 너무 늦은 리뷰지만 추천하는 숙소에요,6
y_58_058,전주 호텔다빈,남원헌병대,아들 군대가기 전주에 출발산 전주여행 아홉시가 넘게 도착해 급하거 예약 했습니다 진입하는 주차장부터 넓고 깔끔했으며 늦은 시간에도 친절한 직원분의 배려로 트윈배드가 있는 룸으로 업글 해주셨네요 호털 설명은 더할나위없이 좋구요 방문을 열었을때 아무 냄새도 나지않는 정말 최상의 컨디션 이었네요 그렇게 잘이용하고 다음날 도착한 광주 숙소에 도착 해서야 목욕바구니를 놓고 온걸 알았네요 금액으로야 얼마 안되지만 항상 차에 가지고 다니던거라 혹시나 하는 마음으로 택배 요청을 드렸습니다 그렇게 도착한 목욕바구니 물품하나하나 개별포장해 박스내에서 흔들리지 않도록 빈틈없이 종이로 틈을 메꿔주신 정성 정말 이렇게 감동스런 선물이 따로 없네요 일년에 한번이상 방문하는 전주에서의 숙소는 무조건 다빈입니다,5,2025-05,y,아들 군대 가기 전주에 출발산 전주여행 아홉시가 넘게 도착해 급하게 예약했습니다 진입하는 주차장부터 넓고 깔끔했으며 늦은 시간에도 친절한 직원분의 배려로 트윈 배드가 있는 룸으로 업글해 주셨네요 호텔 설명은 더할 나위 없이 좋고요 방문을 열었을 때 아무 냄새도 나지 않는 정말 최상의 컨디션이었네요 그렇게 잘 이용하고 다음날 도착한 광주 숙소에 도착 해서야 목욕 바구니를 놓고 온 걸 알았네요 금액으로야 얼마 안 되지만 항상 차에 가지고 다니던 거라 혹시나 하는 마음으로 택배 요청을 드렸습니다 그렇게 도착한 목욕 바구니 물품 하나하나 개별 포장해 박스 내에서 흔들리지 않도록 빈틈없이 종이로 틈을 메꿔주신 정성 정말 이렇게 감동스러운 선물이 따로 없네요 일 년에 한 번 이상 방문하는 전주에서의 숙소는 무조건 다빈입니다,24
y_58_059,전주 호텔다빈,이강소,객사에서 놀 때는 이 숙소만 이용해요 위치 청결도 서비스 다 좋아요,5,2025-06,y,객사에서 놀 때는 이 숙소만 이용해요 위치 청결도 서비스 다 좋아요,0
y_58_060,전주 호텔다빈,자기야호텔이라며,깔끔하고 친절하십니다,4,2025-06,y,깔끔하고 친절하십니다,0
y_58_061,전주 호텔다빈,s블루스카이,친절하고 추석이라 송편도 주시고 침구랑 타월 화장실 깨끗하고 좋았습니다 다음번에도 방문의사 있습니다,4,2025-05,y,친절하고 추석이라 송편도 주시고 침구랑 타월 화장실 깨끗하고 좋았습니다 다음번에도 방문의 사 있습니다,1
y_58_062,전주 호텔다빈,푸드드드드드극,여행은 역시 숙소가 중요하다고 생각하는 인입니다 뭐 하나 빠지는 것 없이 쾌적하고 깨끗한 숙소였고 경기전 근처에 위치한 호텔이라 한옥마을 가기에도 적합했고 객리단길 객사길 가기에도 참 좋았습니다 호텔 정문을 등지고 서서 왼편이 남부시장 가는 길전동성당 가는 길입니다 걷다보면 아실거예요 걷다보면 왼편에 전동성당이 나옵니다 오른편은 객리단길 초입 부분인데 설명하기가 좀 애매하네요아무튼 길 두 번만 건너면 바로 나옵니다 아무튼 주차도 참 좋았어요 뭐가 빠지더라완전 강추합니다,5,2025-05,y,여행은 역시 숙소가 중요하다고 생각하는 인입니다 뭐 하나 빠지는 것 없이 쾌적하고 깨끗한 숙소였고 경기전 근처에 위치한 호텔이라 한옥마을 가기에도 적합했고 객리 비단길 객사길 가기에도 참 좋았습니다 호텔 정문을 등지고 서서 왼편이 남부시장 가는 길 전동성당 가는 길입니다 걷다 보면 아실 거예요 걷다 보면 왼편에 전동성당이 나옵니다 오른편은 객리 비단길 초입 부분인데 설명하기가 좀 애매하네요 아무튼 길 두 번만 건너면 바로 나옵니다 아무튼 주차도 참 좋았어요 뭐가 빠지더라 완전히 강추합니다,9
y_58_063,전주 호텔다빈,드레이스크,정말깨끗하구 조용하구 시설두좋구요 굿굿,5,2025-07,y,정말 깨끗하고 조용하고 시설도 좋고요 굿굿,3
y_58_064,전주 호텔다빈,한화우승1,숙소가 청결하고 친절하셔서 좋았습니다,5,2025-06,y,숙소가 청결하고 친절하셔서 좋았습니다,0
y_58_065,전주 호텔다빈,사늘한월터,화장실 등 시설이 깔끔함 한옥마을 인근에 위치해 있어서 호텔에 주차하고 돌아다니기 딱 좋음,5,2025-06,y,화장실 등 시설이 깔끔함 한옥마을 인근에 위치해 있어서 호텔에 주차하고 돌아다니기 딱 좋음,0
y_58_066,전주 호텔다빈,GC1504280665,깨끗한 편이었습니다 무엇보다 방음이 잘 되서 복도나 옆방 소리가 안들려서 좋았고 한옥마을뿐만 아니라 객리단길도 가까워서 좋았습니다 다만 방 공기가 좋지않아서 창문을 열어놓고 나갔다 왔는데도 산뜻한 공기는 아니었습니다 그래도 다음에 전주에 오게됨 또 예약할거 같아요,4,2025-05,y,깨끗한 편이었습니다 무엇보다 방음이 잘 돼서 복도나 옆방 소리가 안 들려서 좋았고 한옥마을뿐만 아니라 객리 딴 길도 가까워서 좋았습니다 다만 방 공기가 좋지 않아서 창문을 열어놓고 나갔다 왔는데도 산뜻한 공기는 아니었습니다 그래도 다음에 전주에 오게 됨 또 예약할 거 같아요,6
y_58_067,전주 호텔다빈,ihbs22,특가로 저렴하게 잘 이용했습니다,4,2025-06,y,특가로 저렴하게 잘 이용했습니다,0
y_58_068,전주 호텔다빈,장훈99,사장님도 친절하시고 입실시간 조금 멀었는데도 방 안내 해주셔서 따듯하게 더 쉴수 있었습니다 냄새도 안나고 청결하고 너무 좋았어요,5,2025-05,y,사장님도 친절하시고 입실시간 조금 멀었는데도 방 안내해 주셔서 따듯하게 더 쉴 수 있었습니다 냄새도 안 나고 청결하고 너무 좋았어요,3
y_58_069,전주 호텔다빈,자세한거위,평타였습니다 쏘쏘 위치상은 나쁘지않은듯용 잘때추웠음,2,2025-06,y,평타였습니다 쏘 쏘 위치상은 나쁘지 않은 듯 용 잘 때 추웠음,3
y_58_070,전주 호텔다빈,남다르고우호적인꿈,사장님 친절하시고 좋았어요,4,2025-05,y,사장님 친절하시고 좋았어요,0
y_58_071,전주 호텔다빈,임규동,깨끗하고 친절하고 잘 쉬다 갑니다,5,2025-07,y,깨끗하고 친절하고 잘 쉬다 갑니다,0
y_58_072,전주 호텔다빈,사직여포,너무 깔끔하고 친절하셔서 잘묵고갑니다 체크인 전이나 체크아웃후에도 짐 맡겨주셔서 감사해요 다음에 전주여행 또 오게되면 다시 방문할것같아요 덕분에 좋은 기억 안고갑니다,5,2025-06,y,너무 깔끔하고 친절하셔서 잘 묵고 갑니다 체크인 전이나 체크아웃 후에도 짐 맡겨주셔서 감사해요 다음에 전주여행 또 오게 되면 다시 방문할 것 같아요 덕분에 좋은 기억 안고 갑니다,5
y_58_073,전주 호텔다빈,iwantobewoo,급하게 예약하고 갔는데 생각보다 괜찮아서 다음에도 이용할 생각입니다,5,2025-06,y,급하게 예약하고 갔는데 생각보다 괜찮아서 다음에도 이용할 생각입니다,0
y_58_074,전주 호텔다빈,빛나고오손도순한남해대교,숙소도 깨끗하고 객사랑 거리도 가까워서 잘 쉬다 갔습니다,5,2025-05,y,숙소도 깨끗하고 객사랑 거리도 가까워서 잘 쉬다 갔습니다,0
y_58_075,전주 호텔다빈,어리둥절인천붕어빵,입구 깔끔하고 호텔층은 카드 찍고 올라갈 수 있어서 좋아요,4,2025-06,y,입구 깔끔하고 호텔 측은 카드 찍고 올라갈 수 있어서 좋아요,1
y_58_076,전주 호텔다빈,스파랜드수생동물1,호텔 깨끗하고 시설도 여럿 잘 구비되어 있다,4,2025-06,y,호텔 깨끗하고 시설도 여럿 잘 구비되어 있다,0
y_58_078,전주 호텔다빈,청담패션거리신문기자,트윈룸으로 친구랑 여행가서 숙박하기 좋았고 한옥마을이랑 가까워서 좋아요,4,2025-06,y,트윈룸으로 친구랑 여행 가서 숙박하기 좋았고 한옥마을이랑 가까워서 좋아요,1
y_58_079,전주 호텔다빈,영이229,프론트 직원분들도 반갑게 맞이해주시고 룸상태도 너무 깨끗했어요 잠만 자고 나온 거라 사진을 못찍었는데 혼자 여행가서 호캉스하고 왔네요 다음에 또 전주가면 예약하고 갈 거 같아요,4,2025-05,y,프런트 직원분들도 반갑게 맞이해주시고 룸 상태도 너무 깨끗했어요 잠만 자고 나온 거라 사진을 못 찍었는데 혼자 여행 가서 호캉스하고 왔네요 다음에 또 전주 가면 예약하고 갈 거 같아요,6
y_58_080,전주 호텔다빈,다정하고맑은24세,항상 이용하는 곳입니다 담배냄새가 안 나서 좋습니다,5,2025-07,y,항상 이용하는 곳입니다 담배 냄새가 안 나서 좋습니다,1
y_58_081,전주 호텔다빈,upstar,한옥마을 접근성이 좋았습니다,4,2025-05,y,한옥마을 접근성이 좋았습니다,0
y_58_082,전주 호텔다빈,꾸시시한땅,내부가 매우 깔끔하게 관리되고 있다는 느낌 화장실도 너무 쾌적해서 좋았습니다 특히 직원분들도 매우 친절하셔서 편안하게 지내다 갈 수 있었습니다 위치 좋고 시설도 좋은 전주한옥마을 최고의 선택,5,2025-05,y,내부가 매우 깔끔하게 관리되고 있다는 느낌 화장실도 너무 쾌적해서 좋았습니다 특히 직원분들도 매우 친절하셔서 편안하게 지내다 갈 수 있었습니다 위치 좋고 시설도 좋은 전주한옥마을 최고의 선택,0
y_58_083,전주 호텔다빈,공감하고창조적인섬진강댐,한옥 마을이 걸어서 분 정도 거리여서 좋았어요 길 건너 풍년제과 본점도 크게 있어서 오며가며 들르기 좋았구요 객실도 깨끗하고 더블 침대 하나 싱글 침대 하나여서 편안하고 좋았어요,4,2025-06,y,한옥 마을이 걸어서 분 정도 거리여서 좋았어요 길 건너 풍년제과 본점도 크게 있어서 오며 가며 들르기 좋았고요 객실도 깨끗하고 더블 침대 하나 싱글 침대 하나여서 편안하고 좋았어요,2
y_58_084,전주 호텔다빈,현수엄마,일단 위치 너무좋았고 객실도 너무 좋았어요 전주 여행중 묵은 숙소중 가격 위치 객실 서비스 모두 모두 좋았어요,5,2025-05,y,일단 위치 너무 좋았고 객실도 너무 좋았어요 전주 여행 중 묵은 숙소 중 가격 위치 객실 서비스 모두 모두 좋았어요,3
y_58_085,전주 호텔다빈,수어이푸잉,랜덤으로 했는데 침대방이 아니라 곤란스러웠으나 침대방으로 변경하여 주었습니다 객실깨끗하고 무엇보다 객실 금연입니다 가장 맘에 듭니다 비누향도 맘에 드네요,5,2025-05,y,랜덤으로 했는데 침대방이 아니라 곤란스러웠으나 침대방으로 변경하여 주었습니다 객실 깨끗하고 무엇보다 객실 금연입니다 가장 맘에 듭니다 비누 향도 맘에 드네요,2
y_58_086,전주 호텔다빈,쑤저우질투,전주 모텔 어디로 갈까 계속 고민중이였는데 마침 요번에 새로 생겼다길래 깨끗해 보이고 전주 한옥마을 메인거리랑 엄청 가깝고 좋아보여서 예약 했습니다 진짜로 가보니 엄청 아늑하고 심플하고 깨끗했습니다 화장실이 진짜 좋았고 조금 아쉬운점은 냉장고가 너무 안시원했어요 냉장고만 시원했으면 진짜 점 자리인데 그거 빼고는 정말 좋았습니다 제가 실수로 체크아웃 하고 물건 놓고 온게 있었는데 카운터에 계신분께서 친절하시고 찾아주셔서 너무 감사했습니다 저는 담번에도 또 전주를 오게 된다면 무조건 전주 호텔 다빈을 올거 같습니다 여러분 가격대비 강추드려요,5,2025-05,y,전주 모텔 어디로 갈까 계속 고민 중이었는데 마침 요번에 새로 생겼다길래 깨끗해 보이고 전주 한옥마을 메인 거리랑 엄청 가깝고 좋아 보여서 예약했습니다 진짜로 가보니 엄청 아늑하고 심플하고 깨끗했습니다 화장실이 진짜 좋았고 조금 아쉬운 점은 냉장고가 너무 안 시원했어요 냉장고만 시원했으면 진짜 점 자리인데 그거 빼고는 정말 좋았습니다 제가 실수로 체크아웃 하고 물건 놓고 온 게 있었는데 카운터에 계신 분께서 친절하시고 찾아주셔서 너무 감사했습니다 저는 담번에도 또 전주를 오게 된다면 무조건 전주 호텔 다빈을 올 거 같습니다 여러분 가격 대비 강추 드려요,11
y_58_087,전주 호텔다빈,KFC커넬,컨디션 객실 면적 등 만족스러웠습니다,5,2025-06,y,컨디션 객실 면적 등 만족스러웠습니다,0
y_58_088,전주 호텔다빈,해피콩러버,완뱍한 숙소 최고예요 완전 친절하시고 잘 머물다 갑니다 랜덤 객실인데 완전 넓은 방으로 해주셨어요 주차장도 넓어서 차량 가지고 오시는 분들도 편할 듯요 한옥마을 객사길 다 가가이 있어서 알차게 잘 놀다갑니다 다음에도 여기 이용할 것 같아요,5,2025-06,y,완뱍한 숙소 최고예요 정말 친절하시고 잘 머물다 갑니다 랜덤 객실인데 정말 넓은 방으로 해주셨어요 주차장도 넓어서 차량 가지고 오시는 분들도 편할 듯요 한옥마을 객사길 다 가까이 있어서 알차게 잘 놀다 갑니다 다음에도 여기 이용할 것 같아요,6
y_58_089,전주 호텔다빈,꼼꼼하고창조적인금붕어,방이 따뜻하고 넘 깔끔했어요 굿,5,2025-06,y,방이 따뜻하고 너무 깔끔했어요 굿,1
y_58_090,전주 호텔다빈,반항적인약지,당일특가에 랜덤배정이라 기대 안햇는데 너무 좋았어요 화장실도 너무 깨끗하고 좋앗습니다직원분들 너무너무 친절하셧어요,5,2025-06,y,당일 특가에 랜덤 배정이라 기대 안 했는데 너무 좋았어요 화장실도 너무 깨끗하고 좋았습니다 직원분들 너무너무 친절하셨어요,5
y_58_091,전주 호텔다빈,진정볼매,계획에 없던 박을 더 하게 되어 급하게 예약했는데 편하게 쉬다 갑니다 한옥마을과 인근해있고 조용하고 깔끔합니다 직원도 너무 친절하셨어요,5,2025-05,y,계획에 없던 박을 더 하게 되어 급하게 예약했는데 편하게 쉬다 갑니다 한옥마을과 인근에 있고 조용하고 깔끔합니다 직원도 너무 친절하셨어요,1
y_58_092,전주 호텔다빈,125212101010,항상 먼저찾는 숙소입니다 청결하고 시설도 좋고 직원분도 친절하세요,5,2025-05,y,항상 먼저 찾는 숙소입니다 청결하고 시설도 좋고 직원분도 친절하세요,1
y_58_093,전주 호텔다빈,대풍미곡상회,시설이 깔끔하고 가성비가 좋아요,5,2025-06,y,시설이 깔끔하고 가성비가 좋아요,0
y_58_094,전주 호텔다빈,오덩구리,호텔이 너무 깨끗하고 인테리어가 너무 편하게 되어있습니다가성비 최고인것같아오,5,2025-06,y,호텔이 너무 깨끗하고 인테리어가 너무 편하게 되어있습니다가 성비 최고인 것 같아오,2
y_58_095,전주 호텔다빈,적극적이고유일한계룡,너무 깔끔하고 침대가 너무 편해서 기억에 많이 남습니다,5,2025-06,y,너무 깔끔하고 침대가 너무 편해서 기억에 많이 남습니다,0
y_58_096,전주 호텔다빈,아차산태연조얍싱,급하게 잡은 숙소였는데 한옥마을 인근이라 돌아다니기도 좋고 객실도 크고 깨끗했어요,5,2025-06,y,급하게 잡은 숙소였는데 한옥마을 인근이라 돌아다니기도 좋고 객실도 크고 깨끗했어요,0
y_58_097,전주 호텔다빈,레슬리,너무 좋았어요 오늘 또 올께요,5,2025-06,y,너무 좋았어요 오늘 또 올게요,1
y_58_098,전주 호텔다빈,호로로로로롤로,깨끗하게 잘 이용했습니다,5,2025-06,y,깨끗하게 잘 이용했습니다,0
y_58_100,전주 호텔다빈,고들고들한분수,깨끗하고 한옥마을이랑 가까워서 좋아요,5,2025-06,y,깨끗하고 한옥마을이랑 가까워서 좋아요,0
y_58_101,전주 호텔다빈,125212101010,항상 너무 좋습니다 컨디션도 좋고 화장실도 깨끗해서 좋습니다,5,2025-05,y,항상 너무 좋습니다 컨디션도 좋고 화장실도 깨끗해서 좋습니다,0
y_58_102,전주 호텔다빈,여귀어때밀이,일단 직원분들이 너무 친절하시고 객실도 깨끗하고 좋았어요,5,2025-06,y,일단 직원분들이 너무 친절하시고 객실도 깨끗하고 좋았어요,0
y_58_103,전주 호텔다빈,whispering,총평 한줄 요약 한옥마을과 객리단길의 가운데 최고의 전주 뚜벅이 여행 숙소 이런 분들에게 추천해요 한옥마을의 복잡함보다는 관광지에 가까우면서도 조용한 위치를 원하는 분 한식의 구들장보다는 침대와 깔끔한 호텔을 원하는 분 이런 분들에게는 추천하지 않아요 전주에 온 김에 한옥 느낌이 물씬나는 호텔을 원하시는 분 호텔 뷔페 욕조 등 부대시설이나 객실 시설이 많은 곳을 원하시는 분 위치 호텔 다빈을 두 번째로 이용하는 가장 큰 이유는 바로 위치였어요 한옥마을의 가장 끄트머리 초입부에 위치하고 있는데요 동시에 한옥마을에서 객리단길로 건너가는 코너에 있기도 합니다 물론 길만 건너면 웨리단길의 시작부분과도 마주하고요 혁신도시를 제외하고 전주 관광에서의 스팟을 이 곳으로 본다면 딱 중간 정도의 위치에요 맛집이나 아기자기한 가게 야시장이 볼거리인 남부시장도 걸어서 분여만에 도착합니다 큰 도로와 한옥마을을 끼고 있어서 전주역이나 터미널로 가는 교통편도 꽤 많은 편이에요 물론 택시 이용도 굉장히 쉽습니다 교통 걱정은 한번도 해본적이 없는 위치입니다 바로 근처에 콩나물국밥집으로 유명한 현지인 추천받아서 년째 다니는 왱이집이 있고요 남부시장으로 걸어가면 조점례피순대 동래분식이 있죠 한옥마을 쪽에 있는 베테랑 칼국수나 이곳저곳의 가맥집전일수퍼 초원편의점 등 도 걸어갈 수 있는 위치에요 새로 생긴 신라스테이를 가볼까도 싶었는데 위치 때문에 다시 한번 호텔 다빈을 선택했습니다 객실 다빈호텔은 총 개층 층은 루프탑이고 층에 데스크가 있는 독특한 구조에요 층에는 식당과 상점이 있습니다 층에는 데스크와 함께 세탁실 회의실 비즈니스용 컴퓨터 등이 있고 일부 객실도 있습니다 저는 층에 있는 객실을 랜덤 배정받았는데 트윈 데스크가 가까워 시끄러울까 걱정했지만 전혀 소음을 못느꼈네요 오히려 엘베를 다시 안타도 돼서 편했어요 층에 대부분의 객실이 위치하고 있습니다 청소는 깔끔하게 되어있었고 객실도 꽤 넓은 편이에요 트윈 객실이라 작은 테이블과 함께 의자도 두개 놓여있었고요 간식이나 야식을 포장해오면 먹기 좋은 정도의 사이즈 입니다 화장대도 넓은 편이고 전기포트와 머그컵 커피 등이 준비되어 있었어요 욕실도 꽤 넓은데 더 높은 성급의 호텔 사이즈 정도 되는 느낌이에요 샤워부스가 크게 구분되어 있고요 세면대도 정말 큽니다 다만 드라이어는 벽 고정식인데 아무래도 바람이 좀 약한 편이라 숱이 많은 분들은 좀 귀찮을 수 있을 거에요 베딩은 겨울치고 이불이 약간 얇은가 싶기도 했는데 객실이 전체적으로 춥지 않아서 잘 잤어요 베개도 넉넉하게 놓여있었고 보다가 스르륵 자기 충분했습니다 콘센트도 여러곳에 있어서 명이 이용해도 전혀 불편하지 않을것 같아요 금고와 냉장고도 있었는데 냉장고는 미니 사이즈고 냉동부분은 아예 없었어요 생수는 병 준비되어 있었고요 금고는 고장인지 아예 잠겨있었네요 옷걸이는 좀 있었는데 이번에만 그런건지 가운이 없었습니다 슬리퍼는 준비되어 있었고 일회용이 아니라서 오히려 좋았어요 부대시설 호텔다빈에는 여러 부대시설들이 있는데요 대표적으로 층의 루프탑입니다 방문해보진 않았지만 엘리베이터 안내로 보면 반려견 놀이터가 준비되어 있는 것으로 보여요 그리고 바베큐장도 있어서 이용 원하시면 호텔에 문의예약하고 이용할 수 있고요 그리고 오랜 기간 투숙하시는 경우 매우 편하게 쓰실만한 무료 세탁실이 있습니다 다른 곳은 보통 세탁실이 있어도 세제를 구매해야 하거나 하는데 호텔 다빈의 경우 세탁건조기 이용은 물론이고 세제섬유유연제도 아예 통크게 구비되어 있어서 무료로 모두 이용하실 수 있어요 데스크 옆에 별도의 세탁실이 있어서 그곳에서 이용하면 됩니다 반려견 놀이터에서 눈치채셨겠지만 일부 객실은 반려견 동반 투숙이 가능합니다 전주에 게스트하우스 숙소가 많다보니 반려견 동반 숙소가 많지 않을텐데 굉장히 반가운 소식이죠 서비스 체크인은 시 체크아웃은 시로 정해져있고 무인 체크인이 가능한 키오스크도 설치되어 있어요 짐보관은 체크인 전 체크아웃 후 모두 가능한데요 데스크 옆으로 있는 회의실 공간에 맡겨둘 수 있습니다 그리고 이 회의실 공간에는 전자레인지도 있어서 혹시 아이가 있거나 편의점에서 사온 음식이나 포장한 음식 데워먹을때도 유용하게 쓸 수 있습니다 여름에 방문했을때는 무인 키오스크로 체크인을 처리했는데 이번에는 직원분이 거의 항상 계셨고 직원분 통해서 체크인 했습니다 체크아웃은 키박스에 넣고 가면 되는데 거의 시 다되어서 나왔더니 직원분이 마찬가지로 계셨어요 엘리베이터가 하나뿐이라서 다소 번잡할 것 같았지만 성수기는 아니라서인지 그렇게 번거롭진 않았어요 아무래도 호텔 규모가 루프탑인 층 제외하면 층 객실로만 구성되어서 그럴 수도 있을것 같고요 주차 이용 시에는 예전 경험으로 체크인 할 때 미리 차량번호 등록이 필요합니다 입출차는 번거롭지 않았어요 다이닝 따로 뷔페 레스토랑이 있지는 않지만 층 루프탑 바베큐장을 예약하고 이용할 수 있습니다 물론 계절기상 상황에 따라 운영 여부는 바뀔 수 있으니 데스크에 문의가 필요해요 저녁 시부터 운영하고 숯이나 석쇠 가위 등이 포함되어 있다고 합니다 저는 겨울에 방문해서 이용할 생각은 없었네요 그리고 어린아이가 있거나 어르신들이 있어서 멀리 이동이 부담스러우시다면 건물 층의 선화식당을 이용해도 좋을 것 같아요 투숙객 할인이 된다고 하고요 오전 시반밤 시까지로 꽤 긴 시간 운영하니 편하게 쓰실 수 있을 것 같네요 여행정보 전동성당 경기전 남부시장 객사 전라감영 등등 다양한 한옥마을 근처 관광지는 전부 걸어서 이용이 가능해요 구경하다가 피곤할때 들어와 바로 쉴 수 있다는 것이 장점인데요 특히 근처에 갈만한 맛집술집카페를 몇가지 투척해봅니다 바로 이런 좋은 공간들 때문에 전주를 자꾸 찾는거라서요 식사해장 모두 해결되는 콩나물 국밥 왱이집 간단하게 한끼 식사 가능 아침 해장으로 필수 코스 조점례남문피순대 다들 많이 알고 계셔서 방문하다보니 주말이라면 조금 이른 시간에 가는 것이 좋아요 호텔 바로 건너편의 분위기 좋고 맛도 좋은 블렌딩티 전문점 원스타임오프 커피는 물론 늦은시간 카페인 걱정없이도 마실수있는 다양한 블렌딩의 차가 있어요 분위기 좋아서 공부하거나 글쓰거나 책읽기에도 좋습니다 웨리단길로 조금 걸어가면 나오는 크래프트맥주 전문점 노매딕 비어템플 제가 전주를 자주오는 가장 큰 이유는 노매딕 브루잉인데 비어템플에서는 여종의 신선한 크래프트맥주를 마실 수 있어요 작은 사이즈도 있고 캔 포장도 가능하니 맥주 좋아하신다면 꼭 들러보세요 전주에선 가맥도 좋지만 다른 지역에서 먹을 수 없는 노매딕 맥주도 꼭 마셔보길 추천합니다 사랑에 관한 책 전문 북카페 금성당 오래된 시계방인 금성당 뒷편으로 주택을 개조한 북카페 금성문고 가 문을 열었습니다 사랑을 주제로 한 다양한 책을 편하게 읽으며 쉴 수 있는 곳이에요 시간 이용권에 음료한잔이 포함되어 있어요 전주는 번 이상 다녀왔지만 늘 좋은 도시인데 최근 여행은 늘 호텔다빈과 함께하고 있네요 다음 번 방문도 벌써 기다려집니다,4,2025-05,y,총평 한줄 요약 한옥마을과 객리단길의 가운데 최고의 전주 뚜벅이 여행 숙소 이런 분들에게 추천해요 한옥마을의 복잡함보다는 관광지에 가까우면서도 조용한 위치를 원하는 분 한식의 구들장보다는 침대와 깔끔한 호텔을 원하는 분 이런 분들에게는 추천하지 않아요 전주에 온 김에 한옥 느낌이 물씬나는 호텔을 원하시는 분 호텔 뷔페 욕조 등 부대시설이나 객실 시설이 많은 곳을 원하시는 분 위치 호텔 다빈을 두 번째로 이용하는 가장 큰 이유는 바로 위치였어요 한옥마을의 가장 끄트머리 초입부에 위치하고 있는데요 동시에 한옥마을에서 객리단길로 건너가는 코너에 있기도 합니다 물론 길만 건너면 웨리단길의 시작부분과도 마주하고요 혁신도시를 제외하고 전주 관광에서의 스팟을 이 곳으로 본다면 딱 중간 정도의 위치에요 맛집이나 아기자기한 가게 야시장이 볼거리인 남부시장도 걸어서 분여만에 도착합니다 큰 도로와 한옥마을을 끼고 있어서 전주역이나 터미널로 가는 교통편도 꽤 많은 편이에요 물론 택시 이용도 굉장히 쉽습니다 교통 걱정은 한번도 해본적이 없는 위치입니다 바로 근처에 콩나물국밥집으로 유명한 현지인 추천받아서 년째 다니는 왱이집이 있고요 남부시장으로 걸어가면 조점례피순대 동래분식이 있죠 한옥마을 쪽에 있는 베테랑 칼국수나 이곳저곳의 가맥집전일수퍼 초원편의점 등 도 걸어갈 수 있는 위치에요 새로 생긴 신라스테이를 가볼까도 싶었는데 위치 때문에 다시 한번 호텔 다빈을 선택했습니다 객실 다빈호텔은 총 개층 층은 루프탑이고 층에 데스크가 있는 독특한 구조에요 층에는 식당과 상점이 있습니다 층에는 데스크와 함께 세탁실 회의실 비즈니스용 컴퓨터 등이 있고 일부 객실도 있습니다 저는 층에 있는 객실을 랜덤 배정받았는데 트윈 데스크가 가까워 시끄러울까 걱정했지만 전혀 소음을 못느꼈네요 오히려 엘베를 다시 안타도 돼서 편했어요 층에 대부분의 객실이 위치하고 있습니다 청소는 깔끔하게 되어있었고 객실도 꽤 넓은 편이에요 트윈 객실이라 작은 테이블과 함께 의자도 두개 놓여있었고요 간식이나 야식을 포장해오면 먹기 좋은 정도의 사이즈 입니다 화장대도 넓은 편이고 전기포트와 머그컵 커피 등이 준비되어 있었어요 욕실도 꽤 넓은데 더 높은 성급의 호텔 사이즈 정도 되는 느낌이에요 샤워부스가 크게 구분되어 있고요 세면대도 정말 큽니다 다만 드라이어는 벽 고정식인데 아무래도 바람이 좀 약한 편이라 숱이 많은 분들은 좀 귀찮을 수 있을 거에요 베딩은 겨울치고 이불이 약간 얇은가 싶기도 했는데 객실이 전체적으로 춥지 않아서 잘 잤어요 베개도 넉넉하게 놓여있었고 보다가 스르륵 자기 충분했습니다 콘센트도 여러곳에 있어서 명이 이용해도 전혀 불편하지 않을것 같아요 금고와 냉장고도 있었는데 냉장고는 미니 사이즈고 냉동부분은 아예 없었어요 생수는 병 준비되어 있었고요 금고는 고장인지 아예 잠겨있었네요 옷걸이는 좀 있었는데 이번에만 그런건지 가운이 없었습니다 슬리퍼는 준비되어 있었고 일회용이 아니라서 오히려 좋았어요 부대시설 호텔다빈에는 여러 부대시설들이 있는데요 대표적으로 층의 루프탑입니다 방문해보진 않았지만 엘리베이터 안내로 보면 반려견 놀이터가 준비되어 있는 것으로 보여요 그리고 바베큐장도 있어서 이용 원하시면 호텔에 문의예약하고 이용할 수 있고요 그리고 오랜 기간 투숙하시는 경우 매우 편하게 쓰실만한 무료 세탁실이 있습니다 다른 곳은 보통 세탁실이 있어도 세제를 구매해야 하거나 하는데 호텔 다빈의 경우 세탁건조기 이용은 물론이고 세제섬유유연제도 아예 통크게 구비되어 있어서 무료로 모두 이용하실 수 있어요 데스크 옆에 별도의 세탁실이 있어서 그곳에서 이용하면 됩니다 반려견 놀이터에서 눈치채셨겠지만 일부 객실은 반려견 동반 투숙이 가능합니다 전주에 게스트하우스 숙소가 많다보니 반려견 동반 숙소가 많지 않을텐데 굉장히 반가운 소식이죠 서비스 체크인은 시 체크아웃은 시로 정해져있고 무인 체크인이 가능한 키오스크도 설치되어 있어요 짐보관은 체크인 전 체크아웃 후 모두 가능한데요 데스크 옆으로 있는 회의실 공간에 맡겨둘 수 있습니다 그리고 이 회의실 공간에는 전자레인지도 있어서 혹시 아이가 있거나 편의점에서 사온 음식이나 포장한 음식 데워먹을때도 유용하게 쓸 수 있습니다 여름에 방문했을때는 무인 키오스크로 체크인을 처리했는데 이번에는 직원분이 거의 항상 계셨고 직원분 통해서 체크인 했습니다 체크아웃은 키박스에 넣고 가면 되는데 거의 시 다되어서 나왔더니 직원분이 마찬가지로 계셨어요 엘리베이터가 하나뿐이라서 다소 번잡할 것 같았지만 성수기는 아니라서인지 그렇게 번거롭진 않았어요 아무래도 호텔 규모가 루프탑인 층 제외하면 층 객실로만 구성되어서 그럴 수도 있을것 같고요 주차 이용 시에는 예전 경험으로 체크인 할 때 미리 차량번호 등록이 필요합니다 입출차는 번거롭지 않았어요 다이닝 따로 뷔페 레스토랑이 있지는 않지만 층 루프탑 바베큐장을 예약하고 이용할 수 있습니다 물론 계절기상 상황에 따라 운영 여부는 바뀔 수 있으니 데스크에 문의가 필요해요 저녁 시부터 운영하고 숯이나 석쇠 가위 등이 포함되어 있다고 합니다 저는 겨울에 방문해서 이용할 생각은 없었네요 그리고 어린아이가 있거나 어르신들이 있어서 멀리 이동이 부담스러우시다면 건물 층의 선화식당을 이용해도 좋을 것 같아요 투숙객 할인이 된다고 하고요 오전 시반밤 시까지로 꽤 긴 시간 운영하니 편하게 쓰실 수 있을 것 같네요 여행정보 전동성당 경기전 남부시장 객사 전라감영 등등 다양한 한옥마을 근처 관광지는 전부 걸어서 이용이 가능해요 구경하다가 피곤할때 들어와 바로 쉴 수 있다는 것이 장점인데요 특히 근처에 갈만한 맛집술집카페를 몇가지 투척해봅니다 바로 이런 좋은 공간들 때문에 전주를 자꾸 찾는거라서요 식사해장 모두 해결되는 콩나물 국밥 왱이집 간단하게 한끼 식사 가능 아침 해장으로 필수 코스 조점례남문피순대 다들 많이 알고 계셔서 방문하다보니 주말이라면 조금 이른 시간에 가는 것이 좋아요 호텔 바로 건너편의 분위기 좋고 맛도 좋은 블렌딩티 전문점 원스타임오프 커피는 물론 늦은시간 카페인 걱정없이도 마실수있는 다양한 블렌딩의 차가 있어요 분위기 좋아서 공부하거나 글쓰거나 책읽기에도 좋습니다 웨리단길로 조금 걸어가면 나오는 크래프트맥주 전문점 노매딕 비어템플 제가 전주를 자주오는 가장 큰 이유는 노매딕 브루잉인데 비어템플에서는 여종의 신선한 크래프트맥주를 마실 수 있어요 작은 사이즈도 있고 캔 포장도 가능하니 맥주 좋아하신다면 꼭 들러보세요 전주에선 가맥도 좋지만 다른 지역에서 먹을 수 없는 노매딕 맥주도 꼭 마셔보길 추천합니다 사랑에 관한 책 전문 북카페 금성당 오래된 시계방인 금성당 뒷편으로 주택을 개조한 북카페 금성문고 가 문을 열었습니다 사랑을 주제로 한 다양한 책을 편하게 읽으며 쉴 수 있는 곳이에요 시간 이용권에 음료한잔이 포함되어 있어요 전주는 번 이상 다녀왔지만 늘 좋은 도시인데 최근 여행은 늘 호텔다빈과 함께하고 있네요 다음 번 방문도 벌써 기다려집니다,-1
y_58_104,전주 호텔다빈,100퍼,시설은 좋고 깔끔했어요 에어컨은 작고 소즁해 그래서 에어컨 바람이 굉장히 약합니다 하지만 호텔 프론트에 계시는 직원 분께서 여분의 카드키를 만들어주셨어요 잠깐 방에서 짐 내려놓고 쉬었다가 외출하려 카드키를 뽑으면 에어컨이 안 돌아가니까 돌아갈 수 있도록 만들어주셨습니다 그래서 다시 외출을 하고 돌아와도 시원한 상태를 유지할 수 있었어요 실내에 냉장고에는 시원한 물 병도 배치되어있어요 모텔로 입장했지만 본질이 호텔에서 만든 것여서 그런지는 몰라서 회 용품을 판매하고 계셨어요 단돈 원에 명이서 사용 가능한 도구들을 주십니다 한옥 마을 구경 후 편의점은 로 가지마시고 가까운 로 가는 것이 더 좋습니다,5,2025-05,y,시설은 좋고 깔끔했어요 에어컨은 작고 소중해 그래서 에어컨 바람이 굉장히 약합니다 하지만 호텔 프런트에 계시는 직원분께서 여분의 카드 키를 만들어주셨어요 잠깐 방에서 짐 내려놓고 쉬었다가 외출하려 카드 키를 뽑으면 에어컨이 안 돌아가니까 돌아갈 수 있도록 만들어주셨습니다 그래서 다시 외출을 하고 돌아와도 시원한 상태를 유지할 수 있었어요 실내에 냉장고에는 시원한 물 병도 배치되어 있어요 모텔로 입장했지만 본질이 호텔에서 만든 것여서 그런지는 몰라서 회 용품을 판매하고 계셨어요 단돈 원에 명에서 사용 가능한 도구들을 주십니다 한옥 마을 구경 후 편의점은로 가지 마시고 가까운 록 가는 것이 더 좋습니다,10
y_58_105,전주 호텔다빈,조용하고알록달록한불교,아이 데리고 온돌방에서 박 했는데 침구도 깨끗하고 전체적인 시설도 깨끗해서 좋았습니다 무엇보다 위치가 너무 좋습니다 재방문 의사 있어요,4,2025-05,y,아이 데리고 온돌방에서 박 했는데 침구도 깨끗하고 전체적인 시설도 깨끗해서 좋았습니다 무엇보다 위치가 너무 좋습니다 재방문 의사 있어요,0
y_58_106,전주 호텔다빈,qop4694,예전에 방문하고 너무 좋아 연박했습니다 일단 위치가 엄청 좋습니다 방 컨디션도 깨끗하고 소음도 없고 저는 주차하고 시장 한옥마을 객리단길 다 걸어서 다녔습니다 다음에도 방뮨할 의사있습니댜,5,2025-06,y,예전에 방문하고 너무 좋아 연방했습니다 일단 위치가 엄청 좋습니다 방 컨디션도 깨끗하고 소음도 없고 저는 주차하고 시장 한옥마을 객리 비단길 다 걸어서 다녔습니다 다음에도 방문할 의사 있습니다,4
y_58_107,전주 호텔다빈,poi8900,화장실 시설이 좋고 깨끗함,4,2025-05,y,화장실 시설이 좋고 깨끗함,0
y_58_108,전주 호텔다빈,원만한마임배우,깨끗하고 넓고 친절하고 좋았습니다,5,2025-04,y,깨끗하고 넓고 친절하고 좋았습니다,0
y_58_109,전주 호텔다빈,임도깨비,컨디션 좋았어요 하루밤 자고 오기 나쁘지않았어요 뜨거운물도 잘 나오고 침대도 편안했습니다,5,2025-05,y,컨디션 좋았어요 하룻밤 자고 오기 나쁘지 않았어요 뜨거운 물도 잘 나오고 침대도 편안했습니다,3
y_58_110,전주 호텔다빈,라수,전주 갈때마다 잘 묵는 숙소 입니다,4,2025-05,y,전주 갈 때마다 잘 묵는 숙소입니다,2
y_58_111,전주 호텔다빈,치킨조아하앙,지하주차장 있어서 편하고 좋았어요 방도 깔끔하고 침구류도 깨끗해서 만족했습니다 다음에도 또 방문할 예정입니다,5,2025-06,y,지하주차장 있어서 편하고 좋았어요 방도 깔끔하고 침구류도 깨끗해서 만족했습니다 다음에도 또 방문할 예정입니다,0
y_58_112,전주 호텔다빈,레슬리,이불 타월 방상태 위치 주차 가격 모든면에서,5,2025-05,y,이불 타월 박상태 위치 주차 가격 모든 면에서,2
y_58_113,전주 호텔다빈,용맹하고진솔한고슴도치,전주 야시장과 한옥마을 걸어가기 좋은 위치에 있습니다 와이프도 아주 맘에 든다고 했습니다 잘 쉬다 갑니다,4,2025-06,y,전주 야시장과 한옥마을 걸어가기 좋은 위치에 있습니다 와이프도 아주 맘에 든다고 했습니다 잘 쉬다 갑니다,0
y_58_114,전주 호텔다빈,호구호우,잘쉬다 갑니다 다음번에도 또 올께요,5,2025-06,y,잘 쉬다 갑니다 다음번에도 또 올게요,2
y_58_115,전주 호텔다빈,나긋나긋한바늘,깔끔하고 좋았어요,4,2025-05,y,깔끔하고 좋았어요,0
y_58_116,전주 호텔다빈,감동적이고밝은우주센터,전주 객사길 한옥마을과 가까워서 선택했는데 만족 합니다 친절하고 객실도 깨끗해요 그리고 방도 넓어서 편하게 잘 지냈습니다,5,2025-06,y,전주 객사길 한옥마을과 가까워서 선택했는데 만족합니다 친절하고 객실도 깨끗해요 그리고 방도 넓어서 편하게 잘 지냈습니다,2
y_58_117,전주 호텔다빈,11976320,침대가 매우 푹신하고 깔끔한 호텔입니다 위치도 객사와 한옥마을 딱 중간이라 어디든 가기 좋고 조용해서 푹 쉴 수 있었어요,4,2025-05,y,침대가 매우 푹신하고 깔끔한 호텔입니다 위치도 객사와 한옥마을 딱 중간이라 어디든 가기 좋고 조용해서 푹 쉴 수 있었어요,0
y_58_118,전주 호텔다빈,하연eee,접근성도 좋고 시설도 깨끗했어요 내부가 조용해서 더 편하게 쉬다 갈 수 있었습니다 전주오면 다시 예약할게요,5,2025-05,y,접근성도 좋고 시설도 깨끗했어요 내부가 조용해서 더 편하게 쉬다 갈 수 있었습니다 전주 오면 다시 예약할게요,1
y_58_119,전주 호텔다빈,Bs86,숙소 위치도 적당히 한옥마을 중심가와 떨어져 있고 숙소 주변이 조용함 방도 전체적으로 깔끔함 주위에 편의점도 가깝게 있음 조금 아쉬운 점은 방음이 안좋음,4,2025-05,y,숙소 위치도 적당히 한옥마을 중심가와 떨어져 있고 숙소 주변이 조용함 방도 전체적으로 깔끔함 주위에 편의점도 가깝게 있음 조금 아쉬운 점은 방음이 안 좋음,1
y_58_120,전주 호텔다빈,알쏭달쏭하고풋풋한목자자리,깔끔하고 좋았습니다,5,2025-06,y,깔끔하고 좋았습니다,0
y_58_121,전주 호텔다빈,하이브탈출,깨끗하고 시설이 좋았습니다 욕실상태도 좋았습니다 담에도 방문의향있어요,5,2025-05,y,깨끗하고 시설이 좋았습니다 욕실상태도 좋았습니다 담에도 방문의 형 있어요,1
y_58_122,전주 호텔다빈,지금부터GO,직원분 친절하시고 방 깨끗하고 위치는 관광지와 가갑고 다음 방문의사 입니다,5,2025-06,y,직원분 친절하시고 방 깨끗하고 위치는 관광지와 가 곱고 다음 방문 의사입니다,2
y_58_123,전주 호텔다빈,에낭,한옥마을이랑 가까워서 예약하게 되었는데 시설 깨끗하고 직원분들도 친절하셔서 잘 이용했습니다 다음에 전주가게 되면 재예약하려구요,5,2025-05,y,한옥마을이랑 가까워서 예약하게 되었는데 시설 깨끗하고 직원분들도 친절하셔서 잘 이용했습니다 다음에 전주 가게 되면 재예약하려고요,2
y_58_124,전주 호텔다빈,이강소,주차장 널찍하고 방도 널찍하고 깔끔해서 좋았습니다 욕실이 넓은 것도,5,2025-05,y,주차장 널찍하고 방도 널찍하고 깔끔해서 좋았습니다 욕실이 넓은 것도,0
y_58_125,전주 호텔다빈,즐겁고완고한녹차,지난주 출장와서 지냈는데 좋아서 같은 곳으로 예약했습니다 한옥마을에서 가깝고 명이서 지내기에 스위트 트윈룸 엄청 넓어서 명도 충분히 지낼수 있을 것 같네요 큰 식탁테이블에서 맥주도 마시고 스타일러도 참 좋았어요,5,2025-05,y,지난주 출장 와서 지냈는데 좋아서 같은 곳으로 예약했습니다 한옥마을에서 가깝고 명에서 지내기에 스위트 트윈룸 엄청 넓어서 명도 충분히 지낼 수 있을 것 같네요 큰 식탁 테이블에서 맥주도 마시고 스타일러도 참 좋았어요,4
y_58_126,전주 호텔다빈,88세미카엘,박 이용했는데 깔끔했고 위치도 좋았구 편안하게 잘 쉴수있어서 좋았습니다,5,2025-05,y,박 이용했는데 깔끔했고 위치도 좋았고 편안하게 잘 쉴 수 있어서 좋았습니다,2
y_58_127,전주 호텔다빈,정직하고완고한면발,배달 아쉬운거 빼면 좋네요,4,2025-05,y,배달 아쉬운 거 빼면 좋네요,1
y_58_128,전주 호텔다빈,일흔째손님,당일특가로 랜던배정 받았는데 생각도 못한 좋은 방을 받아서 너무 기분 좋았어요 방도 청결하고 객사와 한옥마을 접근성도 좋은 숙소입니다 다음 전주에 오면 또 올겁니다,5,2025-05,y,당일 특가로 랜던 배정받았는데 생각도 못 한 좋은 방을 받아서 너무 기분 좋았어요 방도 청결하고 객사와 한옥마을 접근성도 좋은 숙소입니다 다음 전주에 오면 또 올 겁니다,4
y_58_129,전주 호텔다빈,강렬하고친밀한포레스트,화장실이 깔끔하고 좋아요,4,2025-06,y,화장실이 깔끔하고 좋아요,0
y_58_130,전주 호텔다빈,다정하고맑은24세,잘 썼습니다 담배 냄새도 안나고 좋네요,5,2025-06,y,잘 썼습니다 담배 냄새도 안 나고 좋네요,1
y_58_131,전주 호텔다빈,군산김초밥,시설깻끗하고 프런트에 계시는분들도 친절하고 조아요 다만 빗 이나 이런게 없어서 좀 아쉬워요,5,2025-05,y,시설깻끗하고 프런트에 계시는 분들도 친절하고 좋아요 다만 빗이나 이런 게 없어서 좀 아쉬워요,5
y_58_132,전주 호텔다빈,준과민,다좋았는데 새벽에 좀 추워서 목이 아프네요,4,2025-05,y,다 좋았는데 새벽에 좀 추워서 목이 아프네요,1
y_58_133,전주 호텔다빈,외로운황태자,한옥마을과 가깝고 시설 깨끗하고 가격 적절하고 만족스럽습니다 이번은 출장이었지만 곧 가족들과 다시 찾아올 것 같습니다,5,2025-05,y,한옥마을과 가깝고 시설 깨끗하고 가격 적절하고 만족스럽습니다 이번은 출장이었지만 곧 가족들과 다시 찾아올 것 같습니다,0
y_58_134,전주 호텔다빈,hoy8007,직원분들도 친절하시고 객실도 너무 좋았습니다 다음에 또 방문 하고 싶어집니다,5,2025-05,y,직원분들도 친절하시고 객실도 너무 좋았습니다 다음에 또 방문하고 싶어집니다,1
y_58_135,전주 호텔다빈,GC1502420576,전주여행하면서 예약했어요 위치도 좋고 깨끗하고 좋아요 잘 쉬다가 왔습니다,5,2025-06,y,전주여행하면서 예약했어요 위치도 좋고 깨끗하고 좋아요 잘 쉬다가 왔습니다,0
y_58_136,전주 호텔다빈,돌둘돌,위치가 참 좋아요 경기전 보고 야시장서 저녁먹고 오니 좋음,5,2025-05,y,위치가 참 좋아요 경기전 보고 야시 장서 저녁 먹고 오니 좋음,2
y_58_138,전주 호텔다빈,정직하고완고한면발,좋네요 좋아 빼고,4,2025-05,y,좋네요 좋아 빼고,0
y_58_139,전주 호텔다빈,즐겁고완고한녹차,한옥마을에서 가깝고 명이서 지내기에 스위트 트윈룸 엄청 넓어서 명도 충분히 지낼수 있을 것 같네요 큰 식탁테이블에서 맥주도 마시고 스타일러도 참 좋았어요,5,2025-05,y,한옥마을에서 가깝고 명에서 지내기에 스위트 트윈룸 엄청 넓어서 명도 충분히 지낼 수 있을 것 같네요 큰 식탁 테이블에서 맥주도 마시고 스타일러도 참 좋았어요,3
y_58_140,전주 호텔다빈,독특하고창의적인빨강,직원분들 너무 친절하세요 숙소에 짐보관가능해서 뚜벅이에게 너무 좋았습니다 전주에 가게되면 다시 묵고싶어요 엄마 모시고 간건데 넘넘 만족스러웠습니다 감사합니다,5,2025-05,y,직원분들 너무 친절하세요 숙소에 짐 보관 가능해서 뚜벅이에게 너무 좋았습니다 전주에 가게 되면 다시 묵고 싶어요 엄마 모시고 간 건데 넘넘 만족스러웠습니다 감사합니다,4
y_58_141,전주 호텔다빈,꼬들꼬들한극피동물,위치도 그렇고 전체적으로 나쁘지 않음,5,2025-05,y,위치도 그렇고 전체적으로 나쁘지 않음,0
y_58_142,전주 호텔다빈,현희내사랑,너무깨끗하고 위치가 너무 좋았습니다,5,2025-06,y,너무 깨끗하고 위치가 너무 좋았습니다,1
y_58_143,전주 호텔다빈,다정하고맑은24세,깔끔하고 쓰기 좋았습니다,4,2025-06,y,깔끔하고 쓰기 좋았습니다,0
y_58_144,전주 호텔다빈,GC1501571328,인테리어가 깔금하고 침구도 포근하고 깨끗해서 편하게 잘 쉬었습니다,4,2025-05,y,인테리어가 깔끔하고 침구도 포근하고 깨끗해서 편하게 잘 쉬었습니다,1
y_58_145,전주 호텔다빈,군청올리브유,직원분들도 너무 친철하시고 한옥마을 남부시장 도보로 갈수 있어 위치가 너무 좋아요 담에 전주 갈일 잇으면 또 예약할꺼예요,5,2025-05,y,직원분들도 너무 친절하시고 한옥마을 남부시장 도보로 갈 수 있어 위치가 너무 좋아요 담에 전주 갈일 있으면 또 예약할 거예요,4
y_58_146,전주 호텔다빈,칰칰칱,욕실이 넓고 깨끗해요 거울도 큼지막하고 세면대 공간도 많아서 일행과 동시에 써도 불편함 없구요 잘쉬다갑니나,4,2025-05,y,욕실이 넓고 깨끗해요 거울도 큼지막하고 세면대 공간도 많아서 일행과 동시에 써도 불편함 없고요 잘 쉬다가 보니 나,2
y_58_147,전주 호텔다빈,영이229,너무 깨끗하고 직눤분들 너무 친절합미더 다음애 또 방문 할거예요,4,2025-05,y,너무 깨끗하고 직눤분들 너무 친절합미더 다음 애 또 방문할 거예요,4
y_58_148,전주 호텔다빈,조급한앨린,리뷰 왜 안 좋은지 모르겠어요 좋았음,5,2025-05,y,리뷰 왜 안 좋은지 모르겠어요 좋았음,0
y_58_149,전주 호텔다빈,겨자색스라소니,가성비 좋고 접근성도 좋았습니다 아이와 함께 와서온돌방이 필요했는데 좋았어요 재방문 의사 있어요,5,2025-05,y,가성비 좋고 접근성도 좋았습니다 아이와 함께 와서 온돌방이 필요했는데 좋았어요 재방문 의사 있어요,1
y_58_150,전주 호텔다빈,까망까망곰,한옥마을 도보 거리에 깔끔하고 좋은 숙소 입니다,5,2025-06,y,한옥마을 도보 거리에 깔끔하고 좋은 숙소입니다,1
y_58_151,전주 호텔다빈,이상현1234,다음에 또 올게요 사장님이 너무 친절해요,4,2025-05,y,다음에 또 올게요 사장님이 너무 친절해요,0
y_58_152,전주 호텔다빈,유쾌하고탁월한인디라간디공항,깨끗하고 편하고 좋라요,5,2025-05,y,깨끗하고 편하고 좋아요,1
y_58_153,전주 호텔다빈,루이지야,전주한옥마을내에 있어 위치 및 숙소 깔끔함까지 더할나위없는곳입니다,5,2025-05,y,전주한옥마을 내에 있어 위치 및 숙소 깔끔함까지 더할 나위 없는 곳입니다,2
y_58_154,전주 호텔다빈,문예적인참조기,객실넓고 깨끗하고 잘 쉬다 갔습니다 침대는 살찍 딱딱한편인데 배게가 너무 편하네요,5,2025-05,y,객실 넓고 깨끗하고 잘 쉬다 갔습니다 침대는 살짝 딱딱한 편인데 베개가 너무 편하네요,4
y_58_156,전주 호텔다빈,온화하고쾌활한멜버른공항,주차장도 넓고 숙소도 정말 깨끗했어요 침구류도 정말 편한해서 잘 쉬다가 갑니다 객사와 가까워서 먹을 곳도 많아서 좋았습니다,5,2025-05,y,주차장도 넓고 숙소도 정말 깨끗했어요 침구류도 정말 편안해서 잘 쉬다가 갑니다 객사와 가까워서 먹을 곳도 많아서 좋았습니다,1
y_58_157,전주 호텔다빈,뺏기곤못살아,가족여행으로 방문했어요객실 깨끗하고 친절하니 좋았어요,5,2025-05,y,가족여행으로 방문했어요 객실 깨끗하고 친절하니 좋았어요,1
y_58_158,전주 호텔다빈,난다피씨,너무 깨끗하고 시설도 너무 좋았어요,5,2025-06,y,너무 깨끗하고 시설도 너무 좋았어요,0
y_58_159,전주 호텔다빈,DW맘,깔끔하고 괜찮았어요,5,2025-05,y,깔끔하고 괜찮았어요,0
y_58_160,전주 호텔다빈,flower7954,전주여행하면 이젠 무조건 다빈 도보로 가능하고 숙소 깨끗하고 타호텔보다 룸샤워실도 커서 구지 더비싸게 타호텔 갈게 없드라구요,5,2025-05,y,전주여행하면 이젠 무조건 다빈 도보로 가능하고 숙소 깨끗하고 차 호텔보다 룸 샤워실도 커서 굳이 더 비싸게 나 호텔 갈게 없더라고요,6
y_58_161,전주 호텔다빈,쿨넘버7,너무청결상태조음,5,2025-05,y,너무 청결상태 조음,1
y_58_162,전주 호텔다빈,시크릿시크,일단 전주 두번째 여행인데 이번 여행의 꽃은 숙소를 잘 잡은거 같습니다 차를 놓고 어디든 걸어갈 수가 있어서 엄청 좋았구요 객실도 깨끗한편이라 일동안 잘 쉬었다 갑니다 다음에 전주 오면 또 올겁니다,5,2025-05,y,일단 전주 두 번째 여행인데 이번 여행의 꽃은 숙소를 잘 잡은 거 같습니다 차를 놓고 어디든 걸어갈 수가 있어서 엄청 좋았고요 객실도 깨끗한 편이라 일 동안 잘 쉬었다 갑니다 다음에 전주 오면 또 올 겁니다,6
y_58_163,전주 호텔다빈,대뽕2,엘베하나 단점 사람이몰리는시간에 엘베 최소 분이상기달려야함 창문열면 시끄러움 대체적으로 깨끗하나 이용하기가너무빡샘,2,2025-05,y,엘베 하나 단점 사람이 몰리는 시간에 엘베 최소 분이 상기 달려야 함 창문 열면 시끄러움 대체적으로 깨끗하나 이용하기가 너무 빡셈,5
y_58_164,전주 호텔다빈,확인불가능,직원들 굉장히 친절하고 좋았습니다 방도 깨끗했습니다 잘 쉬다갑니다,5,2025-05,y,직원들 굉장히 친절하고 좋았습니다 방도 깨끗했습니다 잘 쉬다 갑니다,1
y_58_165,전주 호텔다빈,악착같은웰라,잘쉬다가왔습니다,4,2025-05,y,잘 쉬다가왔습니다,1
y_58_166,전주 호텔다빈,앵글러익,호텔이다 보니 일회용품 지급 안되는점 조금 아쉬웠네요 방은 좋습니다,5,2025-05,y,호텔이다 보니 일회용품 지급 안 되는 점 조금 아쉬웠네요 방은 좋습니다,1
y_58_167,전주 호텔다빈,GC14716955611,깨끗하고 아주 좋았습니다,5,2025-05,y,깨끗하고 아주 좋았습니다,0
y_58_168,전주 호텔다빈,빨강활자,깨끗하고 쾌적해요,5,2025-05,y,깨끗하고 쾌적해요,0
y_58_169,전주 호텔다빈,추천닉네임왜그러냐,좋은 숙소였습니다 재방문의사 있어요,5,2025-06,y,좋은 숙소였습니다 재방문의 사 있어요,1
y_58_170,전주 호텔다빈,쿨쿨1022,깨끗하고 좋네요,5,2025-06,y,깨끗하고 좋네요,0
y_58_171,전주 호텔다빈,홍시님이다,깔끔하고 좋습니다 또 이용할게요,3,2025-06,y,깔끔하고 좋습니다 또 이용할게요,0
y_58_172,전주 호텔다빈,두둠치리치리뱅뱅,한옥마을이랑도 가깝고 룸에 깨끗해서 편하게 잘 쉬다 갑니다,5,2025-05,y,한옥마을이랑도 가깝고 룸에 깨끗해서 편하게 잘 쉬다 갑니다,0
y_58_176,전주 호텔다빈,어렴풋한항공모함,결혼식 하객분들 숙소를 찾다가 타숙소 오픈이 지연 되어 호텔 다빈으로 예약했는데 주차 자리도 괜찮았고 위치도 좋았으며 호텔 내부 느낌이 깔끔하고 좋았습니다 모셨던 분들이 다들 편안히 잘 쉬었다고 하여 마음이 놓입니다 특별한날 특별한 곳에서 좋은 추억 쌓고 갑니다 근처에 한옥마을이 가까워 도보로 이동하기 용이하여 마음껏 즐기고 술도 한잔하기 딱 좋네요 한옥마을 여행 계획중이시라면 호텔 다빈을 한번 추천드려 봅니다 후회 없는 선택이실꺼라고요 행복한 여행 감사합니다,5,2025-05,y,결혼식 하객분들 숙소를 찾다가 타숙소 오픈이 지연되어 호텔 다빈으로 예약했는데 주차 자리도 괜찮았고 위치도 좋았으며 호텔 내부 느낌이 깔끔하고 좋았습니다 모셨던 분들이 다들 편안히 잘 쉬었다고 하여 마음이 놓입니다 특별한 날 특별한 곳에서 좋은 추억 쌓고 갑니다 근처에 한옥마을이 가까워 도보로 이동하기 용이하여 마음껏 즐기고 술도 한잔하기 딱 좋네요 한옥마을 여행 계획 중이시라면 호텔 다빈을 한번 추천드려 봅니다 후회 없는 선택이실 거라고요 행복한 여행 감사합니다,5
y_58_178,전주 호텔다빈,남다르고지혜로운해운대,칫솔 치약 없어요 안찾아본 제 잘못이긴한데 체크인할때 없다고 구매하시겠냐고 물어보면 더 좋을것같아요 화장실 물내리는거 버튼 눌러도 안돼요 변기옆에 누르는거 눌러서 내렸습니다 호 확인해주세요 가운도 없어요 카운터에 문의하면 준다는데 너무 늦은 시간이라 없대요 화장실 깨끗해요 다음엔 칫솔치약 챙겨서 또 올거같아요,5,2025-05,y,칫솔 치약 없어요 안 찾아본 제 잘못이긴 한데 체크인할 때 없다고 구매하시겠냐고 물어보면 더 좋을 것 같아요 화장실 물 내리는 거 버튼 눌러도 안돼요 변기 옆에 누르는 거 눌러서 내렸습니다 호 확인해 주세요 가운도 없어요 카운터에 문의하면 준다는데 너무 늦은 시간이라 없대요 화장실 깨끗해요 다음엔 칫솔치약 챙겨서 또 올 거 같아요,9
y_58_179,전주 호텔다빈,원주윌레스,건물 뒷편이 지하주차장 입구표지판이 크게 되어있었어요 지하층까지 있고 는 조심해야되요 주차장이 가득차면 프런트에 통화 후 안내받으면 되요 층은 식당과 카페 층부터 프런트 및 객실인데 셀프체크인기계가 있지만 프런트에 직원분들이 계셔서 친절하게 안내해주셨어요 이 글로 부담스러우실 수 있지만 직원분들 정말 다들 친절하셨음 스위트온돌로 예약했는데 이불깔린 부분은 엄청 뜨거워서 좋았어요 단 창가쪽은 통창이라 추울수있어요 통창이지만 중간에 작게 창문이 있어서 아이들 걱정이 없어요 화장실 수압이 엄청 좋고 배수도 잘 되서 좋았어요 따뜻한물도 잘 나와요엄청 뜨거움 객실상태가 깨끗해서 둘째가 바닥을 기어다니면서 돌아다녀도 걱정없었어요 카페트있는곳이나 구석이 더러우면 찝찝한게 있는데 여기는 조명장식 부분 도 깨끗했어요 일층에서 골목쪽으로 들어가면 바로 경기전뒷쪽이 나와요산책하는 사람들 식당카페편의점등 많아서 길 따라서 가면 한옥마을이 금방 나와요 큰길 따라서는 아이들이랑 걸을때 분이면 도착해요 밤에도 아침에도 광한루가 가까워서 주변 둘러보면서 산책이 가능해 좋아요 객실이 어른명 아이명이 데굴데굴 구르면서 자도 될만큼 넓어요 다음에 가족들이랑 같이 또 오고싶어요,5,2025-05,y,건물 뒷편이 지하주차장 입구표지판이 크게 되어있었어요 지하층까지 있고 는 조심해야되요 주차장이 가득차면 프런트에 통화 후 안내받으면 되요 층은 식당과 카페 층부터 프런트 및 객실인데 셀프체크인기계가 있지만 프런트에 직원분들이 계셔서 친절하게 안내해주셨어요 이 글로 부담스러우실 수 있지만 직원분들 정말 다들 친절하셨음 스위트온돌로 예약했는데 이불깔린 부분은 엄청 뜨거워서 좋았어요 단 창가쪽은 통창이라 추울수있어요 통창이지만 중간에 작게 창문이 있어서 아이들 걱정이 없어요 화장실 수압이 엄청 좋고 배수도 잘 되서 좋았어요 따뜻한물도 잘 나와요엄청 뜨거움 객실상태가 깨끗해서 둘째가 바닥을 기어다니면서 돌아다녀도 걱정없었어요 카페트있는곳이나 구석이 더러우면 찝찝한게 있는데 여기는 조명장식 부분 도 깨끗했어요 일층에서 골목쪽으로 들어가면 바로 경기전뒷쪽이 나와요산책하는 사람들 식당카페편의점등 많아서 길 따라서 가면 한옥마을이 금방 나와요 큰길 따라서는 아이들이랑 걸을때 분이면 도착해요 밤에도 아침에도 광한루가 가까워서 주변 둘러보면서 산책이 가능해 좋아요 객실이 어른명 아이명이 데굴데굴 구르면서 자도 될만큼 넓어요 다음에 가족들이랑 같이 또 오고싶어요,-1
y_58_180,전주 호텔다빈,1410602,친절하고 좋아요 한옥마을도 가까워서 좋네요,5,2025-07,y,친절하고 좋아요 한옥마을도 가까워서 좋네요,0
