name,address
전주 비지니스 호텔 궁,전북특별자치도 전주시 덕진구 용산1길 17-4
글로스터호텔 전주,전북특별자치도 전주시 완산구 팔달로 227
신라스테이 전주 한옥마을,전북특별자치도 전주시 완산구 현무1길 10
전주 투썸스테이중화산점,전북특별자치도 전주시 완산구 어은로 12-4
전주 MH HOTEL 중화산동점,전북특별자치도 전주시 완산구 어은로 12-6
전주 MH HOTEL 객리단길점,전북특별자치도 전주시 완산구 전주천동로 232
전주 투썸스테이서신점,전북특별자치도 전주시 완산구 여울로 31
전주 브라운도트 덕진점,전북특별자치도 전주시 덕진구 기린대로 534
전주 노이 호텔,전북특별자치도 전주시 덕진구 아중4길 21
라한호텔 전주,전북특별자치도 전주시 완산구 기린대로 85
전주 마리 덕진공원점,전북특별자치도 전주시 덕진구 덕진연못3길 9-5
전주 시그니처 호텔,전북특별자치도 전주시 덕진구 백제대로 838
전주 아늑료칸호텔 전주점,전북특별자치도 전주시 덕진구 용산2길 17
전주 더케이,전북특별자치도 전주시 완산구 한두평1길 10
전주 호텔박스한옥마을 아중리점,전북특별자치도 전주시 덕진구 아중4길 20-5
전주 호텔아지트 신시가지점,전북특별자치도 전주시 완산구 홍산북로 46-11
전주 호텔모아,전북특별자치도 전주시 완산구 홍산북로 80
전주 브라운도트 아중지구점,전북특별자치도 전주시 덕진구 아중중앙로 30
전주 호텔레이나구 전주 소풍,전북특별자치도 전주시 덕진구 산정3길 6
전주 Q큐,전북특별자치도 전주시 완산구 한두평1길 12
전주 하운드호텔 전주아중지구,전북특별자치도 전주시 덕진구 산정2길 20
전주 YAJA전주한옥마을점,전북특별자치도 전주시 완산구 전주객사5길 64-4
전주 호텔 써밋스테이,전북특별자치도 전주시 덕진구 산정3길 2
베스트웨스턴 플러스 전주 호텔,전북특별자치도 전주시 완산구 현무1길 41
전주 아늑호텔,전북특별자치도 전주시 덕진구 산정3길 37
전주 호텔루고RUGO,전북특별자치도 전주시 완산구 한두평4길 5-5
전주 호텔 시그니처Signature,전북특별자치도 전주시 완산구 한두평4길 5-4
전주 호텔아지트 서신롯데점,전북특별자치도 전주시 완산구 여울로 25
전주 호텔 어반스테이아중점,전북특별자치도 전주시 덕진구 정언신로 170
완주 스페이스셔틀 전주,전북특별자치도 완주군 상관면 죽림편백길 118-38
전주 제이즈호텔,전북특별자치도 전주시 덕진구 산정3길 11
전주 화이트호텔,전북특별자치도 전주시 덕진구 전주천동로 501
전주 스마일,전북특별자치도 전주시 덕진구 송천중앙로 12-12
전주 와이케이,전북특별자치도 전주시 덕진구 명륜5길 10-2
전주 에이치에비뉴HAVENUE,전북특별자치도 전주시 덕진구 산정2길 6-4
전주 스타 호텔,전북특별자치도 전주시 완산구 한두평2길 9
전주 윈져,전북특별자치도 전주시 덕진구 용산1길 6-3
전주 테라호텔,전북특별자치도 전주시 덕진구 산정3길 26
전주 이둔호텔,전북특별자치도 완주군 이서면 오공로 21-25
전주 하운드호텔 터미널점,전북특별자치도 전주시 덕진구 용산1길 6-5
전주 브라이튼 호텔BRIGHTEN,전북특별자치도 전주시 완산구 한두평2길 8-3
전주 씨투,전북특별자치도 전주시 완산구 홍산북로 70-7
전주 히든호텔,전북특별자치도 전주시 덕진구 덕진연못2길 9-5
전주 이야기펜션,전북특별자치도 전주시 완산구 동부대로 82-18
전주 에이치에비뉴 덕진점,전북특별자치도 전주시 덕진구 덕진연못3길 9-1
전주 라베 호텔,전북특별자치도 전주시 완산구 한두평2길 8-5
전주 이츠호텔,전북특별자치도 전주시 덕진구 아중2길 18-6
전주 호텔 늘,전북특별자치도 전주시 덕진구 아중4길 23
솔 호텔,전북특별자치도 전주시 덕진구 아중2길 22-4
전주 HOTEL SOUNDS 호텔사운즈,전북특별자치도 전주시 완산구 한두평3길 7-6
전주 마리 터미널점,전북특별자치도 전주시 덕진구 용산3길 21
전주 투썸호텔,전북특별자치도 전주시 완산구 한두평2길 13-3
전주 프린스,전북특별자치도 전주시 완산구 한두평1길 9
전주 관광호텔,전북특별자치도 전주시 완산구 전주객사5길 44-5
호텔 토랑 전주,전북특별자치도 전주시 덕진구 산정2길 23
전주 브라운도트 중화산동점,전북특별자치도 전주시 완산구 한두평2길 14-6
전주 비지트 호텔VIZIT HOTEL,전북특별자치도 전주시 덕진구 아중중앙로 20
전주 호텔아이,전북특별자치도 전주시 완산구 홍산북로 84
전주 호텔다빈,전북특별자치도 전주시 완산구 팔달로 160
전주 코자자,전북특별자치도 전주시 덕진구 산정2길 18
전주 한옥마을 비하녹,전북특별자치도 전주시 완산구 풍남문4길 26-34
전주 필모텔,전북특별자치도 전주시 덕진구 도당산로 65-4 
전주 라온 호텔,전북특별자치도 전주시 완산구 풍남문2길 124-7 
전주 스테이 호텔(stay family),전북특별자치도 전주시 덕진구 산정2길 6-5 
전주 위너,전북특별자치도 전주시 덕진구 아중4길 20 
전주 호텔폭스FOX 2.0,전북특별자치도 전주시 완산구 홍산북로 58 
전주 하운드호텔덕진점,전북특별자치도 전주시 덕진구 기린대로 532-6 
전주 넘버25 NO.25 산정점,전북특별자치도 전주시 덕진구 산정3길 12 
전주 브라운도트전주터미널점,전북특별자치도 전주시 덕진구 용산1길 12-4 
전주 호텔마루,전북특별자치도 완주군 이서면 오공로 21-17
전주 다빈호텔,전북특별자치도 전주시 완산구 팔달로 160 
전주 호텔 더 빈센트,전북특별자치도 전주시 완산구 전라감영로 76 
전주 어썸호텔,전북특별자치도 전주시 덕진구 용산1길 6-1 
전주 루이호텔,전북특별자치도 전주시 완산구 한두평2길 10 
전주 호텔젠,전북특별자치도 전주시 덕진구 아중4길 14-4 
전주 드래곤 호텔,전북특별자치도 완주군 이서면 오공로 21-5
전주 화려한외출2,전북특별자치도 전주시 완산구 한두평2길 8-11 
전주 소소한 한옥,전북특별자치도 전주시 완산구 은행로 5-7 
전주 제이브라운,전북특별자치도 전주시 덕진구 산정1길 26 
전주 호텔 달빛소리 드라이브인,전북특별자치도 전주시 덕진구 산정2길 12-21 
전주 더그레이호텔,전북특별자치도 전주시 덕진구 세병서로 18-6 
전주 칸,전북특별자치도 전주시 덕진구 산정2길 24-3 
전주 엘도라도,전북특별자치도 전주시 완산구 한두평4길 11-3 
전주 데이나이스,전북특별자치도 전주시 완산구 홍산북로 46 
전주 쿡,전북특별자치도 전주시 완산구 홍산북로 84-10 
전주 에코스테이 호텔,전북특별자치도 전주시 덕진구 세병서로 8-27 
호텔원 전주 이노시티,전북특별자치도 완주군 이서면 오공로 21-13
전주 황금,전북특별자치도 전주시 덕진구 용산3길 25 
전주 호텔루나,전북특별자치도 전주시 덕진구 아중4길 14-7 
"전주 풍남가족호텔 (구, 풍남관광호텔)",전북특별자치도 전주시 완산구 전주객사2길 45-7 
전주 호텔유,전북특별자치도 전주시 완산구 홍산북로 84-12 
전주 료칸호텔엣지,전북특별자치도 전주시 덕진구 산정2길 28-5 
전주 카누KANU,전북특별자치도 전주시 덕진구 산정2길 12-7 
전주 카마호텔,전북특별자치도 전주시 완산구 한두평2길 8-9 
카마호텔 전주,전북특별자치도 전주시 완산구 한두평2길 8-9 
전주 루엘호텔 덕진공원 본점,전북특별자치도 전주시 덕진구 기린대로 540 
전주 칼튼 힐 호텔,전북특별자치도 전주시 덕진구 용산3길 35 
전주 후,전북특별자치도 전주시 덕진구 용산1길 12-2 
전주 타임 호텔,전북특별자치도 전주시 완산구 홍산북로 46-5 
전주 스테이노트,전북특별자치도 전주시 완산구 전라감영로 19-8 
전주 만상호텔MANSANG,전북특별자치도 완주군 이서면 오공로 21-11
전주 애플모텔,전북특별자치도 전주시 완산구 홍산북로 50 
전주 한옥호텔 궁,전북특별자치도 전주시 완산구 풍남문4길 25-19 
전주 MH호텔 객리단길점,전북특별자치도 전주시 완산구 전주천동로 232 
전주 플렉스호텔,전북특별자치도 전주시 덕진구 산정2길 11 
이비스 스타일 앰배서더 전주,전북특별자치도 전주시 완산구 전주객사4길 74-50 
전주 한옥마을 별빛궁,전북특별자치도 전주시 완산구 태조로 12-18 
전주한옥호텔 태조궁,전북특별자치도 전주시 완산구 전라감영로 40 
전주 호텔야자 전주터미널점,전북특별자치도 전주시 덕진구 용산2길 13
전주 스페셜,전북특별자치도 전주시 완산구 한두평2길 8-7 
호텔 바라한,전북특별자치도 전주시 덕진구 용산2길 17-5 
엔브릿지 호텔,전북특별자치도 전주시 완산구 전주천서로 81 
전주 몽블랑,전북특별자치도 전주시 완산구 한두평2길 11 
전주 한옥마을 한지꿀잠,전북특별자치도 전주시 완산구 최명희길 26-41 
전주 에비뉴호텔,전북특별자치도 전주시 덕진구 산정2길 12-16 
전주 핀앤핏하우스,전북특별자치도 전주시 덕진구 덕진광장로 8-1 
전주 한옥마을 인디고,전북특별자치도 전주시 완산구 은행로 5-9 
전주 메이드HOTEL MADE,전북특별자치도 전주시 덕진구 산정2길 12-8 
아늑호텔 전주점,전북특별자치도 전주시 덕진구 산정3길 37 
전주 그랜드힐스턴 호텔,전북특별자치도 전주시 완산구 온고을로 211 
전주 POP,전북특별자치도 전주시 완산구 홍산북로 74 
전주 한옥마을 한옥미담,전북특별자치도 전주시 완산구 동문길 54-41 
전주 더클래식 바이 호텔원,전북특별자치도 완주군 이서면 오공로 21-19
전주 호텔야자 중화산점,전북특별자치도 전주시 완산구 한두평3길 5 
전주 한옥마을 한옥고택 고을,전북특별자치도 전주시 완산구 최명희길 26-7 
전주 MH호텔 중화산동점,전북특별자치도 전주시 완산구 어은로 12-6 
에이치에비뉴 덕진점,전북특별자치도 전주시 덕진구 덕진연못3길 9-3 
전주 왕의지밀 한옥호텔,전북특별자치도 전주시 완산구 춘향로 5218-20 
전주 릴렉스호텔,전북특별자치도 전주시 덕진구 아중4길 6-9 
전주 코아,전북특별자치도 전주시 완산구 팔달로 286-7 
전주한옥마을 독채 덕수궁 별관,전북특별자치도 전주시 완산구 기린대로 72 
전주 엘림호텔,전북특별자치도 전주시 완산구 한두평3길 7-4 
전주 비지트호텔,전북특별자치도 전주시 덕진구 아중중앙로 20 
전주 투헤븐,전북특별자치도 전주시 덕진구 용산2길 7 
전주 아미르,전북특별자치도 전주시 덕진구 아중2길 14-4 
전주 관광호텔 꽃심,전북특별자치도 전주시 완산구 팔달로 171 
전주 돈키호테 드라이브인 무인텔,전북특별자치도 전주시 덕진구 산정3길 17 
전주 MOMENT708,전북특별자치도 전주시 덕진구 가리내로 126 
호텔 아라리,전북특별자치도 전주시 덕진구 떡전5길 24 
전주 구름채 게스트하우스,전북특별자치도 전주시 완산구 경기전길 45 
전주 다온호텔,전북특별자치도 전주시 완산구 전주천서로 49 
이츠 호텔 전주,전북특별자치도 전주시 덕진구 아중2길 18-6 
전주 라임 호텔HOTEL LIME,전북특별자치도 전주시 덕진구 아중4길 13-3 
전주 감스테이,전북특별자치도 전주시 덕진구 산정3길 30 
전주 한옥마을 골목길 게스트하우스,전북특별자치도 전주시 완산구 향교길 91-3 
전주 한옥 몽유화원,전북특별자치도 전주시 완산구 서학3길 85-1 
전주 브라이튼호텔,전북특별자치도 전주시 완산구 한두평2길 8-3 
전주 에이플러스,전북특별자치도 전주시 덕진구 동부대로 527 
전주 한옥마을 꽃잠,전북특별자치도 전주시 완산구 동문길 19-14 
전주 Stay 테오리아,전북특별자치도 전주시 완산구 동문길 51-8 
전주 인트로 호텔,전북특별자치도 전주시 완산구 한두평1길 11 
전주 라베호텔,전북특별자치도 전주시 완산구 한두평2길 8-5 
전주한옥마을 독채 덕수궁,전북특별자치도 전주시 완산구 최명희길 26-40 
재즈 어라운드 관광 호텔,전북특별자치도 전주시 덕진구 정언신로 182 
전주 서로 한옥펜션,전북특별자치도 전주시 완산구 한지길 100-12 
전주한옥마을 연우당,전북특별자치도 전주시 완산구 태조로 12-17 
늘품호텔,전북특별자치도 전주시 완산구 기린대로 90 
전주 스토리,전북특별자치도 전주시 덕진구 용산2길 8 
전주한옥마을 하늘기와,전북특별자치도 전주시 완산구 전주천동로 54-8 
전주 타미호텔TOMMY HOTEL,전북특별자치도 전주시 덕진구 권삼득로 383 
전주 호텔아지트 신시가지점,전북특별자치도 전주시 완산구 홍산북로 46-11 
별둘 자쿠지 독채 펜션,전북특별자치도 전주시 완산구 간납대2길 59-3 
전주 갤러리 스테이,전북특별자치도 전주시 완산구 동문길 54-23 
전주한옥마을 덕수궁,전북특별자치도 전주시 완산구 간납로 10 
전주 한옥 영하우스,전북특별자치도 전주시 완산구 팔달로 292-4 
전주 자우리,전북특별자치도 전주시 덕진구 아중4길 13-4 
전주 바른 숙박BARUN STAY,전북특별자치도 전주시 덕진구 산정1길 32 
전주 워너비,전북특별자치도 전주시 덕진구 덕진연못3길 8-4 
칼튼힐 호텔 전주,전북특별자치도 전주시 덕진구 용산3길 35 
전주 정가 한옥,전북특별자치도 전주시 완산구 기린대로 78-3 
253평 예쁘고 넓은 마음엔뜰 독채 숙소 | 전주 마음엔뜰,전북특별자치도 전주시 완산구 중인1길 184 
전주한옥마을 도화서가 스테이 독채펜션,전북특별자치도 전주시 완산구 동문길 93 
전주 뷰티,전북특별자치도 전주시 덕진구 용산3길 8 
24게스트하우스 전주점,전북특별자치도 전주시 완산구 현무3길 56 
전주 재즈어라운드호텔,전북특별자치도 전주시 덕진구 정언신로 182 
전주 한옥마을 소리풍경,전북특별자치도 전주시 완산구 태조로 12-5 
전주 기린 게스트하우스,전북특별자치도 전주시 완산구 현무3길 34 
전주 블루원,전북특별자치도 전주시 덕진구 용산2길 18 
전주 한옥마을 산아래,전북특별자치도 전주시 완산구 오목대길 56 
전주한옥마을 아침스테이,전북특별자치도 전주시 완산구 팔달로 150-5 
넘버25호텔 전주산정점,전북특별자치도 전주시 덕진구 산정3길 12 
아늑료칸호텔 전주점,전북특별자치도 전주시 덕진구 용산2길 17 
투썸스테이 서신점,전북특별자치도 전주시 완산구 여울로 31 
전주 포레스트그릴 글램핑,전북특별자치도 전주시 완산구 학봉1길 39 
전주 브라운도트 아중지구점,전북특별자치도 전주시 덕진구 아중중앙로 30 
전주 한옥체험 모꼬지,전북특별자치도 전주시 완산구 향교길 124-6 
전주 엠파이어,전북특별자치도 전주시 완산구 한두평1길 13-3 
전주 1박2일,전북특별자치도 전주시 덕진구 도당산4길 26 
전주 알프스,전북특별자치도 전주시 완산구 한두평1길 13-5 
전주 마리호텔 터미널점,전북특별자치도 전주시 덕진구 용산3길 21 
전주 한옥마을 그리운 집,전북특별자치도 전주시 완산구 향교길 23-3 
전주 황실관광호텔,전북특별자치도 전주시 완산구 은행로 22 
전주 한옥마을 별자리,전북특별자치도 전주시 완산구 최명희길 26-17 
전주 한옥 독채 꽃마르트,전북특별자치도 전주시 완산구 곤지산3길 14-27 
전주 이가 한옥 본관,전북특별자치도 전주시 완산구 간납로 8 
전주 한옥마을 한옥솔솔,전북특별자치도 전주시 완산구 최명희길 31 
전주 투나잇2NIGHT,전북특별자치도 전주시 덕진구 아중4길 16 
전주 샵 호텔SHARP HOTEL,전북특별자치도 전주시 덕진구 산정3길 22 
전주 마리호텔,전북특별자치도 전주시 덕진구 아중중앙로 26 
호텔어라이브 전주 시화연풍,전북특별자치도 전주시 완산구 풍남문3길 9-5 
전주 호텔K,전북특별자치도 전주시 덕진구 용산2길 5 
전주 한옥마을 알콩달콩 다락방,전북특별자치도 전주시 완산구 경기전길 153-6 
전주 그리고봄 독채펜션,전북특별자치도 전주시 완산구 은행로 65-11 
전주 대화사우나,전북특별자치도 전주시 덕진구 권삼득로 103 
전주 한옥마을 꽃자리,전북특별자치도 전주시 완산구 최명희길 26-23 
전주 한옥마을 교동가온,전북특별자치도 전주시 완산구 은행로 75-3 
전주한옥마을에 위치한 감성 숙소 | 전주 안녕 제제 옥상달빛,전북특별자치도 전주시 완산구 전동성당길 33-9 
전주 해밀 펜션,전북특별자치도 전주시 완산구 향교길 19-23 
전주한옥마을 메종 14,전북특별자치도 전주시 완산구 경기전길 184-5 
전주한옥마을에 위치한 감성 숙소 | 전주 안녕 제제 아침고요,전북특별자치도 전주시 완산구 전동성당길 33-9 
전주 슈페리어,전북특별자치도 전주시 덕진구 도당산4길 14 
전주 짬,전북특별자치도 전주시 덕진구 동부대로 523 
전주 한옥마을 분 게스트하우스,전북특별자치도 전주시 완산구 전동성당길 33-6 
전주 토마토,전북특별자치도 전주시 덕진구 용산3길 18 
전주 더 메이 호텔,전북특별자치도 전주시 덕진구 기린대로 800 
전주 한옥마을 담소 황토 한옥,전북특별자치도 전주시 완산구 향교길 71 
전주 한옥마을 한옥이야기,전북특별자치도 전주시 완산구 은행로 83-14 
전주 한옥마을 여별,전북특별자치도 전주시 완산구 팔달로 94-6 
전주 스테이 일상이상,전북특별자치도 전주시 완산구 인봉1길 16-4 
전주 여가,전북특별자치도 전주시 완산구 태조로 12-12 
전주 풍류가옥,전북특별자치도 전주시 완산구 인봉1길 26 
이둔호텔 전주,전북특별자치도 완주군 이서면 오공로 21-25
전주 한옥마을 더 머뭄,전북특별자치도 전주시 완산구 최명희길 26-25 
전주 한옥마을 교동살래,전북특별자치도 전주시 완산구 전주천동로 66-1 
전주한옥마을 웨이,전북특별자치도 전주시 완산구 은행로 16 
전주한옥마을 예술가의집 시간무늬,전북특별자치도 전주시 완산구 천경로 15-16 
전주 한옥마을 경기전 별당채,전북특별자치도 전주시 완산구 최명희길 16-3 
전주 한옥마을 별빛 쉼터,전북특별자치도 전주시 완산구 향교길 42-9 
전주 프린스 우아점,전북특별자치도 전주시 덕진구 동부대로 441 
전주 한옥마을 혜윰,전북특별자치도 전주시 완산구 향교길 42-5 
전주 한옥마을 달빛향,전북특별자치도 전주시 완산구 전주천동로 64-16 
전주 한옥마을 어울림,전북특별자치도 전주시 완산구 은행로 75-5 
반려동물 동반 가능 독채 감성숙소 | 향교길선우가,전북특별자치도 전주시 완산구 향교길 155-13 
전주 한옥마을 꽃밭정원 예쁜집 좋은날,전북특별자치도 전주시 완산구 전동성당길 37-7 
더정가 스테이,전북특별자치도 전주시 완산구 기린대로 76 
전주 여림재펜션,전북특별자치도 완주군 상관면 죽림편백길 96
한 팀만을 위한 독채한옥 | 전주 소소정,전북특별자치도 전주시 완산구 향교길 155-11 
전주 한옥마을 성심,전북특별자치도 전주시 완산구 은행로 30-3 
전주 한옥마을 한옥미쁨,전북특별자치도 전주시 완산구 은행로 15-6 
전주한옥마을 풍남주택,전북특별자치도 전주시 완산구 최명희길 26-39 
전주 천년의아침,전북특별자치도 전주시 완산구 기린대로 71-1 
전주 원색명화마을,전북특별자치도 전주시 완산구 바람쐬는길 330 
전주 한옥마을 여지 게스트하우스,전북특별자치도 전주시 완산구 팔달로 202-16 
전주 그날을담다,전북특별자치도 전주시 완산구 풍남문5길 23-7
전주 호스텔&게스트하우스,전북특별자치도 전주시 덕진구 동부대로 694-8 
블루보트 게스트하우스 전주점,전북특별자치도 전주시 완산구 충경로 75 
전주한옥마을 서학의 아침 펜션,전북특별자치도 전주시 완산구 서학3길 74-21 
전주 한옥스테이 까치,전북특별자치도 전주시 완산구 은행로 74-5 
전주 한옥마을 어린왕자 게스트하우스,전북특별자치도 전주시 완산구 태조로 14-1 
전주 쑈드라이브인,전북특별자치도 전주시 덕진구 용산2길 10 
전주 한옥마을 사랑가득,전북특별자치도 전주시 완산구 향교길 149-8 
전주 시인과짜몽 게스트하우스,전북특별자치도 전주시 완산구 서학3길 15-1 
한옥마을 내 위치한 독채 한옥 숙소 | 참다원,전북특별자치도 전주시 완산구 향교길 155-9 
전주 수호텔,전북특별자치도 전주시 덕진구 아중4길 20-4 
전주 한옥마을 예원당,전북특별자치도 전주시 완산구 어진길 33-10 
전주 한옥마을 행복가득,전북특별자치도 전주시 완산구 전주천동로 64-3 
전주 한옥마을 그림 게스트하우스,전북특별자치도 전주시 완산구 향교길 149-13 
전주 민트 게스트하우스,전북특별자치도 전주시 완산구 서학로 27-2 
전주 호텔 포레,전북특별자치도 전주시 완산구 한두평3길 14-6 
전주 한옥마을 고희,전북특별자치도 전주시 완산구 빙고리3길 5 
전주 한옥마을 서선야,전북특별자치도 전주시 완산구 동문길 19-6 
전주 한옥 황토 편백하우스,전북특별자치도 전주시 완산구 완산6길 8-17 
베니키아 전주한성호텔,전북특별자치도 전주시 완산구 전주객사5길 43-3 
전주 FX,전북특별자치도 전주시 덕진구 아중4길 14-10 
전주 늘품호텔,전북특별자치도 전주시 완산구 기린대로 90 
전주 한옥마을 장수,전북특별자치도 전주시 완산구 은행로 55-1 
전주 호텔 캐슬,전북특별자치도 전주시 덕진구 아중4길 10-4 
전주 한옥마을 다나하루 게스트하우스,전북특별자치도 전주시 완산구 향교길 11 
전주한옥마을에 위치한 감성 숙소 | 전주 안녕 제제 다시 봄,전북특별자치도 전주시 완산구 전동성당길 33-9 
전주 한옥 도원,전북특별자치도 전주시 완산구 서학1길 38-1
전주 한옥마을 뜰안채 신관,전북특별자치도 전주시 완산구 어진길 94-5 
전주 한옥마을 강령전,전북특별자치도 전주시 완산구 태조로 26-24 
전주 오래된미래 게스트하우스,전북특별자치도 전주시 완산구 바람쐬는길 35-19 
전주 H 호텔,전북특별자치도 전주시 덕진구 아중4길 23-6 
전주 하얏트,전북특별자치도 전주시 덕진구 도당산로 65 
전주 풍류헌 한옥고택 독채,전북특별자치도 전주시 완산구 풍남문5길 21-7 
전주 한옥마을 돌담집 본관,전북특별자치도 전주시 완산구 최명희길 26-5 
전주 하운드호텔 덕진공원점,전북특별자치도 전주시 덕진구 기린대로 532-6 
전주 마리호텔,전북특별자치도 전주시 덕진구 아중중앙로 26 
전주 한옥마을 1928 쉼마루,전북특별자치도 전주시 완산구 향교길 51-4 
전주 호텔아지트 서신롯데점,전북특별자치도 전주시 완산구 여울로 25 
전주 한옥마을 꼴 게스트하우스,전북특별자치도 전주시 완산구 은행로 21 
나비잠한옥호텔,전북특별자치도 전주시 완산구 팔달로 150-17 
전주 한옥마을 푸른요람,전북특별자치도 전주시 완산구 은행로 68-8 
전주 한옥마을 오목헌,전북특별자치도 전주시 완산구 은행로 76 
전주 씨네마,전북특별자치도 전주시 완산구 전주객사3길 27 
전주한옥마을숙박 향촌 펜션,전북특별자치도 전주시 완산구 어진길 65 
전주 한옥 사계,전북특별자치도 전주시 완산구 서학3길 27-4 
전주 한옥마을 숙박 체험관,전북특별자치도 전주시 완산구 은행로 56 
전주 한옥마을 한옥마당 행랑채,전북특별자치도 전주시 완산구 전주천동로 80-13 
도심속 골목가에 위치한 고즈넉한 분위기 속 편안함 | 대동고택,전북특별자치도 전주시 완산구 대동로 7-13 
전주 니어리스트 게스트하우스,전북특별자치도 전주시 완산구 팔달로 202-14 
전주 한옥마을 취락당,전북특별자치도 전주시 완산구 동문길 33-19 
한옥호텔 궁,전북특별자치도 전주시 완산구 풍남문4길 25-19 
전주 한옥마을 한옥마당 본채,전북특별자치도 전주시 완산구 전주천동로 80-13 
전주 더씨티 호텔,전북특별자치도 전주시 완산구 충경로 65 
전주 이카로스,전북특별자치도 전주시 덕진구 용산2길 20 
전주 한옥마을 다정 게스트하우스,전북특별자치도 전주시 완산구 전동성당길 30 
스마일호텔(SMILE HOTEL),전북특별자치도 전주시 덕진구 송천중앙로 12-12 
전주한옥마을 온유,전북특별자치도 전주시 완산구 한지길 107 
전주한옥마을 김명옥 별장펜션,전북특별자치도 전주시 완산구 내원당길 58-14 
호텔 오페라21,전북특별자치도 전주시 덕진구 정언신로 186 
대형 샹들리에가 설치된 2층 독채 | 전주 줄리앤소피하우스,전북특별자치도 전주시 완산구 인정로 8 
전주 한옥마을 가은채2,전북특별자치도 전주시 완산구 한지길 100-20 
전주 타임,전북특별자치도 전주시 덕진구 용산1길 11 
전주한옥마을에 위치한 감성 숙소 | 전주 안녕 제제 제제,전북특별자치도 전주시 완산구 전동성당길 33-9 
전주 한옥마을 돌담집 안채,전북특별자치도 전주시 완산구 최명희길 26-5 
전주 한옥마을 유정 게스트하우스,전북특별자치도 전주시 완산구 어진길 90-9 
전주 영화호텔,전북특별자치도 전주시 완산구 전주객사2길 28-27 
전주한옥마을 나성하우스,전북특별자치도 전주시 덕진구 금암2길 7-3 
전주 나비,전북특별자치도 전주시 덕진구 산정3길 28 
전주 Y 누리봄 게스트하우스,전북특별자치도 전주시 완산구 서학로 47-3 
전주 한옥마을 돌담집 별관,전북특별자치도 전주시 완산구 최명희길 26-5 
전주 그여자네집 독채펜션,전북특별자치도 전주시 완산구 향교길 101 
전주 한옥마을 이택구 사랑채,전북특별자치도 전주시 완산구 최명희길 11-5 
전주 호텔 엑스오XO,전북특별자치도 전주시 덕진구 용산1길 17-1 
전주 하루 호텔 (HARU),전북특별자치도 전주시 덕진구 산정3길 19-2 
전주한옥마을에 위치한 감성 숙소 | 전주 안녕 제제 제제의 미학,전북특별자치도 전주시 완산구 전동성당길 33-9 
전주 한옥마을 흥부가,전북특별자치도 전주시 완산구 태조로 26-34 
전주 래미안스테이,전북특별자치도 전주시 덕진구 아중4길 6-1 
전주 한옥마을 고현당,전북특별자치도 전주시 완산구 한지길 112-3 
전주 낭만시대 게스트하우스,전북특별자치도 전주시 완산구 동문길 102 
전주 로니관광호텔,전북특별자치도 전주시 완산구 전주객사4길 74-50 
전주 쉐르빌,전북특별자치도 전주시 덕진구 아중4길 9 
호텔 시그니처 중화산동점,전북특별자치도 전주시 완산구 한두평4길 5-4 
전주 한옥마을 감영루,전북특별자치도 전주시 완산구 풍남문4길 26-42 
전주 한옥마을 가원당,전북특별자치도 전주시 완산구 경기전길 125-9 
전주한옥마을 알지비 게스트하우스,전북특별자치도 전주시 완산구 전주천동로 86-1 
전주 푸실 한옥펜션,전북특별자치도 전주시 완산구 향교길 149-12 
전주 한옥마을 다래헌,전북특별자치도 전주시 완산구 은행로 51-3 
고즈넉한 그때가 당신의 기억에 머물 즈음 | 전주 무렵,전북특별자치도 전주시 완산구 전주천동로 80-17 
전주 한옥마을 가은채,전북특별자치도 전주시 완산구 한지길 68-15 
전주 한옥마을 뜨레가,전북특별자치도 전주시 완산구 전주천동로 58-10 
전주 한옥마을 하늘풍경,전북특별자치도 전주시 완산구 향교길 51-13 
전주 한옥마을 뜰안채 본관,전북특별자치도 전주시 완산구 어진길 94-5 
전주관광호텔,전북특별자치도 전주시 완산구 전주객사5길 44-5 
호텔 루고,전북특별자치도 전주시 완산구 한두평4길 5-5 
전주 아침정원 게스트하우스,전북특별자치도 전주시 완산구 학전길 15-1 
전주 한옥마을 독채 | 한옥스테이 선물,전북특별자치도 전주시 완산구 경기전길 57-13 
전주 한옥마을 가족한옥숙소 | 하록당,전북특별자치도 전주시 완산구 향교길 155-30 
전주 한옥마을 너울가지,전북특별자치도 전주시 완산구 풍남문4길 16-9 
전주 가락청 게스트하우스,전북특별자치도 전주시 완산구 한지길 68 
전주 한옥마을 서쪽 독채,전북특별자치도 전주시 완산구 간납대2길 18 
전주 푸른솔펜션,전북특별자치도 전주시 완산구 내원당길 92-7 
전주한옥마을 다락,전북특별자치도 전주시 완산구 경기전길 57-6 
1팀만 이용 가능한 단독 독채 숙소 | 전주한옥마을 독채 재우성,전북특별자치도 전주시 완산구 간납대2길 16 
전주한옥마을에 위치한 감성 숙소 | 전주 안녕 제제 온돌방,전북특별자치도 전주시 완산구 전동성당길 33-9 
전주한옥마을 독채 덕수궁 2관,전북특별자치도 전주시 완산구 태조로 26-44 
전주한옥마을 달달잠 독채 펜션,전북특별자치도 전주시 완산구 간납대2길 28 
전주 나나,전북특별자치도 전주시 완산구 서학로 11 
전주 한옥마을 가인당 안채,전북특별자치도 전주시 완산구 경기전길 165-11 
전주 와이케이 호텔,전북특별자치도 전주시 덕진구 명륜5길 10-2 
2024년 신축한 전주한옥마을 내 독채숙소 | 스테이 선선 하늬,전북특별자치도 전주시 완산구 전동성당길 62-6 
전주 스테이 여유,전북특별자치도 전주시 완산구 향교길 155-22 
2024년 신축한 전주한옥마을 내 독채숙소 | 스테이 선선 산들,전북특별자치도 전주시 완산구 전동성당길 62-6 
전주 한옥마루 게스트하우스,전북특별자치도 전주시 완산구 한지길 103 
전주 나루 스테이한옥 독채 전주한옥마을,전북특별자치도 전주시 완산구 전주천동로 58 
전주한옥마을 자만재,전북특별자치도 전주시 완산구 오목대길 45-31 
전주한옥마을 달님 게스트하우스,전북특별자치도 전주시 완산구 동문길 101 
전주 앤 게스트하우스,전북특별자치도 전주시 완산구 서학3길 83 
전주한옥마을 독채 수,전북특별자치도 전주시 완산구 태조로 26-42 
전주 비지니스 궁 호텔,전북특별자치도 전주시 덕진구 용산1길 17-4 
전주 라임 무인텔,전북특별자치도 전주시 덕진구 팽나무4길 22-4 
전주 한옥마을 천년마루,전북특별자치도 전주시 완산구 경기전길 186 
전주한옥마을 공간의미 독채펜션,전북특별자치도 전주시 완산구 자만동2길 40 
스튜디오같이 깔끔하고 감성있는 숙소 | 전주 스테이 숨숨,전북특별자치도 전주시 덕진구 기린대로 400-29 
전주 블루원호텔,전북특별자치도 전주시 덕진구 용산2길 18 
전주 한옥스테이 | 무와섬W,전북특별자치도 전주시 완산구 향교길 23-7 
전주 한옥스테이 | 무와섬M,전북특별자치도 전주시 완산구 향교길 23-7 
편안함과 여유로움으로 가득한 숙소 | 스테이춘몽,전북특별자치도 전주시 완산구 한지길 28 
당신의 여행이 마지막까지 여유로울 수 있도록 | 전주 늦잠,전북특별자치도 전주시 완산구 서학3길 73-15 
전주 한옥마을 태조마루,전북특별자치도 전주시 완산구 팔달로 150-15 
전주 한옥스테이 담길,전북특별자치도 전주시 완산구 최명희길 8 
프라이빗 옥상 독채 숙소 | 전주 스테이 마중,전북특별자치도 전주시 덕진구 기린대로 400-29 
그 작은 길에 마주했을 때 당신을 사로잡을 | 전주 사로,전북특별자치도 전주시 완산구 서학3길 73-22 
전주한옥마을 교동 스테이,전북특별자치도 전주시 완산구 최명희길 30 
전주 한옥마을 동락원,전북특별자치도 전주시 완산구 은행로 33-6
전주 감성한옥 하루 독채펜션,전북특별자치도 전주시 완산구 태조로 12-16 
한옥마을 옆 아늑한 감성 숙소 | 전주 스테이 구월,전북특별자치도 전주시 완산구 기린대로 68-7 
전주 대명여관 게스트하우스,전북특별자치도 전주시 완산구 풍남문4길 25-10 
전주 한옥마을 한옥이야기 별채,전북특별자치도 전주시 완산구 은행로 83-14 
전주한옥마을 풍남양옥,전북특별자치도 전주시 완산구 은행로 29-9 
메이드호텔,전북특별자치도 전주시 덕진구 산정2길 12-8 
전주 감성숙소 | 오붓,전북특별자치도 전주시 완산구 서신천변3길 3 
전주 동백하우스,전북특별자치도 전주시 완산구 천경로 21
쉼과 여유가 있는 편안한 공간 | 전주 천동로 선우가,전북특별자치도 전주시 완산구 전주천동로 50 
전주 해피니스온 자쿠지 독채 펜션,전북특별자치도 전주시 완산구 전주천동로 64-6 
전주 한옥 초승달 게스트하우스,전북특별자치도 전주시 완산구 향교길 56-9 
전주 J&J 게스트하우스,전북특별자치도 전주시 완산구 현무3길 60 
전주 스타호텔,전북특별자치도 전주시 완산구 한두평2길 9 
전주 중앙동 라온 호텔,전북특별자치도 전주시 완산구 풍남문2길 124-7
전주 산정동 호텔 감스테이,전북특별자치도 전주시 덕진구 산정3길 30
전주 중화산동 호텔 인트로(HOTEL INTRO),전북특별자치도 전주시 완산구 한두평1길 11 
전주 신시가지 호텔 팝,전북특별자치도 전주시 완산구 홍산북로 74
전주 중화산동 브라운도트 전주중화산점,전북특별자치도 전주시 완산구 한두평2길 14-6
전주 산정동 호텔 레이나,전북특별자치도 전주시 덕진구 산정3길 6
전주 덕진동 H Avenue 전주덕진점,전북특별자치도 전주시 덕진구 덕진연못3길 9-3
전주 덕진동 호텔 워너비(HOTEL WANNABE),전북특별자치도 전주시 덕진구 덕진연못3길 8-4
전주 우아동 릴렉스호텔,전북특별자치도 전주시 덕진구 아중4길 6-9
전주 덕진동 호텔 히든(HOTEL HIDDEN),전북특별자치도 전주시 덕진구 덕진연못2길 9-5
전주 덕진동 하운드호텔 전주덕진,전북특별자치도 전주시 덕진구 기린대로 532-6
전주 산정동 넘버25 전주산정점,전북특별자치도 전주시 덕진구 산정3길 12
전주 덕진동 브라운도트 전주덕진점,전북특별자치도 전주시 덕진구 기린대로 534
전주 금암동 아늑 료칸호텔 (터미널점),전북특별자치도 전주시 덕진구 용산2길 17 
하운드호텔 전주아중지구,전북특별자치도 전주시 덕진구 산정3길 19-2
전주 금암동 비지니스 호텔 궁,전북특별자치도 전주시 덕진구 용산1길 17-4 
전주 솔호텔 (SOL),전북특별자치도 전주시 덕진구 아중2길 22-4
전주 바라한호텔,전북특별자치도 전주시 덕진구 용산2길 17-5
전주 산정동 호텔 메이드(HOTEL MADE),전북특별자치도 전주시 덕진구 산정2길 12-8
전주 금암동 하운드 전주터미널,전북특별자치도 전주시 덕진구 용산1길 6-5 
글로스터호텔 전주,전북특별자치도 전주시 완산구 팔달로 227
전주 금암동 YAJA 전주터미널점,전북특별자치도 전주시 덕진구 용산2길 13 
전주 산정동 에이치에비뉴(H Avenue) 전주아중지구점,전북특별자치도 전주시 덕진구 산정2길 6-4
전주 덕진동 호텔 와이케이(HOTEL WAIKEI),전북특별자치도 전주시 덕진구 명륜5길 10-2 
신라스테이 전주,전북특별자치도 전주시 완산구 현무1길 10
전주 산정동 하운드호텔 전주아중지구,전북특별자치도 전주시 덕진구 산정3길 19-2
전주 산정동 호텔 에비뉴(HOTEL AVENUE),전북특별자치도 전주시 덕진구 산정2길 12-16
전주 산정동 제이즈 호텔,전북특별자치도 전주시 덕진구 산정3길 11
전주 라베호텔(LABE HOTEL),전북특별자치도 전주시 완산구 한두평2길 8-5
전주 스테이 호텔(stay),전북특별자치도 전주시 덕진구 산정2길 6-5
전주 시그니처 호텔,전북특별자치도 전주시 덕진구 백제대로 838 
전주 덕진동 MOMENT 708,전북특별자치도 전주시 덕진구 가리내로 126
전주 고사동 YAJA 전주한옥마을점,전북특별자치도 전주시 완산구 전주객사5길 64-4
이비스 스타일 앰배서더호텔 전주,전북특별자치도 전주시 완산구 전주객사4길 74-50 
전주 금암동 호텔 마리(터미널점),전북특별자치도 전주시 덕진구 용산3길 21
전주 중화산동 호텔 시그니처 (Signature),전북특별자치도 전주시 완산구 한두평4길 5-4
전주 산정동 아늑 호텔,전북특별자치도 전주시 덕진구 산정3길 37 
전주 한빛호텔,전북특별자치도 전주시 완산구 기린대로 102
전주 카마호텔,전북특별자치도 전주시 완산구 한두평2길 8-9
전주 우아동 브라운도트 전주아중지구점,전북특별자치도 전주시 덕진구 아중중앙로 30 
전주 우아동 센트,전북특별자치도 전주시 덕진구 동부대로 673-6 
전주 우아동 한옥 HOTEL,전북특별자치도 전주시 덕진구 아중4길 13
전주 중화산동 스타 호텔(star hotel),전북특별자치도 전주시 완산구 한두평2길 9
전주 정가한옥스테이,전북특별자치도 전주시 완산구 기린대로 78-3
전주 우아동 호텔 루나,전북특별자치도 전주시 덕진구 아중4길 14-7
전주 덕진동 호텔 마리(덕진공원점),전북특별자치도 전주시 덕진구 덕진연못3길 9-5
베스트웨스턴플러스 전주호텔,전북특별자치도 전주시 완산구 현무1길 41
전주 우아동 Hotel The VIZIT,전북특별자치도 전주시 덕진구 아중중앙로 20
전주 우아동 호텔 투나잇(HOTEL 2NIGHT),전북특별자치도 전주시 덕진구 아중4길 16
전주 금암동 뷰티 호텔,전북특별자치도 전주시 덕진구 용산3길 8 
전주 다온호텔,전북특별자치도 전주시 완산구 전주천서로 49
전주 금암동 윈져,전북특별자치도 전주시 덕진구 용산1길 6-3
전주 금암동 호텔 화이트(HOTEL WHITE),전북특별자치도 전주시 덕진구 전주천동로 501 
전주 우아동 호텔 젠,전북특별자치도 전주시 덕진구 아중4길 14-4 
전주 우아동 호텔 캐슬,전북특별자치도 전주시 덕진구 아중4길 10-4 
전주 산정동 달빛소리,전북특별자치도 전주시 덕진구 산정2길 12-21
전주 한옥마을 늘품호텔,전북특별자치도 전주시 완산구 기린대로 90
전주 다가동 MH HOTEL 객리단점,전북특별자치도 전주시 완산구 전주천동로 230-5 
전주 금암동 칼튼힐호텔,전북특별자치도 전주시 덕진구 용산3길 35
전주 신시가지 애플,전북특별자치도 전주시 완산구 홍산북로 50
전주한옥마을호텔,전북특별자치도 전주시 완산구 전주천서로 45
전주 덕진동 호텔 스마일(HOTEL SMILE),전북특별자치도 전주시 덕진구 송천중앙로 12-12
전주 호텔 더 빈센트,전북특별자치도 전주시 완산구 전라감영로 76
전주 한옥마을비하녹,전북특별자치도 전주시 완산구 풍남문4길 26-34
전주 우아동 에이치호텔,전북특별자치도 전주시 덕진구 아중4길 23-6 
전주 재즈어라운드 호텔,전북특별자치도 전주시 덕진구 정언신로 182
전주 중화산동 호텔 루고(RUGO),전북특별자치도 전주시 완산구 한두평4길 5-5
전주 중화산동 호텔 루고(RUGO),전북특별자치도 전주시 완산구 한두평4길 5-5
전주 그랜드힐스턴호텔,전북특별자치도 전주시 완산구 서곡5길 22-5
전주 금암동 후,전북특별자치도 전주시 덕진구 용산1길 12-2
전주 산정동 첫번째 호텔,전북특별자치도 전주시 덕진구 산정1길 30
전주 경원동 호텔 다빈(HOTEL DAVIN),전북특별자치도 전주시 완산구 팔달로 160
전주 우아동 박스호텔,전북특별자치도 전주시 덕진구 아중4길 20-5
전주 서신동 호텔 아지트,전북특별자치도 전주시 완산구 여울로 25 
전주 비지트호텔(VIZIT),전북특별자치도 전주시 덕진구 아중중앙로 20
전주 우아동 소울,전북특별자치도 전주시 덕진구 아중4길 14-9 
전주 엔브릿지호텔,전북특별자치도 전주시 완산구 전주천서로 81
전주 중화산동 스페셜,전북특별자치도 전주시 완산구 한두평2길 8-7 
전주 신시가지 쿡,전북특별자치도 전주시 완산구 홍산북로 84-10
전주 산정동 아리아,전북특별자치도 전주시 덕진구 산정1길 12-4 
전주 루엘호텔 덕진공원본점,전북특별자치도 전주시 덕진구 기린대로 540
전주 나비잠한옥호텔,전북특별자치도 전주시 완산구 팔달로 150-17
전주 우아동 호텔 위너(HOTEL WINNER),전북특별자치도 전주시 덕진구 아중4길 20
전주 산정동 플렉스호텔,전북특별자치도 전주시 덕진구 산정2길 11
전주혁신도시 호텔원,전북특별자치도 완주군 이서면 오공로 21-13
전주 금암동 황토,전북특별자치도 전주시 덕진구 용산1길 5-4 
전주 브라이튼 호텔,전북특별자치도 전주시 완산구 한두평2길 8-3
전주 송천동 호텔 에코스테이,전북특별자치도 전주시 덕진구 세병서로 8-27
전주 금암동 블루원,전북특별자치도 전주시 덕진구 용산2길 18 
전주 신시가지 타임,전북특별자치도 전주시 완산구 홍산북로 46-5
전주 금암동 토마토,전북특별자치도 전주시 덕진구 용산3길 18 
전주 마리호텔 터미널점,전북특별자치도 전주시 덕진구 용산3길 21
전주 금암동 호텔 바라한(HOTEL BARAHAN),전북특별자치도 전주시 덕진구 용산2길 17-5
전주 우아동 호텔 노이(HOTEL NEUE),전북특별자치도 전주시 덕진구 아중4길 21
전주 중화산동 엘도라도,전북특별자치도 전주시 완산구 한두평4길 11-3
전주 뜰안채펜션,전북특별자치도 전주시 완산구 어진길 90-10
전주 우아동 필,전북특별자치도 전주시 덕진구 도당산로 65-4 
전주 금암동 이카로스 드라이브인 무인텔,전북특별자치도 전주시 덕진구 용산2길 20
전주 금암동 브라운도트 전주터미널점,전북특별자치도 전주시 덕진구 용산1길 12-4 
전주 도란도란카라반글램핑펜션,전북특별자치도 전주시 완산구 간납로 13
전주 더 메이 호텔,전북특별자치도 전주시 덕진구 기린대로 800
전주 전주한옥마을웨이펜션,전북특별자치도 전주시 완산구 은행로 16
전주 우아동 이츠 호텔,전북특별자치도 전주시 덕진구 아중2길 18-6 
전주 우아동 이츠 호텔,전북특별자치도 전주시 덕진구 아중2길 18-6
전주 중화산동 투썸호텔,전북특별자치도 전주시 완산구 한두평2길 13-3 
전주 호텔 아라리,전북특별자치도 전주시 덕진구 떡전5길 24
전주 중화산동 화려한외출Ⅱ,전북특별자치도 전주시 완산구 한두평2길 8-11 
전주 신시가지 제이메이트 호텔,전북특별자치도 전주시 완산구 홍산북로 60-12
아늑호텔 전주점,전북특별자치도 전주시 덕진구 산정3길 37 
전주 별자리한옥스테이펜션,전북특별자치도 전주시 완산구 최명희길 26-17
전주한옥마을 황실관광호텔,전북특별자치도 전주시 완산구 은행로 22
전주 왕의지밀 한옥호텔,전북특별자치도 전주시 완산구 춘향로 5218-20
전주 우아동 명품 HOTEL,전북특별자치도 전주시 덕진구 우아1길 6
전주 한옥마을담소황토펜션,전북특별자치도 전주시 완산구 향교길 71
전주 취락당 한옥스테이,전북특별자치도 전주시 완산구 동문길 33-19
전주 산정동 칸,전북특별자치도 전주시 덕진구 산정2길 24-3
전주 마리 호텔,전북특별자치도 전주시 덕진구 아중중앙로 26
전주 송천동 호텔 더 그레이(THE GRAY),전북특별자치도 전주시 덕진구 세병서로 18-6
전주 금암동 스토리 무인텔,전북특별자치도 전주시 덕진구 용산2길 8
전주 한옥호텔 태조궁,전북특별자치도 전주시 완산구 전라감영로 40
전주 산정동 돈키호테 드라이브인,전북특별자치도 전주시 덕진구 산정3길 17
전주 중화산동 몽블랑,전북특별자치도 전주시 완산구 한두평2길 11
전주 우아동 하얏트,전북특별자치도 전주시 덕진구 도당산로 65 
호텔야자 전주터미널점,전북특별자치도 전주시 덕진구 용산2길 13
전주 고사동 전주관광호텔,전북특별자치도 전주시 완산구 전주객사5길 44-5 
전주 신시가지 호텔모아,전북특별자치도 전주시 완산구 홍산북로 80
전주 금암동 투헤븐,전북특별자치도 전주시 덕진구 용산2길 7 
전주 신시가지 호텔 아지트,전북특별자치도 전주시 완산구 홍산북로 46-11 
전주 우아동 FX,전북특별자치도 전주시 덕진구 아중4길 14-10 
전주 금암동 가온텔,전북특별자치도 전주시 덕진구 용산1길 6 
전주 중화산동 MH HOTEL 중화산점,전북특별자치도 전주시 완산구 어은로 12-6
전주 신시가지 호텔 메세지,전북특별자치도 전주시 완산구 홍산북로 72
전주 산정동 제이브라운 호텔,전북특별자치도 전주시 덕진구 산정1길 26
전주 산정동 바른 숙박 (BARUN STAY),전북특별자치도 전주시 덕진구 산정1길 32 
전주 덕진동 H Avenue 전주덕진점(신관),전북특별자치도 전주시 덕진구 덕진연못3길 9-1
전주 경원동 경원,전북특별자치도 전주시 완산구 경기전길 8-5 
전주 호텔토랑,전북특별자치도 전주시 덕진구 산정2길 23
전주 산정동 테라,전북특별자치도 전주시 덕진구 산정3길 26
전주 한옥호텔 궁,전북특별자치도 전주시 완산구 풍남문4길 25-19
전주 더클래식 바이 호텔원,전북특별자치도 완주군 이서면 오공로 21-19
아늑료칸호텔 전주점,전북특별자치도 전주시 덕진구 용산2길 17 
전주 중화산동 브라이튼 호텔(BRIGHTEN HOTEL),전북특별자치도 전주시 완산구 한두평2길 8-3 
전주 우아동 임페리얼,전북특별자치도 전주시 덕진구 도당산3길 8-1 
전주 스페이스셔틀,전북특별자치도 완주군 상관면 죽림편백길 118-38
전주 금암동 호텔 K,전북특별자치도 전주시 덕진구 용산2길 5 
전주 호텔 라임,전북특별자치도 전주시 덕진구 아중4길 13-3
전주 중화산동 Q,전북특별자치도 전주시 완산구 한두평1길 12 
전주 신시가지 호텔 아이,전북특별자치도 전주시 완산구 홍산북로 84
전주 중화산동 엘림호텔,전북특별자치도 전주시 완산구 한두평3길 7-4
전주 우아동 호텔 자우리,전북특별자치도 전주시 덕진구 아중4길 13-4
전주 중화산동 루이,전북특별자치도 전주시 완산구 한두평2길 10
호텔 투썸스테이 전주 서신점,전북특별자치도 전주시 완산구 여울로 31
베니키아 전주 한성 호텔,전북특별자치도 전주시 완산구 전주객사5길 43-3
호텔어라이브 전주 시화연풍,전북특별자치도 전주시 완산구 풍남문3길 9-5
전주 꽃자리펜션,전북특별자치도 전주시 완산구 최명희길 26-23
전주 풍남가족호텔(구.풍남관광호텔),전북특별자치도 전주시 완산구 전주객사2길 45-7 
전주 전주한옥온유,전북특별자치도 전주시 완산구 한지길 107 
전주 정가한옥 & 더정가 스테이,전북특별자치도 전주시 완산구 기린대로 78-3
전주 신시가지 데이나이스,전북특별자치도 전주시 완산구 홍산북로 46
전주 우아동 래미안,전북특별자치도 전주시 덕진구 아중4길 6-1 
완주 혁신도시 만상 호텔(MANSANG HOTEL),전북특별자치도 완주군 이서면 오공로 21-11
전주 하운드호텔 덕진점,전북특별자치도 전주시 덕진구 기린대로 532-6
전주 신시가지 호텔 U,전북특별자치도 전주시 완산구 홍산북로 84-12
전주 산정동 써밋스테이 호텔,전북특별자치도 전주시 덕진구 산정3길 2
전주 우아동 어제처럼,전북특별자치도 전주시 덕진구 도당산4길 10 
전주 중화산동 YAJA 중화산점,전북특별자치도 전주시 완산구 한두평3길 5
전주 한옥고택고을,전북특별자치도 전주시 완산구 최명희길 26-7
전주 한옥고택고을,전북특별자치도 전주시 완산구 최명희길 26-7
전주 가인,전북특별자치도 전주시 덕진구 우아1길 19
전주 중화산동 프린스,전북특별자치도 전주시 완산구 한두평1길 9 
전주 중화산동 카마호텔,전북특별자치도 전주시 완산구 한두평2길 8-9 
전주 우아동 호텔 어반스테이 아중점,전북특별자치도 전주시 덕진구 정언신로 170
호텔 다빈,전북특별자치도 전주시 완산구 팔달로 160
전주 스마일호텔,전북특별자치도 전주시 덕진구 송천중앙로 12-12
전주 중앙동 한옥호텔 궁,전북특별자치도 전주시 완산구 풍남문4길 25-19 
전주 영하우스,전북특별자치도 전주시 완산구 팔달로 292-4
전주 마리호텔 덕진공원점,전북특별자치도 전주시 덕진구 덕진연못3길 9-5
전주 중화산동 알프스,전북특별자치도 전주시 완산구 한두평1길 13-5 
전주 산정동 료칸호텔엣지,전북특별자치도 전주시 덕진구 산정2길 28-5
전주 우아동 프린스,전북특별자치도 전주시 덕진구 동부대로 441 
전주 진북동 장미,전북특별자치도 전주시 덕진구 안덕원로 106-10
전주 전주이야기펜션,전북특별자치도 전주시 완산구 동부대로 82-2
전주 우아동 HOTEL SOL(솔),전북특별자치도 전주시 덕진구 아중2길 22-4
완주 호텔 아리아(HOTEL ARIA),전북특별자치도 완주군 삼례읍 동학로 36-10 
전주 메이드호텔,전북특별자치도 전주시 덕진구 산정2길 12-8
전주 MH HOTEL 객리단길점,전북특별자치도 전주시 완산구 전주천동로 232
전주 중화산동 호텔 더 케이,전북특별자치도 전주시 완산구 한두평1길 10
전주 금암동 비스트,전북특별자치도 전주시 덕진구 용산3길 12
전주 온고을 한옥스테이,전북특별자치도 전주시 완산구 향교길 51-10
전주 금암동 스카이쇼1 무인텔,전북특별자치도 전주시 덕진구 용산2길 11 
전주 서선야 한옥스테이,전북특별자치도 전주시 완산구 동문길 19-6
전주 산정동 호텔 카누(HOTEL KANU),전북특별자치도 전주시 덕진구 산정2길 12-7
전주 중화산동 라베호텔(LABE HOTEL),전북특별자치도 전주시 완산구 한두평2길 8-5 
전주 대명여관펜션,전북특별자치도 전주시 완산구 풍남문4길 25-10 
전주관광호텔,전북특별자치도 전주시 완산구 전주객사5길 44-5
전주 우아동 맨하탄,전북특별자치도 전주시 덕진구 도당산3길 8-2 
전주 진북동 경동,전북특별자치도 전주시 덕진구 안덕원로 106-12
전주 한옥마을 덕수궁 한옥스테이,전북특별자치도 전주시 완산구 간납로 10
전주 한옥마당 펜션,전북특별자치도 전주시 완산구 전주천동로 80-13
전주 그리운집 한옥스테이,전북특별자치도 전주시 완산구 향교길 23-3
완주 칸 드라이브인 무인텔(KAN),전북특별자치도 완주군 이서면 콩쥐팥쥐로 968-17
전주 에비뉴 호텔,전북특별자치도 전주시 덕진구 산정2길 12-16
전주 아침스테이,전북특별자치도 전주시 완산구 팔달로 150-5
전주 블루보트 게스트하우스,전북특별자치도 전주시 완산구 충경로 75
전주 꽃무릇펜션,전북특별자치도 전주시 완산구 향교길 155-14
전주 신시가지 스테이호텔,전북특별자치도 전주시 완산구 홍산북로 60-8
전주 오페라 21,전북특별자치도 전주시 덕진구 정언신로 186
전주 신시가지 호텔 폭스FOX 2.0,전북특별자치도 전주시 완산구 홍산북로 58
전주 산정동 호텔 샾(Hotel Sharp),전북특별자치도 전주시 덕진구 산정3길 22
전주 교동가온 한옥스테이,전북특별자치도 전주시 완산구 은행로 73-1
전주 우아동 쉐르빌,전북특별자치도 전주시 덕진구 아중4길 9
전주 뜰안채 한옥스테이,전북특별자치도 전주시 완산구 어진길 94-5
전주 별빛궁 한옥스테이,전북특별자치도 전주시 완산구 태조로 12-18
전주 중화산동 호텔 시그니처,전북특별자치도 전주시 완산구 한두평4길 5-4
전주 향교길선우가펜션,전북특별자치도 전주시 완산구 향교길 155-13
전주 중화산동 호텔사운즈,전북특별자치도 전주시 완산구 한두평3길 7-6
전주 별둘 자쿠지 독채 펜션,전북특별자치도 전주시 완산구 간납대2길 59-3
전주 한옥마을돼지꿈한옥펜션,전북특별자치도 전주시 완산구 최명희길 26-36 
완주 혁신도시 드래곤호텔,전북특별자치도 완주군 이서면 오공로 21-5
전주 교동살래 한옥스테이,전북특별자치도 전주시 완산구 전주천동로 66-1
전주 한옥마을하늘애한옥펜션,전북특별자치도 전주시 완산구 동문길 33-11
전주 한옥마을덕수궁펜션,전북특별자치도 전주시 완산구 간납로 10
전주 한옥마을 인디고,전북특별자치도 전주시 완산구 은행로 5-9
"전주 봄,하루",전북특별자치도 전주시 완산구 풍남문3길 9-16
전주 별빛궁한옥펜션,전북특별자치도 전주시 완산구 태조로 12-18
전주 안녕제제 게스트하우스,전북특별자치도 전주시 완산구 전동성당길 33-9
전주 한옥마을 한옥숙박예쁘다펜션,전북특별자치도 전주시 완산구 어진길 59
전주 한옥고희펜션,전북특별자치도 전주시 완산구 빙고리3길 5
전주 엑스오 XO 호텔,전북특별자치도 전주시 덕진구 용산1길 17-1
넘버25호텔 전주산정점,전북특별자치도 전주시 덕진구 산정3길 12
전주 서노송동 코아,전북특별자치도 전주시 완산구 팔달로 286-7 
전주 동산동 편백,전북특별자치도 전주시 덕진구 편운로 7
24게스트하우스 전주점,전북특별자치도 전주시 완산구 현무3길 56 
전주 우아동 이츠 호텔,전북특별자치도 전주시 덕진구 아중2길 18-6 
전주 우아동 이츠 호텔,전북특별자치도 전주시 덕진구 아중2길 18-6
전주 금암동 타임,전북특별자치도 전주시 덕진구 용산1길 11
전주 한옥마을 더정가스테이,전북특별자치도 전주시 완산구 기린대로 76
전주 천년의아침한옥펜션,전북특별자치도 전주시 완산구 기린대로 71-1
전주 인터내셔널 호스텔,전북특별자치도 전주시 덕진구 동부대로 694-8
전주 엣지호텔,전북특별자치도 전주시 덕진구 산정2길 28-5
전주 천동로선우가,전북특별자치도 전주시 완산구 전주천동로 50
전주 진북동 하얀,전북특별자치도 전주시 덕진구 안덕원로 106-8 
전주 다정 한옥스테이,전북특별자치도 전주시 완산구 전동성당길 30
전주 예술인의집마담초이펜션,전북특별자치도 전주시 완산구 서학로 16-5
전주 한옥고희,전북특별자치도 전주시 완산구 빙고리3길 5
전주 중화산동 호텔 루고(RUGO),전북특별자치도 전주시 완산구 한두평4길 5-5
전주 중화산동 호텔 루고(RUGO),전북특별자치도 전주시 완산구 한두평4길 5-5
전주 궁호텔,전북특별자치도 전주시 덕진구 용산1길 17-4 
전주 제니홈 게스트하우스,전북특별자치도 전주시 덕진구 장재안길 6
전주 이오당펜션,전북특별자치도 전주시 완산구 오목대길 45-43
전주 중노송동 파인,전북특별자치도 전주시 완산구 현무3길 54 
전주 한옥마을 건축문화상 수상한 이가한옥 펜션,전북특별자치도 전주시 완산구 간납로 8
전주 어울림게스트하우스,전북특별자치도 전주시 완산구 은행로 75-5
전주 덕진동 타미,전북특별자치도 전주시 덕진구 권삼득로 383
전주 사랑루 한옥스테이,전북특별자치도 전주시 완산구 전주천동로 58-5
전주 동락원,전북특별자치도 전주시 완산구 은행로 33-6 
전주 들꽃사랑채펜션,전북특별자치도 전주시 완산구 향교길 51-16
전주 고사동 씨네마,전북특별자치도 전주시 완산구 전주객사3길 27 
위너 호텔,전북특별자치도 전주시 덕진구 아중4길 20
전주 소소한한옥,전북특별자치도 전주시 완산구 은행로 5-7
전주 한옥마을 꼴 게스트하우스,전북특별자치도 전주시 완산구 은행로 21-1
완주 째즈호텔,전북특별자치도 완주군 봉동읍 둔산2로 33-4
전주 분 게스트하우스,전북특별자치도 전주시 완산구 전동성당길 33-6
전주 한옥마을 스테이선선,전북특별자치도 전주시 완산구 전동성당길 62-6
전주 봄날,전북특별자치도 전주시 완산구 서학3길 44
전주 한옥마을 예당한옥펜션,전북특별자치도 전주시 완산구 은행로 51-9
전주 효자동 캐슬,전북특별자치도 전주시 완산구 효동2길 17-4 
전주 더머뭄 한옥스테이,전북특별자치도 전주시 완산구 최명희길 26-25
전주 푸른솔펜션,전북특별자치도 전주시 완산구 내원당길 92-7
전주 한옥이야기펜션,전북특별자치도 전주시 완산구 은행로 83-12
전주 금암동 나라,전북특별자치도 전주시 덕진구 가리내로 37
에이치에비뉴호텔 덕진점,전북특별자치도 전주시 덕진구 덕진연못3길 9-3
전주 한옥마을 산민재펜션,전북특별자치도 전주시 완산구 향교길 153
전주 한옥마을 어린왕자 게스트하우스,전북특별자치도 전주시 완산구 태조로 14-1
호텔 에코스테이,전북특별자치도 전주시 덕진구 세병서로 8-27
전주 좋은날한옥펜션,전북특별자치도 전주시 완산구 전동성당길 37-7
전주 어사화,전북특별자치도 전주시 완산구 한지길 106-1
전주 한옥토박이펜션,전북특별자치도 전주시 완산구 은행로 74-15
전주 우아동 CF(씨에프),전북특별자치도 전주시 덕진구 아중4길 10-5 
전주 소리풍경 펜션,전북특별자치도 전주시 완산구 태조로 12-5
웨스턴라이프호텔,전북특별자치도 익산시 동서로 380
전주 한옥마을서쪽독채펜션,전북특별자치도 전주시 완산구 간납대2길 18
전주 한옥고택고을,전북특별자치도 전주시 완산구 최명희길 26-7
전주 한옥고택고을,전북특별자치도 전주시 완산구 최명희길 26-7
전주 연우당 한옥스테이,전북특별자치도 전주시 완산구 태조로 12-17
전주 소소한 한옥,전북특별자치도 전주시 완산구 은행로 5-7
화이트 관광호텔,전북특별자치도 전주시 덕진구 전주천동로 501
전주 제인당,전북특별자치도 전주시 완산구 태조로 26-40
전주 중앙동 감영루 한옥텔,전북특별자치도 전주시 완산구 풍남문4길 26-42
전주 우아동 아미르,전북특별자치도 전주시 덕진구 아중2길 14-4 
전주 청나루한옥펜션,전북특별자치도 전주시 완산구 최명희길 7
전주 한옥마을이화고택펜션,전북특별자치도 전주시 완산구 한지길 91
전주 참다원펜션,전북특별자치도 전주시 완산구 향교길 155-9
전주 우아동 마리호텔,전북특별자치도 전주시 덕진구 아중중앙로 26 
전주 고사동 호텔한성,전북특별자치도 전주시 완산구 전주객사5길 43-3 
전주 우아동 레드,전북특별자치도 전주시 덕진구 아중4길 20-2
전주 한옥마을금원당한옥펜션,전북특별자치도 전주시 완산구 전주천동로 54-1
전주 한옥이야기 스테이,전북특별자치도 전주시 완산구 은행로 83-12
전주 금암동 쇼 드라이브인,전북특별자치도 전주시 덕진구 용산2길 10 
전주 사랑가득 한옥스테이,전북특별자치도 전주시 완산구 향교길 149-8
전주 한옥펜션 첼로네,전북특별자치도 전주시 완산구 한지길 68-16
전주 한옥초정전주한옥마을,전북특별자치도 전주시 완산구 향교길 88
전주 한옥마을 나무그늘펜션,전북특별자치도 전주시 완산구 경기전길 178
전주 코코아하우스,전북특별자치도 전주시 완산구 향교길 52
전주 한옥마을숙박 꿈 한옥스테이,전북특별자치도 전주시 완산구 향교길 85-11
전주 한옥마을네스트175자쿠지독채펜션,전북특별자치도 전주시 완산구 경기전길 175
전주 청사초롱 태조로점,전북특별자치도 전주시 완산구 태조로 25-10
완주 델루나펜션,전북특별자치도 완주군 소양면 송광수만로 169
MH HOTEL 중화산점,전북특별자치도 전주시 완산구 어은로 12-6
전주 한옥솔솔펜션,전북특별자치도 전주시 완산구 최명희길 31
전주 한옥마을김명옥숙박문화관펜션,전북특별자치도 전주시 완산구 기린대로 78
완주 휴 모텔,전북특별자치도 완주군 봉동읍 둔산2로 34
전주 한옥마을STAY윤슬독채펜션,전북특별자치도 전주시 완산구 은행로 93-5
전주 한옥마을풍남헌고택펜션,전북특별자치도 전주시 완산구 은행로 35 
전주 한옥마을홍시한옥펜션,전북특별자치도 전주시 완산구 은행로 51-11
전주 한옥마을숙박 가인당 안채,전북특별자치도 전주시 완산구 경기전길 165-11
전주 유정 게스트하우스,전북특별자치도 전주시 완산구 어진길 90-9
전주 브라운도트 덕진점,전북특별자치도 전주시 덕진구 기린대로 534
전주 한옥마을 풍경게스트앤호텔,전북특별자치도 전주시 완산구 풍남문3길 28-4
전주 한옥마을 달달잠독채펜션,전북특별자치도 전주시 완산구 간납대2길 28
전주 한옥마을 풍남주택펜션,전북특별자치도 전주시 완산구 최명희길 26-39
전주 우아동 월드,전북특별자치도 전주시 덕진구 동부대로 700-11 
전주 우아동 블랙스톤,전북특별자치도 전주시 덕진구 도당산4길 58 
전주 한옥마을 이화원고택펜션,전북특별자치도 전주시 완산구 전주천동로 54-3
전주 한옥마을부용헌펜션,전북특별자치도 전주시 완산구 향교길 149-3
전주 독채펜션정원채,전북특별자치도 완주군 소양면 신교응암길 14
전주 가원당 한옥스테이,전북특별자치도 전주시 완산구 경기전길 125-9
전주 가원당 한옥스테이,전북특별자치도 전주시 완산구 경기전길 125-9
전주 한옥마을숙박 향촌펜션,전북특별자치도 전주시 완산구 한지길 91
전주 서노송동 기린장,전북특별자치도 전주시 완산구 노송광장로 59 
전주 취락당 펜션,전북특별자치도 전주시 완산구 동문길 33-19
전주 어린왕자게스트하우스,전북특별자치도 전주시 완산구 태조로 14-1
전주 한옥마을 사진작가의집 오목헌,전북특별자치도 전주시 완산구 은행로 76
전주 한옥 이택구 사랑채 펜션,전북특별자치도 전주시 완산구 최명희길 11-5 
전주 중화산동 포레 호텔,전북특별자치도 전주시 완산구 한두평3길 14-6
전주 푸른요람 한옥스테이,전북특별자치도 전주시 완산구 은행로 68-8
전주 가은채펜션,전북특별자치도 전주시 완산구 한지길 68-13
전주 한옥솔솔 스테이,전북특별자치도 전주시 완산구 최명희길 31
전주 금암동 신성파크텔,전북특별자치도 전주시 덕진구 용산1길 5 
전주 완산골게스트하우스,전북특별자치도 전주시 완산구 전주천서로 139
전주 가은채2펜션,전북특별자치도 전주시 완산구 한지길 100-20
전주 한옥마을 근수네초가집펜션,전북특별자치도 전주시 완산구 오목대길 25
전주 서로한옥펜션,전북특별자치도 전주시 완산구 한지길 100-12
전주 스테이리봄,전북특별자치도 전주시 덕진구 시천로 72-1
전주 신시가지 씨투,전북특별자치도 전주시 완산구 홍산북로 70-7 
전주 한옥스테이담길,전북특별자치도 전주시 완산구 최명희길 8 
전주 푸실한옥스테이펜션,전북특별자치도 전주시 완산구 향교길 149-12
전주 한옥마을객리단길독채펜션,전북특별자치도 전주시 완산구 충경로 19
전주 제니홈 전주게스트하우스펜션,전북특별자치도 전주시 덕진구 장재안길 6
전주 태조마루펜션,전북특별자치도 전주시 완산구 팔달로 150-15
전주 삼락헌한옥펜션,전북특별자치도 전주시 완산구 은행로 47-8
전주 호텔 투썸스테이 중화산점,전북특별자치도 전주시 완산구 어은로 12-4 
전주 풍류헌독채펜션,전북특별자치도 전주시 완산구 풍남문5길 21-7
전주 공간의미게스트하우스,전북특별자치도 전주시 완산구 자만동2길 40
전주 윈,전북특별자치도 전주시 덕진구 명륜5길 12 
전주 한옥마을고현당한옥펜션,전북특별자치도 전주시 완산구 한지길 112-3
전주 금암동 어썸호텔,전북특별자치도 전주시 덕진구 용산1길 6-1
전주 감성한옥 하루독채펜션,전북특별자치도 전주시 완산구 태조로 12-16
전주 한옥안 하루한팀펜션,전북특별자치도 전주시 완산구 원색장길 49-15
전주 이화원힐링공간독채펜션,전북특별자치도 전주시 완산구 향교길 76
전주 게스트하우스휴펜션,전북특별자치도 전주시 완산구 전주천동로 80-15
전주 교동백작한옥스테이펜션,전북특별자치도 전주시 완산구 경기전길 165-16
전주 한옥마을 김명옥 별장펜션,전북특별자치도 전주시 완산구 내원당길 58-14
전주 하늘풍경펜션,전북특별자치도 전주시 완산구 향교길 51-13
전주 제인당풍남동점펜션,전북특별자치도 전주시 완산구 한지길 42-6
전주 옹기종기한옥독채펜션,전북특별자치도 전주시 완산구 동문길 33-21
전주 한옥마을 일락당사랑채펜션,전북특별자치도 전주시 완산구 최명희길 17-5
전주 생황토방펜션,전북특별자치도 전주시 완산구 경기전길 125-16
전주 꿈꾸는날개한옥독채펜션,전북특별자치도 전주시 완산구 자만동3길 24-1
전주 인터내셔널호스텔펜션,전북특별자치도 전주시 덕진구 동부대로 694-8
전주 갤러리스테이,전북특별자치도 전주시 완산구 동문길 54-23
전주 인디고펜션,전북특별자치도 전주시 완산구 은행로 5-9
전주 한옥마을박가네한옥펜션,전북특별자치도 전주시 완산구 최명희길 17-9
전주 뜨레가한옥펜션,전북특별자치도 전주시 완산구 전주천동로58-10
전주 한옥마을 공간의미 독채펜션,전북특별자치도 전주시 완산구 자만동2길 40
전주 단경펜션,전북특별자치도 전주시 완산구 한지길 99
전주 건축의선율독채펜션,전북특별자치도 전주시 완산구 최명희길 11-3
전주 한옥마을도화서가스테이독채펜션,전북특별자치도 전주시 완산구 동문길 93 
전주 경기전별당채펜션,전북특별자치도 전주시 완산구 최명희길 16-4
전주 별하게스트하우스펜션,전북특별자치도 전주시 완산구 향교길 85-20
전주 예술인의집 큰주댕이펜션,전북특별자치도 전주시 완산구 최명희길 26-45
전주 한옥마을 산아래 펜션,전북특별자치도 전주시 완산구 오목대길 56
전주 한옥마을숙박 알콩달콩다락방펜션,전북특별자치도 전주시 완산구 경기전길 153-6
전주 교동가온펜션,전북특별자치도 전주시 완산구 은행로 73-1
전주 다정한옥펜션,전북특별자치도 전주시 완산구 전동성당길 30
전주 인재고택 학인당 Heritage Stay,전북특별자치도 전주시 완산구 향교길 45 
전주 우아동 청담,전북특별자치도 전주시 덕진구 우아3길 13
전주 예원당 한옥스테이,전북특별자치도 전주시 완산구 어진길 33-10
전주 니어리스트 게스트하우스,전북특별자치도 전주시 완산구 팔달로 202-14
전주 동백하우스,전북특별자치도 전주시 완산구 천경로 21
전주 하예랑 게스트하우스,전북특별자치도 전주시 덕진구 덕진연못2길 13-4
전주 한옥마을숙박 꿈펜션,전북특별자치도 전주시 완산구 향교길 85-11
김제 라온펜션,전북특별자치도 김제시 금산면 모악로 421
전주 J&J게스트하우스,전북특별자치도 전주시 완산구 현무3길 60
전주 백희게스트하우스펜션,전북특별자치도 전주시 완산구 어진길 94-6
전주 대성정담한옥펜션,전북특별자치도 전주시 완산구 고덕산1길 30
전주 예원당게스트하우스펜션,전북특별자치도 전주시 완산구 어진길 33-10
전주 별빛쉼터게스트하우스,전북특별자치도 전주시 완산구 향교길 42-9
전주 흥부가 한옥스테이,전북특별자치도 전주시 완산구 태조로 26-34
전주 인후동 뉴하얏트,전북특별자치도 전주시 덕진구 팽나무4길 17 
전주 24게스트하우스펜션,전북특별자치도 전주시 완산구 현무3길 56 
전주 꽃잠펜션,전북특별자치도 전주시 완산구 동문길 19-14
전주 우아동 jazz around 호텔,전북특별자치도 전주시 덕진구 정언신로 182
전주 가락청한옥펜션,전북특별자치도 전주시 완산구 한지길 68
전주 똘랑코티지한옥독채펜션,전북특별자치도 전주시 완산구 서학로 63-17
전주 투헤븐호텔,전북특별자치도 전주시 덕진구 용산2길 7
전주 달님 게스트하우스,전북특별자치도 전주시 완산구 동문길 101 
전주 중화산동 파라다이스,전북특별자치도 전주시 완산구 한두평2길 13-5 
전주 여지 게스트하우스,전북특별자치도 전주시 완산구 팔달로 202-16 
전주 신시가지 오스카,전북특별자치도 전주시 완산구 홍산북로 84-6 
전주 한옥마을너울가지,전북특별자치도 전주시 완산구 풍남문4길 16-9
전주 서서학동 나나,전북특별자치도 전주시 완산구 서학로 11 
전주 참다원 한옥스테이,전북특별자치도 전주시 완산구 향교길 155-9
전주 중화산동 투썸스테이,전북특별자치도 전주시 완산구 어은로 12-4 
전주 경원동 뜰안채,전북특별자치도 전주시 완산구 어진길 90-10
전주 더정가스테이,전북특별자치도 전주시 완산구 기린대로 76
전주 도원 게스트하우스,전북특별자치도 전주시 완산구 팔달로 58-3
완주 소풍가는날펜션,전북특별자치도 완주군 동상면 은천길 66-7
전주 퐁당 한옥스테이,전북특별자치도 전주시 완산구 은행로 97
전주 별빛쉼터 한옥스테이,전북특별자치도 전주시 완산구 향교길 42-9 
전주 덕진동 연화,전북특별자치도 전주시 덕진구 덕진연못3길 8-2
전주 산정동 코자자,전북특별자치도 전주시 덕진구 산정2길 18 
전주 꽃자리 한옥스테이,전북특별자치도 전주시 완산구 최명희길 26-23
전주 산정동 태극,전북특별자치도 전주시 덕진구 산정1길 28
완주 편백숲이야기펜션,전북특별자치도 완주군 상관면 죽림편백길 53
전주 오래된미래 게스트하우스,전북특별자치도 전주시 완산구 바람쐬는길 35-19
전주 다래헌 한옥스테이,전북특별자치도 전주시 완산구 은행로 51-3
전주 j&j 게스트하우스,전북특별자치도 전주시 완산구 현무3길 60 
전주 한옥다락 스테이 1호점,전북특별자치도 전주시 완산구 경기전길 57-6
완주 모악펜션,전북특별자치도 완주군 구이면 상학길 37-11
완주 S 모텔,전북특별자치도 완주군 봉동읍 원둔산1길 5
전주 한옥마을 한옥미쁨,전북특별자치도 전주시 완산구 은행로 15-6
라한호텔 전주,전북특별자치도 전주시 완산구 기린대로 85
전주 한옥마을장수펜션,전북특별자치도 전주시 완산구 은행로 55-1
전주 우아동 수,전북특별자치도 전주시 덕진구 아중4길 20-4
완주 하늘아래첫집펜션,전북특별자치도 완주군 동상면 은천길 149
완주 편백숲황토펜션,전북특별자치도 완주군 상관면 죽림편백길 184-3
완주 숲속의정원펜션,전북특별자치도 완주군 동상면 대아수목로 144-2
전주 중화산동 로데오,전북특별자치도 전주시 완산구 한두평1길 14 
전주 별자리 한옥스테이,전북특별자치도 전주시 완산구 최명희길 26-17
전주 한옥마을 한옥독채풀빌라스테이소월,전북특별자치도 전주시 완산구 향교길 97-16
전주 한옥 스테이 사라,전북특별자치도 전주시 완산구 최명희길 16-5
전주 우아동 첫마중,전북특별자치도 전주시 덕진구 도당산로 68
전주 금암동 로즈마리,전북특별자치도 전주시 덕진구 용산1길 11-1
익산 하늘숲펜션,전북특별자치도 익산시 금마면 향산길 12-2
전주 시간무늬펜션,전북특별자치도 전주시 완산구 천경로 15-16
전주 알지비 게스트하우스,전북특별자치도 전주시 완산구 전주천동로 86-1 
전주 인후동 라임 무인텔,전북특별자치도 전주시 덕진구 팽나무4길 22-4 
전주 우아동 호텔단아,전북특별자치도 전주시 덕진구 아중4길 14-11
전주 우아동 호텔단아,전북특별자치도 전주시 덕진구 아중4길 14-11
전주 경기전 별당채 한옥스테이,전북특별자치도 전주시 완산구 최명희길 16-4
전주 우아동 D드라이브인 무인텔,전북특별자치도 전주시 덕진구 아중2길 10-5
전주 한옥미쁨펜션,전북특별자치도 전주시 완산구 은행로 15-6
전주 스타호텔,전북특별자치도 전주시 완산구 한두평2길 9
전주 독채펜션달빛소리,전북특별자치도 전주시 덕진구 산정2길 12-21
전주 행복가득 한옥스테이,전북특별자치도 전주시 완산구 전주천동로 64-3
전주 소소정,전북특별자치도 전주시 완산구 향교길 155-11
전주 사랑나무한옥펜션,전북특별자치도 전주시 완산구 은행로 96
전주 서신동 투썸스테이,전북특별자치도 전주시 완산구 여울로 31
전주 1928 쉼마루 한옥스테이,전북특별자치도 전주시 완산구 향교길 51-4 
완주 카리브,전북특별자치도 완주군 봉동읍 과학로 995-4
전주 한옥마을 호스텔 Ark,전북특별자치도 전주시 완산구 기린대로 68
전주 우아동 호텔 늘,전북특별자치도 전주시 덕진구 아중4길 23
전주 산정동 호텔토랑,전북특별자치도 전주시 덕진구 산정2길 23 
카누 호텔,전북특별자치도 전주시 덕진구 산정2길 12-7
전주 한옥마을 독채 강령전,전북특별자치도 전주시 완산구 태조로 26-24
전주 달빛향펜션,전북특별자치도 전주시 완산구 전주천동로 64-16
전주 태평동 케이비호텔,전북특별자치도 전주시 완산구 대동로 65-3
전주 한옥마을 예술가의집 시간무늬펜션,전북특별자치도 전주시 완산구 천경로 15-16
전주 휴게스트하우스,전북특별자치도 전주시 완산구 오목대길 50-7
전주 명문가 한옥스테이,전북특별자치도 전주시 완산구 오목대길 50-3
전주 한옥마을숙박 가인당,전북특별자치도 전주시 완산구 경기전길 165-9
전주 자만재,전북특별자치도 전주시 완산구 오목대길 45-31
전주 그날을 담다,전북특별자치도 전주시 완산구 풍남문5길 23-7
전주 루와펜션,전북특별자치도 전주시 완산구 향교길 145-16
전주 한옥마을그리고봄펜션,전북특별자치도 전주시 완산구 은행로 65-11
전주 모련,전북특별자치도 전주시 완산구 향교길 82
전주 전주하숙,전북특별자치도 전주시 완산구 풍남문2길 98-6
전주 한옥마을하늘기와,전북특별자치도 전주시 완산구 전주천동로 54-8
전주 건축의선율,전북특별자치도 전주시 덕진구 가련산로 7
전주 해밀펜션,전북특별자치도 전주시 완산구 향교길 19-23
전주 스토리모텔,전북특별자치도 전주시 덕진구 용산2길 8
전주 스테이 한울자쿠지독채펜션,전북특별자치도 전주시 완산구 은행로 84-10
전주 나루한옥스테이,전북특별자치도 전주시 완산구 전주천동로 58
전주 나성하우스,전북특별자치도 전주시 덕진구 금암2길 7-3
전주 다나하루 게스트하우스펜션,전북특별자치도 전주시 완산구 향교길 11 
전주 해솔한옥펜션,전북특별자치도 전주시 완산구 충경로 124-3
전주 모헌한옥펜션,전북특별자치도 전주시 완산구 한지길 108
전주 귀거래사한옥펜션,전북특별자치도 전주시 완산구 향교길 97-30
전주 행복가득한옥펜션,전북특별자치도 전주시 완산구 전주천동로 64-3
전주 선물 한옥스테이,전북특별자치도 전주시 완산구 경기전길 57-13
전주 독채 전주 수,전북특별자치도 전주시 완산구 태조로 26-24
전주 정담전통한옥펜션,전북특별자치도 전주시 완산구 최명희길 21-4
전주 여별게스트하우스,전북특별자치도 전주시 완산구 팔달로 94-6
전주 그림게스트하우스펜션,전북특별자치도 전주시 완산구 향교길 149-13
전주 행복헌한옥독채펜션,전북특별자치도 전주시 완산구 은행로 83-20
전주 명문가펜션,전북특별자치도 전주시 완산구 오목대길 50-3
전주 색동저고리 펜션,전북특별자치도 전주시 완산구 전주천동로 64-10
전주 민트게스트하우스펜션,전북특별자치도 전주시 완산구 서학로 27-2
전주 관광호텔 꽃심,전북특별자치도 전주시 완산구 팔달로 171
완주 HOTEL ONE,전북특별자치도 완주군 이서면 오공로 21-13
전주 한옥마을 그여자네집한옥독채펜션,전북특별자치도 전주시 완산구 향교길 101
전주 한옥마을숙박모란펜션,전북특별자치도 전주시 완산구 오목대길 75-6
전주 한옥마을한옥그곳펜션,전북특별자치도 전주시 완산구 관선1길 25-3
임실 숨펜션,전북특별자치도 임실군 운암면 운정길 91-7
전주 산정동 짬,전북특별자치도 전주시 덕진구 동부대로 523
칼튼힐 전주,전북특별자치도 전주시 덕진구 용산3길 35
전주 웨이,전북특별자치도 전주시 완산구 은행로 16
전주 한옥마루펜션,전북특별자치도 전주시 완산구 한지길 103
전주 한옥마을지우당한옥독채펜션,전북특별자치도 전주시 완산구 오목대길 45-9
전주 자만재 게스트하우스,전북특별자치도 전주시 완산구 오목대길 45-31
전주 한옥만화정한식밥상펜션,전북특별자치도 전주시 완산구 향교길 149-14
전주 한옥마을한옥미담게스트하우스,전북특별자치도 전주시 완산구 동문길 54-41
전주 사계게스트하우스펜션,전북특별자치도 전주시 완산구 서학3길 27-4
전주 한옥마을 경복궁,전북특별자치도 전주시 완산구 은행로 74-11
전주 강령전게스트하우스펜션,전북특별자치도 전주시 완산구 태조로 26-24
전주 금농헌 한옥독채펜션,전북특별자치도 전주시 완산구 관선5길 32-3
전주 한옥마을타샤의정원독채펜션,전북특별자치도 전주시 완산구 황학2길 4
전주 성심게스트하우스펜션,전북특별자치도 전주시 완산구 은행로 30-3
전주 산야초 한옥스테이,전북특별자치도 전주시 완산구 경기전길 57-15 
전주 우아동 모로코,전북특별자치도 전주시 덕진구 도당산로 65-5
전주 교동94 한옥스테이,전북특별자치도 전주시 완산구 은행로 84-8
전주 진북동 도당하우스,전북특별자치도 전주시 덕진구 팔달로 340-17
전주 하루 감성한옥,전북특별자치도 전주시 완산구 태조로 12-16
전주 해피니스온자쿠지독채펜션(애견동반가능),전북특별자치도 전주시 완산구 전주천동로 64-6
전주 한옥마을스테이하루애견동반가능펜션,전북특별자치도 전주시 완산구 풍남문3길 9-16
전주한옥마을 독채 재우성,전북특별자치도 전주시 완산구 간납대2길 16
전주 시인과짜몽게스트하우스펜션,전북특별자치도 전주시 완산구 서학3길 15-1
전주 꽃마르트 한옥스테이,전북특별자치도 전주시 완산구 곤지산3길 14-27
전주 이목대 게스트하우스,전북특별자치도 전주시 완산구 자만동2길 15-3
전주 한옥독채 하현,전북특별자치도 전주시 완산구 최명희길 8
전주 어사화 한옥스테이,전북특별자치도 전주시 완산구 한지길 106-1
전주한옥마을 독채덕수궁,전북특별자치도 전주시 완산구 최명희길 26-40
전주 그림 한옥스테이,전북특별자치도 전주시 완산구 향교길 149-13
전주 톡 게스트하우스,전북특별자치도 전주시 완산구 풍남문4길 25-7
전주 교동 알지비게스트하우스,전북특별자치도 전주시 완산구 전주천동로 86-1 
전주 부경당 한옥스테이,전북특별자치도 전주시 완산구 한지길 99-5
전주 담소 한옥스테이,전북특별자치도 전주시 완산구 향교길 71
전주 자요 게스트하우스,전북특별자치도 전주시 완산구 현무3길 10-1
전주 한옥마을사랑가득펜션,전북특별자치도 전주시 완산구 향교길 149-8
전주 한옥미담 스테이,전북특별자치도 전주시 완산구 동문길 54-41
전주 달달잠 한옥스테이,전북특별자치도 전주시 완산구 간납대2길 28
전주 가원당 한옥스테이,전북특별자치도 전주시 완산구 경기전길 125-9
전주 가원당 한옥스테이,전북특별자치도 전주시 완산구 경기전길 125-9
전주 별하 게스트하우스,전북특별자치도 전주시 완산구 향교길 85-20
전주 한옥마당 스테이,전북특별자치도 전주시 완산구 전주천동로 80-13
전주 사계한옥 스테이,전북특별자치도 전주시 완산구 서학3길 27-4
전주 산정동 큐피트,전북특별자치도 전주시 덕진구 산정3길 19-1
전주 앤 게스트하우스,전북특별자치도 전주시 완산구 서학3길 83
전주 동락원 한옥스테이,전북특별자치도 전주시 완산구 은행로 33-6 
전주 풍류헌 한옥스테이,전북특별자치도 전주시 완산구 풍남문5길 21-7
전주 우아동 스마트,전북특별자치도 전주시 덕진구 아중4길 19-4
전주 민트 게스트하우스,전북특별자치도 전주시 완산구 서학로 27-2
전주 모꼬지 한옥스테이,전북특별자치도 전주시 완산구 향교길 124-6
전주 어울림 한옥스테이,전북특별자치도 전주시 완산구 은행로 75-5
전주 혜윰 한옥스테이,전북특별자치도 전주시 완산구 향교길 42-5
전주 뜨레가 한옥스테이,전북특별자치도 전주시 완산구 전주천동로 58-10
전주 그네 한옥스테이,전북특별자치도 전주시 완산구 전주천동로 44
전주 우아동 올렛,전북특별자치도 전주시 덕진구 도당산4길 40
전주 천년의아침 한옥스테이,전북특별자치도 전주시 완산구 기린대로 71-1
전주 산정동 스테이 호텔,전북특별자치도 전주시 덕진구 산정2길 6-5
전주 금암동 아리랑 호텔,전북특별자치도 전주시 덕진구 용산2길 17-6 
전주 우아동 호텔 야,전북특별자치도 전주시 덕진구 아중4길 14
전주 호텔 늘,전북특별자치도 전주시 덕진구 아중4길 23
전주 다나하루 게스트하우스,전북특별자치도 전주시 완산구 향교길 11 
전주 고사동 게스트하우스,전북특별자치도 전주시 완산구 전주객사4길 87-34
전주 교동백작 한옥스테이,전북특별자치도 전주시 완산구 경기전길 165-16
전주 대명여관 게스트하우스,전북특별자치도 전주시 완산구 풍남문4길 25-10 
전주 우아동 인터네셔널 호스텔,전북특별자치도 전주시 덕진구 동부대로 694-8
전주 소리풍경 한옥스테이,전북특별자치도 전주시 완산구 태조로 12-5
전주 한옥숙박체험관,전북특별자치도 전주시 완산구 은행로 56-1
전주 똘랑 독채 한옥스테이,전북특별자치도 전주시 완산구 서학로 63-17
전주 태조마루 한옥스테이,전북특별자치도 전주시 완산구 팔달로 150-15
전주 교동외갓집 한옥스테이,전북특별자치도 전주시 완산구 향교길 85-14
전주 몽유화원 한옥스테이,전북특별자치도 전주시 완산구 서학3길 85
전주 좋은날 한옥스테이,전북특별자치도 전주시 완산구 전동성당길 37-7
전주한옥마을 게스트하우스,전북특별자치도 전주시 완산구 풍남문4길 26-34
전주 라온 꿀잠 한옥스테이,전북특별자치도 전주시 완산구 한지길 99-6
완주 그린파크장,전북특별자치도 완주군 봉동읍 봉동로 48-12
전주 은행로 86.2 게스트하우스,전북특별자치도 전주시 완산구 은행로 86-2
전주 시인과짜몽 게스트하우스,전북특별자치도 전주시 완산구 서학3길 15-1
전주 두울나비랑 한옥스테이,전북특별자치도 전주시 완산구 향교길 97-16
전주 우아동 큐브 505 (CUBE 505),전북특별자치도 전주시 덕진구 동부대로 700-17
전주 뷰티 호텔,전북특별자치도 전주시 덕진구 용산3길 8
전주 덕진동 호텔 쏘울(Hotel Soul),전북특별자치도 전주시 덕진구 덕진연못2길 11
전주 덕진동 호텔 와이케이,전북특별자치도 전주시 덕진구 명륜5길 10-2 
전주 우아동 호텔 라임(HOTEL LIME),전북특별자치도 전주시 덕진구 아중4길 13-3
전주 산정동 호텔 에이플러스(A+),전북특별자치도 전주시 덕진구 동부대로 527
전주 소담소담펜션,전북특별자치도 전주시 완산구 내원당길 69-6
전주 스마트24nFG,전북특별자치도 전주시 완산구 학봉1길 39
전주 한옥마당예쁜집펜션,전북특별자치도 전주시 완산구 향교길 79-8
전주 우아동 호텔단아,전북특별자치도 전주시 덕진구 아중4길 14-11
전주 우아동 호텔단아,전북특별자치도 전주시 덕진구 아중4길 14-11
전주 우아동 우아장,전북특별자치도 전주시 덕진구 도당산4길 8-15 
전주 덕진동 핀앤핏하우스,전북특별자치도 전주시 덕진구 덕진광장로 8-1
전주 산정동 NABI(나비),전북특별자치도 전주시 덕진구 산정3길 28
전주 덕진동 호텔히든(HOTEL HIDDEN),전북특별자치도 전주시 덕진구 덕진연못2길 9-5
