keyword,count
성질,1
몽이몽,1
양동이,1
웅거,1
타임머신,1
라차,1
지끈거렸,1
몽이,1
상담사,1
슬금슬금,1
첫돌,1
경제성,1
가늠,1
학생증,1
방패,1
왁자지껄한,1
강박,1
앰플,1
이리리,1
직거렸습,1
배선,1
뷰러,1
쌍테,1
셀러론,1
버겁은,1
아리,1
재산,1
선곡,1
서면,1
협의,1
재량,1
성미,1
칯치,1
천이백,1
오인,1
우렁차,1
문구점,1
부리고,1
대기실,1
공조,1
여진,1
운수,1
으슬거렸습니,1
원탁,1
탑사,1
체련,1
외국어,1
능통한,1
친자,1
분투,1
평일도,1
근대사,1
탁탁,1
한우,1
블럭,1
큐알,1
이임,1
낙엽,1
전자파,1
건지산,1
도길,1
배우자,1
뷰룸,1
정기권,1
스몰룸,1
꼽았으,1
웹툰,1
연합뉴스,1
단시간,1
헤어스타일,1
권력,1
강자,1
거렸습니,1
남루한,1
슈페,1
심취,1
알몸,1
연주,1
가야금,1
면욕,1
파프리카,1
시나몬,1
초청,1
쩍었,1
미심,1
재해,1
꽃님,1
드레싱,1
본능,1
맛보기,1
쫙쫙,1
마른걸레,1
정조,1
물길,1
아구찜,1
즉석식품,1
대추차,1
무감각,1
어믘,1
댜어루,1
터너,1
너너너운,1
성기,1
우성,1
가산,1
유뉴누,1
외제차,1
열세,1
어딘지,1
선전,1
너러거러첯,1
어루더가럴,1
죠스,1
권해,1
찌뿌드할,1
장윤정,1
희망이,1
모공,1
삼거리,1
일정량,1
전류,1
철렁,1
건성건성,1
호칭,1
철원,1
불쾌,1
끈끈이,1
가무,1
쥬시,1
장어,1
줄기,1
보관료,1
센티,1
흉한,1
담뱃자국,1
산발,1
평준화,1
꼬장물,1
헹궈내,1
야심,1
깨달,1
열전도,1
금귤,1
잠행,1
차기,1
벽일,1
한글날,1
면복,1
액땜,1
실험실,1
공연장,1
채팅,1
차감,1
효용,1
지구대,1
사례,1
주민등록,1
종업,1
습격,1
스낵코너,1
펜타킬,1
코바,1
밀크,1
헤이리,1
워시룸,1
치료,1
전주고,1
수신기,1
리핑,1
콤달콤,1
플라스틱병,1
승합,1
인적,1
선명,1
생머리,1
크롬,1
파이어폭스,1
와디,1
폭포,1
색광,1
고기만,1
향신료,1
안면,1
다림,1
덕산,1
단면,1
모르거나,1
봄꽃,1
인입,1
퓨리,1
태권도,1
당사자,1
출동,1
보렵니,1
덜렁거렸으,1
대장간,1
포의,1
슈슈슉슉,1
떡실신,1
원적외선,1
철학,1
컨트리,1
간장,1
빙박스,1
장르,1
텁텁함,1
계엄령,1
미얀마,1
양지,1
카트라이더,1
탄수화물,1
과학,1
왕실,1
인정이,1
오랑우탄,1
하리보,1
시티투어,1
풋살,1
하이힐,1
엔젤,1
소니,1
종결,1
랴랼,1
삼사오육칠팔구십,1
하열,1
토요뇨뇨텨여,1
흡착,1
슬었,1
독감,1
차카,1
타파,1
도모,1
나아아,1
생중계,1
테이,1
타액,1
유난스럽은,1
다슬방,1
퇴행,1
롱고,1
에티튜드,1
고학년,1
유스,1
시식,1
어미,1
크레인,1
덤프,1
브븝,1
끼익,1
지층,1
냇가,1
하남,1
투피시룸,1
빌리버,1
육각형,1
질환,1
추이,1
랭킹,1
머금,1
건다,1
인터페이스,1
불볕,1
몰랑몰랑한,1
씨투,1
오닉스,1
신죽,1
삼각김밥,1
서구,1
저하,1
교미,1
쿠쿠,1
냉각기,1
고져스,1
서클,1
덤덤한,1
환도,1
악질,1
보드랍은,1
꽃다발,1
안경닦이,1
미개,1
개중,1
찌뿌둥할,1
율도,1
자일,1
세컨드,1
마방,1
흐물,1
한족,1
불가라,1
주리,1
결과물,1
윙봉,1
쥐포,1
헛도,1
어매니티,1
내비,1
디틷,1
누구신지,1
손사래,1
성황리,1
충청,1
파기,1
만화가,1
송출할,1
수변로,1
띵동,1
기딭맇,1
디니딭,1
공기놀이,1
퇴사,1
손세정제,1
입퇴실일,1
이벤,1
연륜,1
니닌귿힌,1
바캉스,1
살구,1
가수,1
담배곽,1
분발,1
니딛딭,1
베니,1
안골,1
세종시,1
풋레스트,1
사진기,1
불결함,1
찐빵,1
오어,1
부채꼴,1
매콤,1
평화동,1
불충분한,1
담합,1
술꾼,1
백프로,1
경박한,1
힌지,1
탈락,1
뉴트,1
착지,1
그리마,1
악조건,1
그븝,1
칫솔질,1
개명,1
에멀젼,1
미장원,1
저금,1
플래터,1
폰트,1
옐로,1
특가인,1
페오내,1
아앙,1
리리,1
호통,1
이탈리아,1
아늑상사,1
렌징,1
식탁보,1
땀띠,1
도요코인,1
흐스리미,1
애애애애애애애애,1
목줄,1
홀가분한,1
플라자,1
잔반,1
기일,1
교통카드,1
성지인,1
슬레이트,1
냉큼,1
다지,1
연예,1
맹맹한,1
팰리세이드,1
매표소,1
물맛,1
프레,1
틱틱대,1
쉬폰,1
착석,1
못마땅한,1
질겨,1
트레드밀,1
남성은,1
수정관,1
종이곽,1
콘돔곽,1
쿠우,1
러시아워,1
수레바퀴,1
돌발,1
신문지,1
버킷,1
알바인,1
빈정,1
탄천,1
홀리데이,1
인승,1
장흥,1
어두운색,1
급식,1
누랬으,1
행복지수,1
왈왈,1
컬래버레이션,1
산불,1
놨습니,1
아량,1
덩이,1
비지니스,1
웬만큼,1
으슥했,1
몰래카메라,1
존스,1
여요,1
불완전한,1
풍향,1
통나무,1
밥통,1
히히히,1
물웅덩이,1
세단,1
미니미니,1
카펫트,1
야시,1
냉담한,1
앙칼지은,1
부활,1
공정무역,1
나쵸,1
옥동자,1
어반,1
시간이동,1
케일라,1
의정부,1
심난한,1
뉴뉴,1
단오,1
부침개,1
나가요,1
꾸중,1
면발,1
훌륭,1
무턱,1
단전,1
햇밤,1
개울,1
억새,1
유색,1
강가가,1
말랑말랑한,1
유사,1
웅진,1
아크릴,1
잔재,1
아비숑,1
아비,1
마가,1
응급처치,1
소화전,1
내이,1
특대,1
양주,1
농촌진흥청,1
드레,1
레이더,1
초초초,1
벨벳,1
히스토리,1
미달,1
탄생,1
기독교,1
분당,1
삼선,1
금실,1
축사,1
은실,1
담보,1
자티,1
곤장,1
틀기,1
곡면,1
암호,1
유성,1
어두운,1
망정,1
인대,1
치매,1
쌍욕,1
개뿔,1
특이점,1
표준,1
노고단,1
삼조,1
한가위,1
아시안,1
불가능,1
고지도,1
꾸욱,1
호러물,1
발행,1
상표,1
인파,1
달팽이,1
돈가스,1
프로야구,1
도어스,1
근영여고,1
간짜장,1
모리,1
구배,1
도달,1
본론,1
케이블카,1
중소기업,1
노엘,1
버벅거렸다,1
노벨,1
도덕,1
카츠,1
벅벅,1
아폴로,1
감수성,1
척척,1
보증,1
수맥,1
이만오천,1
조부모,1
스테이션,1
새털,1
신세대,1
캐럴,1
옥형,1
이발,1
슬었습니,1
히비스커스,1
누굴,1
수선한,1
파킹존,1
어두움,1
일말,1
당초,1
눌렸습,1
화이,1
창동,1
비비,1
관도,1
백김치,1
구리시,1
은자,1
실명,1
친분,1
힙합,1
회도,1
선수촌,1
일색,1
오리탕,1
재탕한,1
폴짝,1
퐁퐁,1
폴리,1
트집,1
상우,1
지배,1
제해,1
선결,1
예선,1
축적,1
본선,1
꼽기,1
개켜,1
귀차니즘,1
짝태,1
스위스,1
감시카메라,1
당진,1
뿜뿜입니,1
질투,1
멍뭉이,1
둥순둥,1
가마,1
수첩,1
공책,1
순둥순둥,1
과육,1
옴므,1
중소,1
극락,1
디아블로,1
기스,1
산들바람,1
분노한,1
뮤직비디오,1
쾌차,1
확성기,1
해제,1
쫀드기집,1
점등,1
기계화,1
오한,1
브로셔,1
뭉클한,1
스위트홈,1
물이끼,1
꼬미님,1
호떡,1
창구,1
붕대,1
슈퍼소닉,1
옛길,1
산수유,1
방심한,1
이윤,1
출사,1
흥미,1
다양성,1
그룹,1
데코,1
출중한,1
부루마블,1
군밤,1
선글라스,1
원리,1
체전,1
오일칠,1
존윅,1
오디션,1
식객,1
경칩,1
초어,1
단정,1
틱틱거렸습니,1
루틴,1
뭉텅이들,1
두메산골,1
혹평,1
라라라,1
자유시간,1
상부,1
누룩,1
핫식스,1
흡입,1
토초초초초,1
허물,1
순면,1
필로,1
이장,1
수레,1
음지,1
실기,1
쫀디기집,1
초당,1
숙주나물,1
생채,1
절친,1
닥터,1
주보,1
테슬라,1
슈퍼차저,1
로스,1
터리,1
거금,1
화환,1
레인지,1
밀착,1
가라지,1
성웅,1
등심,1
특실인,1
징징거리은,1
스포크,1
틱틱,1
일터,1
처갓집,1
미려,1
비인간,1
아버,1
중이셨으,1
레이아웃,1
훈계,1
시팅,1
보컬룸,1
행태,1
기관,1
돈까스,1
레이지,1
충정로,1
비텟,1
마킹,1
해먹,1
우먼,1
곤충,1
온실룸,1
로퍼,1
워커,1
단화,1
정보라,1
자원,1
방풍,1
커리,1
또순이,1
솜사탕,1
티타임,1
너스레,1
배경화면,1
동거인,1
표방,1
이대,1
놨는데,1
후면,1
피복,1
키감,1
임밸류,1
재인,1
유인물,1
옥길,1
차하,1
피파온라인,1
탕수육,1
은감,1
버신,1
부슬비,1
우수관,1
도배지,1
초특,1
노마드,1
전의,1
불타,1
무력한,1
팝아트,1
드럭스,1
황동,1
선방,1
는가,1
서예가,1
아이맥스,1
안정화,1
신념,1
벌점,1
몰두,1
계룡산,1
부끄러움,1
미화원,1
원장,1
스토퍼,1
얼얼한,1
폐기물,1
휴게텔,1
나전칠기,1
성경책,1
몰몬교,1
덧문,1
점유,1
따분한,1
냉각,1
송촌동,1
부와,1
위봉사,1
대아,1
동상,1
지대,1
신정동,1
내장,1
베웨플,1
퍼주시,1
무중력,1
화룡,1
점정,1
자택,1
어둑어둑한,1
베갯니,1
곡선,1
디아,1
갱신,1
이니셜,1
똥파리,1
특허,1
바람막이,1
택지,1
지구인,1
봉동읍,1
수관,1
현기증,1
황변,1
할렘,1
초록불,1
격벽,1
그림책,1
임기응변,1
송도,1
만발,1
필연,1
두리,1
꿀럭,1
우르르,1
반라,1
깔깔,1
소변기,1
꼬질,1
자초지종,1
제하,1
망신,1
방출,1
허참,1
고충,1
사랑루,1
헐렁거리,1
기지국,1
데스크탑,1
시흥시,1
격입니,1
혼쭐,1
히잉,1
싼마이,1
미디어,1
엠티,1
지하철,1
베이비,1
아디오스,1
놨더,1
밀가루,1
년생,1
선처,1
승률,1
덕대,1
닥폭닥,1
임대료,1
노랭방,1
징글징글,1
기능사,1
샤샤,1
콘클라베,1
기점,1
역점,1
회포,1
산림,1
휘었습니,1
볼품,1
천리,1
무료함,1
곡성,1
함양,1
금테,1
쓴맛,1
간극,1
체제,1
곤혹,1
갈대,1
누마루,1
스레,1
시간여행,1
구울,1
선율,1
정독,1
튤립,1
지팡이,1
굿밤,1
취직,1
존일,1
비교샷,1
강정은,1
문패,1
코스모스,1
찌릿,1
에어컨디셔너,1
해넘이,1
요양,1
쌍벽,1
멜로디,1
일차,1
나주,1
클렌저통,1
켜둘,1
베스킨라빈스,1
술판,1
원일,1
쫀득하,1
화산동,1
클리,1
신속,1
이중주,1
수장,1
곤란,1
척도,1
롤체,1
명암,1
백이,1
모노,1
변변찮,1
첵스,1
엘리,1
뿡뿡뿡뿡뿡,1
고고,1
예고편,1
경락,1
개피,1
김포,1
발짝,1
쾌쾌함,1
다크,1
시더,1
사과주스,1
보경,1
원님,1
분쟁,1
올드함,1
알라딘,1
서브웨이,1
웃돌,1
관광업,1
마술,1
당직,1
승리,1
방책,1
몽유,1
싸개,1
이은결,1
오성은,1
메스껍은,1
닭털,1
식겁한,1
나체,1
임팩트,1
화난,1
적함,1
나이트가운,1
정수리,1
레쉬,1
끼익끼익,1
배우,1
유전,1
별의별,1
낡음,1
동사,1
무전,1
베갯잎,1
김치냉장고,1
방답,1
폐역,1
피라미드,1
위기,1
항균,1
노멀,1
들쭉날쭉한,1
일요,1
혼잡,1
머핀,1
내륙,1
까마귀,1
내복,1
부적,1
유세,1
끈적거렸던,1
이대근,1
미남,1
보루,1
종은,1
안동,1
구상,1
모름,1
설계도,1
미진한,1
현대차,1
스위트방,1
물컹거려,1
증가,1
백업,1
여장부,1
노니,1
상중,1
롤러,1
더치커피,1
포션,1
정사각형,1
수직,1
평행,1
성수동,1
시종일관,1
스낵룸,1
상일,1
오트밀,1
안해,1
그따위,1
취식할,1
실상,1
하방,1
트랙,1
꽃장식,1
부라,1
복슬복슬한,1
엎질러,1
하하호호,1
수요,1
미니멀리즘,1
오냐,1
티팟,1
사케,1
관통,1
들락거려,1
차양,1
거창한,1
불매,1
부설,1
고발,1
료칸룸,1
위도,1
장구,1
밥주걱,1
화의,1
대니,1
용산역,1
직행,1
짠한,1
나투,1
억양,1
사브,1
짐함,1
깜깜무소식,1
운영체제,1
밤참,1
석산,1
월회,1
인센티브,1
대합,1
개판,1
페이크,1
구슬,1
전공,1
까슬까슬,1
템플,1
브루잉,1
금성,1
주제,1
광한루,1
장맛비,1
멠습니,1
그드,1
물렁거려,1
랜턴,1
어쩌자,1
다이빙,1
뚱뚱한,1
뒤로,1
텐션,1
랑스,1
흐릿했,1
동침,1
엎어,1
농부,1
오케이,1
마리아,1
성모,1
동남쪽,1
점잖은,1
갈망,1
고품,1
먼로,1
거저,1
판촉,1
조성도,1
재택근무,1
마릴,1
갑인,1
여대생,1
루저,1
오도,1
차임,1
발의,1
국집,1
드럼,1
음악학,1
바로가기,1
곧잘,1
막회,1
재숙,1
미러,1
유선형,1
네모,1
와이드,1
숨구멍,1
자작,1
공중정원,1
노매딕,1
블렌딩,1
즈음,1
얻지,1
성심당,1
개미지옥,1
공중목욕탕,1
베짱이,1
단비,1
살벌한,1
런닝할,1
형교,1
영안,1
눌릴,1
화만,1
링클,1
생명력,1
역량,1
어항,1
누런빛,1
선잠,1
불쌍한,1
골동품,1
섹시,1
승해,1
착신,1
해수어,1
끝입,1
귀금속,1
쇠문,1
인디영화,1
열댓,1
저수조,1
변압,1
핫딜가,1
김치우,1
안테나,1
덜컹거렸,1
엄지발가락,1
깁스,1
입부,1
동래,1
탑인,1
공포영화,1
머스크,1
석쇠,1
점례남문,1
야호,1
블렌딩티,1
삼지,1
원스,1
타임오프,1
선화,1
퍼티,1
자유도,1
찰랑한,1
광부,1
김말이,1
바지락,1
잔불,1
로터리,1
친아빠,1
부형,1
아홉시,1
청소원,1
봉화,1
팽팽하,1
살로,1
친밀한,1
저해,1
윤택,1
크래프트,1
소머리국밥,1
벽장,1
우물쭈물,1
언스,1
반도,1
배출,1
질거립니,1
폐렴,1
걸레받이,1
소굴,1
팬서,1
릴랙스되,1
내리막,1
공과,1
톱밥,1
옥텔,1
치아,1
척추,1
장지,1
박살,1
독서실,1
야야,1
색근,1
박근혜,1
이명박,1
치와와,1
나주평야,1
일렁거렸습니,1
세라젬,1
플랭크,1
까슬거렸,1
질퍽거렸습니,1
게이밍,1
무미건조한,1
무음,1
의욕,1
당나귀,1
조각상,1
엑설런트,1
짝짝이,1
용지,1
이상윤,1
하우젠,1
때수건,1
이형주,1
뭉개져,1
김재,1
티볼리,1
빗자루,1
트램펄린,1
김치볶음밥,1
서기,1
위선,1
향취,1
뿌잉뿌잉,1
한약,1
기름값,1
에이즈,1
후유,1
포근포근한,1
효로,1
결방,1
자원봉사자,1
미끈거렸,1
아하하하하,1
여대,1
쥬쥬,1
트온,1
협업,1
넥슨,1
세이,1
건장,1
타샤,1
에에,1
대난투,1
손톱깎이,1
광고지,1
진주성,1
인중,1
호보,1
만화카페,1
펠월드,1
전주대,1
비공개,1
심부름,1
괴성,1
빠듯했다,1
왓챠뿐,1
펌핑,1
휘파람,1
꾹꾹,1
생뚱,1
악감,1
수상한,1
실린더,1
이용성,1
통쾌한,1
스케,1
마르다,1
벽등,1
튕기더,1
독물,1
시시비비,1
뺑소니,1
범인,1
카셰어링,1
제네시스,1
헐렁거려,1
플라타너스,1
신정,1
강가,1
슬라임,1
느이,1
개구,1
절도,1
걸프,1
혜화,1
소비,1
가난한,1
스트,1
세이버,1
무가,1
꼬릿꼬릿,1
튕깁니,1
해금,1
혼행,1
디스커버,1
재포,1
초초,1
대동소이한,1
붙여넣기,1
미국인,1
꿈치,1
수줍은,1
취청,1
포도나무,1
버시는,1
중앙동,1
워진,1
풍요,1
안뜰,1
막둥이,1
슬링,1
노이즈,1
꼴딱,1
신체검사,1
반등,1
켜볼,1
꽃싱,1
머금음,1
신지도,1
라다,1
입도,1
작정,1
여소,1
차용,1
프로세스,1
급임,1
휘트니,1
우영준,1
덱스,1
벙커룸,1
룸별,1
온실,1
곰국,1
지명,1
스페이스,1
승합차,1
반칙,1
목쪽,1
등쪽,1
스크램블,1
유물,1
화산재,1
빚었으,1
계산기,1
해물,1
일식,1
잇츠,1
짹짹,1
시안,1
식상한,1
재발,1
무수,1
브로콜리,1
브라우저,1
스샷,1
실리카겔,1
샹그릴라,1
둣두숟수두뉴러윧,1
생식기,1
깜빡거렸,1
멸종,1
수심,1
육포,1
임금,1
통지,1
부러,1
진창,1
벙크,1
잡귀,1
곤지암,1
수모,1
바디워셔,1
쿠커,1
칸칸이,1
해심,1
브레드,1
악령,1
로테이션,1
에델바이스,1
자애,1
소아과,1
선친,1
시네필,1
정신병원,1
동호회,1
보스,1
청바지,1
마이크로,1
대요,1
간절한,1
기념품점,1
무당벌레,1
완벌레,1
친추,1
살포시,1
봉합,1
베스트셀러,1
루머,1
에일,1
죄책감,1
테크노,1
떠들썩한,1
브라질너트,1
매표,1
어니언,1
대사,1
악귀,1
언니네,1
루아,1
긁힙니,1
감옥,1
키싱,1
오제,1
통상,1
래프팅,1
양궁,1
완화,1
구둣주걱,1
델루,1
원격,1
로프,1
빠듯하,1
풀바셋,1
빌어먹을,1
시판,1
체온계,1
리봄,1
샤쉐,1
레스트룸,1
풀림,1
호캉스급,1
회장,1
유쾌하,1
멸치액젓,1
트로트,1
오만,1
서곡,1
세무서,1
삼위일체,1
거란,1
모호한,1
유채,1
스탑,1
발사믹,1
올리브오일,1
갓집,1
토로,1
갑상선,1
오라기,1
둘레,1
방촌,1
웅이,1
적발,1
미스테리,1
지침,1
마그넷,1
코고,1
필기,1
장벽,1
밸런스,1
셨으,1
면목,1
언쟁,1
묵묵한,1
너구리,1
끝내,1
승질,1
주음,1
건빵,1
강등,1
카운팅,1
휘저을,1
스카치테이프,1
분산,1
헤져있,1
티크,1
뒤척임,1
객일,1
소장,1
호놀룰루,1
이삿날,1
군부,1
체육관,1
싱크홀,1
욕망,1
건통,1
분통,1
미화,1
허들,1
팝업,1
텁텁했,1
분리벽,1
창궐,1
룸비,1
평범,1
왕참치,1
삼박,1
팔로우,1
산타,1
등재,1
틀채,1
셋탑박스,1
블리자드,1
상쇄되,1
렌터카,1
화살,1
정나미,1
가이드라인,1
적기,1
식스센스,1
참나물,1
수위,1
사일,1
논산훈련소,1
옥외,1
피처,1
복무,1
유가,1
주페,1
비파,1
감가상각,1
쌈장,1
진흥,1
뀨뀨뽕작스,1
쇠봉,1
어그,1
칠판,1
백구,1
꺼슬거려,1
요점,1
신기하,1
특장점,1
디나,1
반죽,1
발볼,1
획기,1
고로케,1
남아도,1
전용룸,1
지푸라기,1
번호판,1
성급한,1
손전등,1
양일간,1
캐스터,1
안개,1
각시,1
침체,1
우렁,1
글라스,1
전체샷,1
공홈,1
다이아,1
라리,1
티컵,1
메이킹,1
일환,1
마침내,1
경청,1
서부,1
까슬거리,1
질거려,1
확답,1
팬더,1
일련,1
맥널티,1
지반,1
라락,1
아안,1
렉카,1
뒷맛,1
장재,1
유난,1
가의,1
물컹한,1
카푸,1
텔캉스,1
가렵다,1
십대,1
납기,1
철심,1
가집,1
다우트,1
화산,1
모욕,1
치과,1
시속,1
가연,1
효자,1
성매매,1
베이직,1
딜레이,1
굿굿굿굿,1
체결,1
흐릿하,1
얼떨떨한,1
부스스,1
햐갸,1
러너,1
왁싱,1
민사,1
소송,1
꼬들꼬들한,1
플스룸,1
아이어,1
텔치,1
전시관,1
미슐랭,1
거여,1
괴거,1
라페,1
노래기,1
토큰,1
기술자,1
칭하,1
바오,1
함평,1
계해,1
순창,1
낮맥,1
사죄,1
얼렁뚱땅,1
용의,1
시각장애인,1
삐뚤은,1
남발,1
목구멍,1
비탈,1
벨트,1
복날,1
유부초밥,1
캔버스,1
범람,1
닭고기,1
전방,1
실버,1
차별성,1
점자,1
먼지다듬이,1
턱선,1
주유,1
죽지,1
파편,1
스마트워치,1
변로,1
분비물,1
물칠,1
누런색이었,1
데이지,1
꼬질꼬질,1
최우수,1
돼지고기,1
헹구다,1
선인,1
시디,1
공포증,1
하드디스크,1
흥건해,1
스텝,1
노유,1
시력,1
이십,1
애니,1
홈시어터,1
다사,1
마파두부,1
절제,1
젠틀맨,1
헤졌,1
누렇다,1
규어,1
스플렌더입니,1
베그,1
스플랜더,1
폴더,1
만두국,1
단말기,1
페어,1
기모,1
빈둥빈둥,1
도색,1
호캉스로,1
최고다,1
험담,1
격구,1
드럭스트윈,1
흐물거릴,1
싸느랗은,1
설잠,1
방방곡곡,1
무소식,1
인체,1
미니미,1
무능한,1
구구,1
육만원,1
헤헤,1
겉절이,1
선우,1
취학,1
서문시장,1
커피콩,1
뇨욘욘요뇽뇨뇽,1
타원형,1
색인,1
파스퇴르,1
통역,1
잉글리쉬,1
목살,1
유니폼,1
논스모킹룸,1
줄무늬,1
협력,1
드드득,1
헛돌기,1
세시,1
옥신각신,1
산점도,1
뿜뿜합니,1
뱀파이어,1
폭죽,1
레모,1
릴렉싱,1
순서도,1
쌍쌍바,1
배정인,1
온면,1
오르막,1
몰두한,1
노노,1
봉곡,1
스스스슷,1
띠띠,1
호방,1
매칭,1
취준생,1
타프,1
소위,1
쓸모,1
빙석,1
이바,1
미나리,1
염증,1
몰지각한,1
써클,1
투톤,1
동계,1
동호,1
컨셉트,1
드르르,1
걸렀는데,1
음음,1
솜리,1
펜트하우스,1
이웃집,1
폐장,1
대학병원,1
경조사,1
주님,1
씰리,1
왕인,1
식장,1
병간호,1
호화,1
기생수,1
집회,1
끈끈,1
기용,1
썸녀,1
로데,1
복지,1
카페펍,1
레지던스급,1
미네랄,1
빛샘,1
메카,1
거거,1
피톤치드,1
거유,1
염력,1
뇨녀뇨,1
댇드,1
교제,1
재단,1
오감,1
하란,1
능글맞은,1
진찰,1
오오오오,1
추궁,1
문고,1
침소,1
누드,1
무안,1
우회,1
야구공,1
묵묵,1
포대,1
위태롭,1
새카맣,1
버티고,1
약풍,1
앞임,1
비읍,1
덕공,1
글재주,1
비앤,1
주먹밥,1
철장,1
검토,1
오아시스,1
교보,1
레이싱,1
임명,1
피임기구,1
담담한,1
신전,1
올린다,1
삽입구,1
숏쑈,1
차오,1
꼽았다,1
날달걀,1
상투,1
아보카도,1
수급,1
저걸,1
춘추전국시대,1
시뮬레이션,1
영업직,1
철칙,1
사쉐,1
뱅쇼,1
동양,1
출산율,1
요충지,1
발레,1
맥스,1
동향,1
에나,1
우승,1
참담한,1
전송,1
유사시,1
대리주차,1
중량,1
육성,1
특정한,1
슈미트,1
우두커니,1
셋팅,1
모듈,1
구부정한,1
잉글리시,1
프리미어리그,1
눌렸다,1
무마,1
굿데이,1
썬팅,1
단색,1
쾌유,1
우렁각시,1
철컥거려,1
삼십,1
빙자,1
퉁퉁,1
견학,1
새삼스럽은,1
화낼,1
면전,1
동부,1
포맷,1
작위,1
한인,1
싼팅,1
스산해,1
하루살이,1
용진,1
타르트,1
치즈볼,1
부당,1
설기,1
소복,1
역서,1
후불,1
빡세,1
학창,1
쓰리썸,1
싹싹한,1
마비,1
네에에레레,1
농인,1
웽웽거려,1
우러,1
성함,1
헹궈낼,1
일본도,1
계수,1
워싱,1
더파,1
아양,1
저자,1
초임,1
도갸,1
양으로,1
반발력,1
길리바드,1
결점,1
인모,1
나잇,1
리그,1
기장,1
가려웠으,1
중청,1
결말,1
지민,1
빛바,1
쿼드,1
오예,1
롭길,1
체중,1
다이어트,1
나영,1
폭닥해,1
미풍,1
연배,1
허탕,1
트돗로,1
음음음음음,1
자명종,1
발열,1
비리,1
허옇,1
낑기은,1
조리퐁,1
야구단,1
호오,1
겉감,1
조인성,1
안감,1
야너눙,1
노오,1
발랄한,1
핏앤핏입니,1
쇠락,1
명랑,1
수채통,1
정예,1
웰시코기,1
코어,1
밀푀유,1
솔담,1
중형차,1
핸드솝,1
바운스,1
오백,1
광대,1
지상파,1
배상하,1
비건,1
수의,1
등록증,1
흔도,1
명판,1
채식,1
들숨,1
날숨,1
재력,1
픽입니,1
어진,1
꿀렁거려,1
불이익,1
상급자,1
왕가,1
오쿠,1
명찰,1
광동,1
경리,1
조촐한,1
택했음,1
통잠,1
스파클링,1
단촐,1
암갈색,1
놨어,1
나지막한,1
선팅지,1
접종,1
백신,1
방어,1
공개,1
방편,1
굴지,1
꽃향,1
밑단,1
팔지,1
마말레이드,1
억압,1
탈색,1
탄식,1
남대천,1
가발,1
용역,1
협소한데,1
지성,1
렌탈,1
소프,1
문자메시지,1
해율담,1
피날레,1
팔꿈치,1
물총,1
이재훈,1
부금,1
또르,1
모밀,1
이순신,1
포차나,1
부비,1
접합,1
범용,1
유명인사,1
빼두,1
더미,1
헤졌으,1
진자,1
저급한,1
감시,1
피시룸,1
격렬한,1
가책,1
버럭,1
각거,1
라스트,1
톡톡,1
소나,1
불낙,1
머리띠,1
후황,1
급답,1
언뜻,1
유류,1
실개천,1
외적,1
꼬불거리,1
레크리에이션,1
나열,1
세긴,1
온종일,1
변환기,1
모듬전,1
꿀팁일,1
쟏댣져,1
웅하,1
현역,1
안약,1
물음,1
마이걸,1
무화과,1
자유여행,1
미명,1
따끔한,1
경대,1
견적,1
유재석,1
아이브,1
단체룸,1
숙성한,1
근육통,1
명상,1
세살문,1
차태현,1
첫걸음,1
송은이,1
선교,1
보물지도,1
에이콘,1
억원,1
임무,1
부끄럼,1
구제,1
이의신청,1
사실관계,1
상공,1
혼돈,1
선언,1
번가,1
작은아들,1
대극장,1
은인,1
시코쿠,1
장국도,1
초표,1
근절,1
연쇄,1
구르프,1
허무한,1
지혈,1
싱크,1
와사비,1
삽겹살,1
얄팍한,1
모락모락,1
멸치,1
너겟,1
계란프라이,1
김구,1
축가,1
인보,1
맵피,1
인임,1
히비스커스차,1
청잼,1
질문지,1
연필,1
시화연풍,1
귀청,1
의학과,1
이군,1
전당포,1
여보,1
절정,1
스포츠카,1
난닝구,1
권위,1
식인,1
봉숭아,1
단발머리,1
강령,1
모토로,1
부들부들,1
대식,1
제스처,1
평판,1
엔틱하,1
악재,1
먹이,1
계란후라이,1
겹친,1
룸카페,1
북서,1
휑합니,1
하늘만,1
부들부들한,1
적극성,1
추장,1
별표,1
도당,1
유용,1
카를,1
고추장,1
탓이므,1
레지던스답,1
불청객,1
샤브,1
발포주,1
드림,1
수강신청,1
오설록,1
송홧가루,1
봄바람,1
다빈치,1
신비,1
질의,1
랭크,1
배수지,1
호롤롤로,1
켈로그,1
장난스럽은,1
복분자,1
지혜롭,1
티메프,1
물주,1
한가롭은,1
나와라,1
신화,1
이이이이이,1
스파이,1
다이스,1
부루,1
루삥뽕,1
롭습,1
옆길,1
계정은,1
팝업창,1
정의,1
중산동,1
여름밤,1
개축,1
감독,1
뻘쭘함,1
특화된,1
로브,1
대학원,1
덧칠,1
염치,1
윔져,1
로얄룸,1
달마,1
데스,1
허약한,1
황졍,1
과상,1
닭갈비,1
뽀드득,1
행업,1
김경호,1
길쪽,1
간지럼,1
녹조,1
후시딘,1
변길,1
개살구,1
카라,1
청량한,1
운용,1
자문,1
법률,1
각인,1
윈져조져,1
뉴뮴,1
대체공휴일,1
락커룸,1
맹맛,1
등본,1
맘충,1
어쩌겠어,1
생년,1
사성,1
향응,1
잔짐,1
야산,1
줏대,1
핸디캡룸,1
부글거립니,1
료임,1
스틸러스,1
도서,1
선수단,1
농구단,1
벨브,1
화일,1
불청,1
아지랑이,1
친누나,1
절연,1
외면,1
칭칭,1
만기,1
베니어,1
카지노,1
똘배,1
수영모,1
물안경,1
브랜딩,1
홑겹,1
사비,1
홀닭,1
골퍼,1
왜냐면,1
바바바바바바,1
의의,1
단편,1
영림,1
물체,1
슬림해,1
악천후,1
옥촌,1
스타렉스,1
출금,1
손짓,1
말입,1
농구공,1
프린팅,1
쌀뜨물,1
간소화,1
모면,1
불화,1
전자레,1
방진,1
한벽당,1
녹스,1
뿜는,1
총괄,1
강냉,1
해변,1
안마시술소,1
모루,1
건수,1
감강,1
백년,1
병합,1
갓김치,1
향방,1
삼립,1
금쪽,1
연월,1
매연,1
설사,1
휑하,1
다이닝룸,1
오란씨,1
밤술,1
니스,1
뒷자락,1
녹취록,1
펌핑해,1
회로,1
치부,1
빈관,1
부가세,1
클렌징할,1
곱슬곱슬한,1
희소성,1
타격,1
대기업,1
러호,1
턴다,1
황금색,1
머그,1
하현,1
전병,1
도매,1
깊숙한,1
유충,1
권일,1
저만큼,1
뇌피셜,1
싱글즈,1
쿵쿵거렸던,1
크랙,1
극악,1
독채룸,1
서식지,1
연풍,1
문간방,1
바디클렌저,1
냉면,1
꼽으려,1
둘리,1
일간,1
실권,1
폐쇄형,1
맛바,1
발끈,1
격일,1
죽집,1
술게임,1
템바,1
판본,1
방키,1
닭집,1
동백꽃,1
한실룸,1
계천,1
봉사자,1
산토리,1
바킹,1
스크류바,1
뻘쭘히,1
활동량,1
초중고생,1
하마,1
스타킹,1
케케,1
왕초,1
발도장,1
복자,1
와이셔츠,1
파워블로거,1
인천공항,1
진흙,1
분사기,1
찌뿌드드한,1
부추,1
중고생,1
토킹,1
잉어,1
책장,1
동지,1
딸뻘,1
에어캡,1
또띠아,1
헹거,1
원동,1
풍요롭,1
신혼,1
원더윅스,1
빠듯합니,1
옅은,1
랑방,1
입점해,1
상쇠,1
충동,1
큰소리,1
세팅비,1
콬콬홐,1
궇굿,1
잔일,1
수동식,1
담뿍,1
숙제,1
변모,1
헛걸음,1
꽹과리,1
박진,1
이모티콘,1
후련한,1
여자라서,1
맞벌이,1
완전체,1
앞뜰,1
바이오스,1
불면,1
정경,1
숨기,1
노른자,1
먹음,1
두런두런,1
꽃신,1
진술서,1
무고죄,1
무성,1
예랑,1
발꿈치,1
발령,1
광범위한,1
일광,1
초방,1
팥빙수,1
프리지아,1
효능,1
지정석,1
손재주,1
술해,1
효녀,1
노천온천,1
스파룸임,1
시흥,1
베쓰룸,1
설계자,1
게으름,1
제트기,1
논산역,1
푸릇하,1
팔짱,1
교만,1
꼬숩,1
결부,1
묵적,1
나팔꽃,1
기러기,1
정년,1
어치,1
도토리묵,1
튕기긴,1
견주었,1
일박,1
플랜,1
로쉐,1
돈다,1
분야,1
티몬,1
코엑스,1
물렁거리,1
호채,1
공교롭,1
조간신문,1
부시,1
앤트,1
위잉,1
힙함,1
이브자리,1
갈리,1
살므으,1
비흡연룸,1
동국,1
팬터그래프,1
콘래드,1
띵동띵동,1
비회,1
쇄신,1
살뜰,1
목숨,1
푸시,1
해수욕장,1
민가,1
래시,1
골지,1
어쩌면,1
관성,1
애완,1
나약한,1
극복,1
로셰,1
아울렛,1
고조,1
포스트모더니즘,1
리만,1
데미소다,1
칙촉,1
김치전,1
색색,1
식량,1
관대한,1
셀러드바,1
몸집,1
핑크팬더,1
써큘레이터,1
채택,1
석고보드,1
한량,1
통통,1
즉시즉시,1
천방지축,1
이견,1
무장해제,1
청사초롱,1
눅진한,1
민달팽이,1
에바,1
상체,1
대형견,1
유기묘,1
가룸,1
견도,1
발렌타인,1
삼중창,1
어쨌거,1
쪽방,1
빵가루,1
상견례,1
울타리,1
도립,1
가디건,1
첨가,1
입체,1
영업주,1
그루터기,1
현직,1
짐볼,1
단번,1
사악한,1
천둥,1
영화배우,1
스르르,1
외전,1
괜스레,1
더샘,1
재벌,1
추락,1
간문제,1
이탈,1
한순간,1
부옇은,1
토핑,1
룸파티,1
신분,1
탁구공,1
팔다리,1
만취,1
리무진,1
거울룸,1
오미크론,1
목탁,1
여타,1
킬라,1
꾸르륵,1
긴장도,1
텃밭,1
콩죽,1
이륙,1
월동,1
옆문,1
징징대은,1
한글,1
노이로제,1
융숭,1
울음,1
호객,1
겉바,1
문물,1
막회집,1
포스,1
서민,1
캠프,1
양한,1
우왕좌왕,1
세이브존,1
굴뚝,1
건열,1
구글링,1
드랍,1
열풍,1
콤보,1
매크로,1
두서,1
사정동,1
허영,1
고기구이,1
이발소,1
라켓,1
청산도,1
홍합,1
바느질,1
구라,1
모자이크,1
체육,1
승계,1
집요한,1
츄파츕스,1
증도,1
수목,1
충장로,1
동명동,1
소년단,1
양일,1
패턴,1
코리안,1
퍼즐,1
장한,1
술함,1
엔지니어,1
호주,1
독점,1
중정,1
남정,1
상습,1
헤롱거리,1
조심성,1
여탕,1
곳입,1
휴먼,1
밤빵,1
빠르기,1
관객,1
엄사,1
옥수수차,1
치하,1
당혹,1
건시,1
월리,1
옆층,1
휑할,1
트윈이었,1
벌교,1
주자,1
음습,1
이메일,1
횃대,1
숙성,1
나사못,1
솔잎,1
점점이,1
심보,1
동봉,1
관상,1
애드웨어,1
무드등입니,1
매매,1
선점,1
심심함,1
샌들,1
블랙박스,1
긁혔는데,1
밑면,1
화보,1
사견,1
재래시장,1
헛웃음,1
도박,1
광경,1
민들레꽃,1
인룸,1
자운영,1
양가,1
다큐멘터리,1
볼걸,1
증명서,1
상가라,1
그리움,1
해밀,1
커트,1
러리,1
사중,1
갓챠,1
전라선,1
산길,1
만주,1
버스정류소,1
겨울방학,1
캘리그라피,1
진안군,1
식판,1
고사하고,1
스폰지,1
정거,1
위원회,1
블라우스,1
파이브,1
장조림,1
곱절,1
역삼동,1
장인정신,1
다부지은,1
중세,1
원망,1
대별,1
금암,1
육박,1
걱정거리,1
둘둘,1
눈꺼풀,1
끝없은,1
쏜살같은,1
머나멀은,1
결성,1
투정,1
비로소,1
죽음,1
이스케이프,1
후즐근하,1
민속,1
법원,1
한심한,1
실답,1
스테이플러,1
소견,1
개지,1
말다툼,1
칠천,1
시냐,1
다용,1
발음,1
부의,1
교직,1
천둥소리,1
고정관념,1
보건소,1
껄끄러웠다,1
점령,1
석재,1
찌뿌드,1
미약,1
전직,1
자화자찬,1
친형,1
방송국,1
엠파이어,1
리넨,1
일상생활,1
차류,1
후즐,1
사수,1
호의호식,1
천벌,1
오로라,1
동학운동,1
좌탁,1
만수무강,1
플래카드,1
호식,1
초롱꽃,1
불꽃놀이,1
개천절,1
초승달,1
장신구,1
암벽,1
울면,1
덜컹거릴,1
버물,1
고령,1
규동,1
오잉,1
두도,1
서문,1
기차표,1
껑충,1
안보,1
아코르,1
몸소,1
잠방이,1
조식룸,1
부각,1
다국적,1
엎는,1
머릿내,1
세균,1
로스팅,1
번식,1
레스텔,1
나이프,1
열흘,1
악용,1
크래커,1
전조등,1
켜두,1
컷팅,1
뱃속,1
초롱,1
런닝맨,1
가려진,1
휑했,1
리프트,1
황리,1
둥이,1
이구,1
폭닥하,1
초이스,1
딸램,1
수백만,1
닭볶음탕,1
의혹,1
야단,1
이입,1
백송,1
솔향,1
부녀,1
환경부,1
박지,1
태깅,1
후원,1
제작,1
휙휙,1
혼불,1
추출,1
답습,1
용한,1
바르게,1
성실,1
캬라멜,1
슬기,1
위스키,1
타종,1
특식,1
환호,1
꽃게탕,1
무너,1
돔베,1
상쇄해,1
마담,1
외제,1
회상,1
었습,1
혼박,1
자명,1
매니큐어,1
절단,1
실전,1
정립,1
울창,1
별하늘,1
눈팅,1
영상통화,1
차편,1
습득,1
애플펜슬,1
진가,1
스몰톡,1
켄터키,1
술래잡기,1
해방,1
냉정한,1
방아,1
포르투갈,1
벽산,1
네이티,1
명실,1
사이비,1
공헌,1
흑연,1
고만고만한,1
컵밥,1
부인과,1
과분,1
타카,1
목침,1
해물전,1
자선,1
시행,1
사업가,1
물빛,1
독차지,1
짜증스럽은,1
마이쮸,1
문화원,1
전시회,1
고난,1
말라리아,1
작업실,1
몽방,1
성수,1
방긋,1
상쇄했,1
롤케이크,1
불개미,1
드립커피,1
유실,1
수시,1
피어싱,1
인보이스,1
안주인,1
윈윈할,1
재질감,1
한가지,1
부츠,1
밟힙니,1
환급,1
프루트,1
윤스테,1
이마,1
파도풀,1
프루츠,1
유수풀,1
느슨한,1
국가대표,1
변동성,1
쪽빛,1
록스,1
마음가짐,1
쪽마루,1
팸플릿,1
상과,1
상쇄시켜,1
기말고사,1
근대,1
길치,1
졸라,1
선지국,1
예측,1
기신,1
불맛,1
세입,1
방벽,1
게이트,1
트윈룸이었,1
동감,1
빳빳했으,1
졸업식,1
한자,1
옥일,1
오타,1
찌뿌둥함,1
서쪽,1
난해한,1
찰리,1
채플린,1
폭닥폭닥하,1
사납은,1
코코콬,1
코털,1
갑오징어,1
공시,1
불향,1
비행,1
송이,1
시비,1
소형차,1
병실,1
사격장,1
철컥철컥,1
카스,1
차요,1
쿠크,1
돌잔치,1
트렌치,1
어둑한,1
구역질,1
도통,1
생얼,1
미트,1
빵꾸,1
아련한,1
시뻘겋은,1
가슴속,1
희생,1
충혈,1
멀미,1
속성,1
빛깔,1
해수,1
직사,1
동태,1
서라운드,1
탕집,1
질색,1
팥죽,1
일옥,1
새알,1
길눈,1
스크바,1
천안역,1
단숨,1
두부,1
협소함,1
좔좔,1
자시,1
윤기,1
예담,1
헹구셔,1
옥상정원,1
호캉스였,1
런칭,1
코튼,1
네일,1
진학,1
임원,1
철회,1
퍽퍽해,1
꾸러기,1
요란,1
코크,1
공기조화,1
꿋꿋한,1
루어팍,1
오뚜기,1
솔루션,1
소로,1
도깨비,1
산후조리,1
고슬고슬한,1
방음벽,1
얼결,1
장미꽃,1
심의,1
운풍,1
헤드폰,1
테더링,1
검지,1
모욕감,1
후끈거렸,1
헛소리,1
유심,1
스카프,1
성가,1
인지상정,1
빌어,1
무신론자,1
종교인,1
육천,1
발버둥,1
타산,1
느릿느릿,1
충고,1
치트,1
왕애,1
산세,1
금일,1
동문서답,1
차이니스,1
하숙,1
슬로우,1
구조이,1
뒹굴거릴,1
으슬으슬할,1
삑삑,1
견주어,1
유랑,1
치레,1
꽁냥꽁,1
태교여행,1
늘봄,1
날쌘,1
아누,1
과찬,1
뚱땡이,1
장막,1
껄끄러울,1
코칭,1
위약금,1
입니,1
변환,1
웰스,1
꼽는다,1
거슬러가,1
어도비,1
엠보싱,1
렸습니,1
알쏭달쏭한,1
일반도,1
기와룸,1
빗집,1
불공정,1
우동,1
쏙쏙,1
찬양,1
한영,1
큐티브,1
움드,1
귓방망,1
인일,1
빠듯,1
기인,1
키즈룸임,1
수달,1
비버,1
매경,1
무소,1
특보,1
지용,1
로열,1
콧구멍,1
다래,1
찻상,1
가렵길,1
서정,1
운송,1
서고,1
후보,1
리보,1
오방,1
풀옵,1
트램폴린,1
개비,1
아귀,1
격전,1
순백색,1
준특실룸,1
거주지,1
악명,1
열탕,1
보험사,1
봄버맨,1
스노우맨,1
합체음,1
소닉,1
명백한,1
소반,1
질끈,1
개냥,1
또박또박,1
석지,1
앞면,1
들락거리,1
디지털화,1
문지방,1
김장,1
구급,1
장애물,1
후정,1
입덧,1
복층실,1
심쿵한,1
나본,1
인권,1
미끄덩한,1
미착,1
디젤,1
원동력,1
단양,1
홍보물,1
모니터링,1
한소리,1
무스,1
유아차,1
웨건,1
웨어,1
유리면,1
꾸벅,1
앞줄,1
여담,1
새댁,1
투덜,1
박제,1
문화유산,1
살금살금,1
하이네켄,1
알콜,1
협약,1
구구구구구구,1
스왑,1
도지,1
판도라,1
종량제,1
뒷마루,1
부러워한,1
하동,1
도다리,1
운명,1
일이구,1
묶인,1
리오,1
선녀,1
개막전,1
아늑회관,1
노랑,1
기보,1
꿰어,1
피드,1
세꼬시,1
바이닐,1
상량문,1
주꾸미,1
부리면,1
열광한,1
가이드북,1
조목조목,1
종이가방,1
귀인,1
만장일치,1
도라지,1
산티아고,1
꿈속,1
고옥,1
해병대,1
셨다,1
고창,1
성찬,1
증평,1
자루,1
마대,1
미적지근한,1
헬리콥터,1
나물,1
국류,1
찬기,1
특가였,1
모친,1
복식,1
스끼입니,1
좌표,1
수산,1
음반,1
운일암,1
샤베트,1
포터,1
반일,1
프롬,1
그까짓,1
연어,1
김천,1
구름다리,1
택하,1
겹살,1
기하,1
교통사고,1
화랑,1
발뮤,1
유실물,1
비블,1
리안,1
부작,1
동문,1
경아,1
분식,1
적용룸,1
러스트,1
태운,1
트레이닝,1
흡족,1
줄곧,1
버텡습니,1
빅스,1
완산동,1
장보고,1
이상하,1
구의,1
가출,1
여주시,1
안드로메다,1
색도,1
리비도,1
조문,1
정현,1
만동,1
통차,1
제자,1
메크맄잌엨,1
달콤방,1
미니어처,1
쉬리,1
스님,1
꽃눈,1
특수성,1
자충,1
무명,1
색칠,1
티룸,1
뭉개,1
일기장,1
남미,1
아미,1
어간,1
대개,1
미숫가루,1
참깨,1
오차,1
웽이집,1
교류,1
우시,1
향촌,1
스페어,1
휴학,1
버스정거장,1
쿠잉,1
구나,1
라디오스타,1
조잘조잘,1
술잔,1
자장가,1
형부,1
조예,1
동질감,1
새하얘,1
바삭바삭한,1
오피스,1
미온,1
가재,1
마이크로소프트,1
성호,1
콤콤,1
층계,1
큰딸,1
수민,1
천사이십,1
복층임,1
허름하거,1
페달,1
소행,1
브라,1
안이한,1
입가심,1
소시지,1
공예품,1
계란빵,1
닭도리탕,1
할당량,1
아시안컵,1
라야,1
버건디,1
혼성,1
탈수,1
샷당,1
메쉬,1
여왕,1
버시길,1
들보,1
공중파,1
꼼지락,1
락커,1
확충,1
효리,1
태연한,1
실정,1
불의,1
소란한,1
순찰,1
꿀밤방,1
전열,1
커피스틱,1
별밤,1
분량,1
련방,1
백합,1
옆구리,1
광각렌즈,1
텔일,1
순둥,1
상상력,1
균일한,1
용건,1
직격하,1
굴곡,1
꼬불털들,1
꽁치,1
인화,1
사계,1
레드,1
반주,1
스폰,1
서칭,1
호젓한,1
동그랑땡,1
설득,1
군락,1
부전,1
살림살이,1
명일,1
사두,1
살림집,1
회차,1
호한,1
무적,1
쌀벌레,1
돌기,1
고왕,1
아이유,1
벽쪽,1
소마,1
일기예보,1
물음표,1
행랑,1
신입,1
당뇨,1
마리오카트,1
사동,1
위함임,1
발렛해,1
허허벌판,1
구성지은,1
예술인,1
복층일,1
물차,1
전주교육대,1
일제,1
산미,1
트립홀릭기,1
시간권,1
흠일,1
예배,1
별식,1
핫케이크,1
김현석,1
호캉스하,1
청귤,1
사태,1
동명,1
캐나다,1
타의,1
돋보기,1
키포인트,1
침범,1
통장,1
퍼펙트,1
수화물,1
뇌물,1
남극해,1
지식,1
드링크로,1
호남,1
훗날,1
블로거,1
카존,1
해묵,1
책임감,1
거렸던,1
바나나빵,1
새우잠,1
군생활,1
베갯커버,1
디바인,1
관점,1
기마,1
물레방아,1
파니,1
평안,1
걸쭉한,1
제인,1
그라데이션,1
성공영,1
깻잎,1
농가,1
완주군,1
묵살,1
천일홍,1
중날,1
면모,1
유아식,1
낙수,1
국세청,1
진전,1
전주객사,1
결합,1
영동,1
독창,1
본도,1
해우소,1
격려,1
계란찜,1
밧줄,1
뚝딱,1
쿠셔닝,1
따윈,1
개학,1
상애,1
하진,1
청호,1
영접,1
합창,1
블라인더,1
삭았,1
나성,1
기왕,1
저녁때,1
구석방,1
퍼포먼스,1
바랬,1
부속품,1
택해,1
바닐라,1
유정,1
성대,1
윌리암스,1
돌솥,1
건데,1
구사,1
유방,1
원불교,1
산뷰,1
옛날이야기,1
심란한,1
파래,1
요량,1
카레,1
안줏거리,1
모조리,1
부차,1
보이차,1
충분,1
거더,1
정신병,1
공허한,1
원두막,1
발매,1
풍취,1
외숙모,1
히말라야,1
별하나,1
세계관,1
아담,1
두드러지은,1
일명,1
들락거렸습니,1
날씬한,1
학위,1
완충,1
루실,1
보탬,1
크리처,1
물물교환,1
찬장,1
호두,1
제압,1
도예,1
개굴개굴,1
기우,1
숙종,1
글루,1
밀감,1
하리,1
중간고사,1
청각,1
전설,1
어린이집,1
어리바리한,1
느지막,1
상관관계,1
자가,1
안나,1
벌겋은,1
예나,1
형용,1
버시기,1
아이라이너,1
절미,1
슬개골,1
거두,1
살빼은,1
광복절,1
에스코트,1
비키니,1
동명이인,1
신천역,1
파닭,1
대야역,1
교촌,1
공항버스,1
차렵,1
차파,1
이해도,1
개막식,1
유리나,1
알로,1
동락,1
발광,1
소프트웨어,1
측입니,1
노항료,1
일률,1
문학,1
장조,1
삼백,1
취입,1
후유증,1
스티로폼,1
다슬기,1
무제한급,1
옻닭,1
오뉴월,1
마모,1
흐트러,1
대두,1
무딘,1
애견룸,1
사진사,1
원예학,1
다린,1
습도계,1
조짐,1
짜장,1
이기만,1
씨앗,1
비달사순,1
우연찮,1
자투리,1
철철,1
불확실,1
민영,1
웰빙,1
눌릴까,1
비엔나소시지,1
우뚝,1
차종,1
굿럭,1
콘프레이크,1
시발,1
급경사,1
빙과,1
어우동,1
의식주,1
꿀렁꿀렁,1
누전,1
박자,1
투호놀이,1
세모,1
비글,1
또래,1
어질어질한,1
민망,1
대자,1
꼬까신,1
스튜,1
발린,1
손발,1
실액,1
개띠해,1
서리,1
두고두고,1
방화벽,1
극적,1
벽뷰,1
작동기,1
꽃놀이,1
영양가,1
교대근무,1
체라,1
유니콘,1
일부분,1
얼음판,1
홍메트,1
모히또,1
두더지,1
동물인지,1
수상,1
음소거,1
외질,1
일대일,1
덕거림,1
훈풍,1
맨하탄,1
외창,1
배수만,1
단감나무,1
협소할까,1
갯수,1
겟츄,1
뎃텟,1
분임,1
멘토,1
클렌징크림,1
밀대,1
시어터,1
황송,1
수렴,1
산만한,1
다이얼,1
랜선,1
애호가,1
식물원,1
멕시코,1
경성,1
합선,1
관록,1
눌림,1
부하,1
산타페,1
차니,1
식료품,1
대본,1
누가바,1
볼록거울,1
스케일,1
백색소음,1
크리스마스트리,1
자석,1
대설,1
불성,1
생존,1
라이선스,1
전략,1
꽃길,1
무향무취,1
아영,1
탁아소,1
나마,1
투싼,1
뜨레가,1
벙쪄,1
접점,1
월차,1
증편,1
탁쇼,1
머스타드,1
동서남북,1
머그잔,1
석가탄신일,1
구기자,1
트레,1
초순,1
코킹,1
허름할,1
분간,1
만세,1
해공,1
나팔,1
동동,1
유학생,1
탈주,1
콜벨,1
칵테일,1
좌절,1
슬픔,1
뼈대,1
꿀차,1
가람,1
나희,1
목선,1
컬러풀,1
갓난아이,1
아로니아,1
면도날,1
코코,1
혐오,1
원풀이,1
헝가리,1
산들,1
사임당,1
참치회,1
호황,1
연두,1
유부,1
부서,1
조선옥,1
전투,1
스톰,1
말씨,1
시지,1
들러붙어,1
에어샤워,1
달력,1
브라우니,1
우비,1
한밤,1
대형룸,1
어스름,1
이황룸,1
목마,1
노출증,1
메그,1
동참,1
던전,1
참다랑어,1
클라이언트,1
비번,1
유인,1
새내기,1
꼭꼭,1
풍식,1
출입국,1
이씨,1
사무소,1
변산반도,1
잡곡,1
비스타,1
교복,1
비합리적,1
스테이지,1
힐스테이트,1
인터내셔널,1
신안,1
소탈,1
어귀,1
열시,1
오돌토돌한,1
픽셀,1
스팸,1
저고리,1
히어로즈,1
조끼,1
자네,1
산토리니,1
군소,1
병렬,1
아산,1
물증,1
던파,1
심증,1
소동,1
구걸,1
쓰레기봉투,1
손가방,1
셋방,1
퇴실객,1
손편지,1
나신,1
로니,1
롤충,1
노신,1
립니,1
중이셨음,1
벤큐,1
명동성당,1
고양동,1
조여,1
불균형,1
급상승,1
기부,1
셀럽,1
철수,1
발효,1
헐렁한,1
시름,1
온정,1
클라스,1
찬사,1
더머뭄입니,1
나선,1
노점상,1
족욕탕,1
감영루,1
왕국,1
연연한,1
가원,1
피신,1
안목,1
택할,1
생김새,1
만능,1
계심,1
자꾸만,1
꾸릿,1
콧바람,1
불리한,1
정반대,1
곱등이,1
리신,1
호롱불,1
주옥,1
서천교,1
플로리다,1
바위,1
압정,1
나훈아,1
우물,1
회신,1
호갱,1
애완견,1
다림질,1
맙시,1
저음,1
닭뼈,1
판소리,1
웅웅웅웅웅,1
쌀알,1
세팅되,1
경지,1
버너,1
인간성,1
어정쩡한,1
달콤,1
아니꼽은,1
순우리말,1
촤악,1
직선,1
동방,1
스팩,1
거칠한,1
자바라,1
추진,1
껄끄러웠던,1
제비집,1
호성,1
대견한,1
양옥,1
또봉,1
아쟁,1
선의,1
잎사귀,1
유차,1
킹소,1
밟혔,1
반박,1
지심,1
소보로빵,1
굿바이,1
다룸,1
저건,1
정부,1
체험학습,1
일렬,1
상판,1
건만,1
지하수,1
주변기기,1
불규칙,1
웅얼웅얼하,1
이천,1
신윤복,1
동경,1
실오라기,1
엄연한,1
방구,1
곤지,1
화백,1
하절,1
프프프,1
볼링,1
토실,1
미션,1
이하일,1
판때,1
힐링룸,1
막판,1
앓이,1
어방동,1
맛깔,1
형제,1
뾰루퉁,1
펀드,1
콘서트장,1
병풍,1
년층,1
동백나무,1
중장,1
두정역,1
전라남도,1
시누이,1
캠핑카,1
나야,1
국민신문고,1
탕아,1
욕구,1
식성,1
나나니,1
이우,1
사기꾼,1
일반인,1
친오빠,1
갑질,1
계란말이,1
아티스,1
영감,1
용변실,1
현대인,1
왜가리,1
룸답,1
러쉬,1
부천역,1
구우러,1
불임,1
뿌링클,1
천차만별,1
솔빛방,1
백로,1
잠입,2
널브러진,2
폐허,2
하드웨어,2
금치,2
보약,2
오든,2
식지,2
소켓,2
솔깃한,2
지능,2
스쿠터,2
구려,2
일직선,2
소녀,2
스타일리시,2
순탄,2
조희연,2
서서히,2
정오,2
적절,2
덕유산,2
무지한,2
어리숙한,2
수제비,2
태그,2
알뜰살뜰,2
다반사,2
농도,2
감치,2
전입,2
악화,2
직할,2
자필,2
생돈,2
불교,2
샤브샤브,2
의적,2
수박도,2
억지,2
새치기,2
소도구,2
이이,2
광활한,2
예외,2
고시텔,2
변질,2
니트,2
사의,2
타코야끼,2
환경보호,2
앨범,2
쪽잠,2
스피드,2
메세지,2
시렁,2
소환,2
해석,2
나으니,2
순수한,2
변인,2
광택,2
귀부인,2
양양,2
셔츠,2
캔맥,2
동굴,2
한바탕,2
사면,2
멘붕,2
세로줄,2
야한,2
교육감,2
촌캉스,2
키드,2
꼼장어,2
부장,2
아늑극장,2
유혹,2
해진,2
낙서,2
반듯한,2
셀프서비스,2
흥분한,2
투썸플레이스,2
스타크래프트,2
촉촉,2
틈틈이,2
훈증,2
누르기,2
보름달,2
원츄,2
모션,2
페이스,2
우린,2
남향,2
한과,2
제육,2
옥적,2
자영,2
메이플스토리,2
전문성,2
남매,2
판자,2
촛불,2
형체,2
마시멜로,2
비율,2
혼잣말,2
퍼센트,2
임용,2
버벅,2
뽁뽁이,2
꽃술,2
피크,2
네온사인,2
박의,2
벚꽃놀이,2
스몰,2
걸음걸이,2
산골,2
바람직한,2
패인,2
줄평,2
송화,2
시냇물,2
제각각,2
백미,2
찻집,2
시래기,2
특가라,2
침묵,2
시꺼멓은,2
발밑,2
관념,2
카페모카,2
공익,2
겨자,2
천지개벽,2
성묘,2
배차,2
세척제,2
격자,2
건축물,2
건전한,2
야릇한,2
판넬,2
코딱지,2
라이언,2
잔향,2
학기,2
조사,2
다실,2
백일,2
안산,2
징검,2
휴양지,2
빳빳해,2
고래고래,2
어쩐지,2
튕김,2
구국,2
걸쇠,2
전주성당,2
전치,2
대지,2
텔입니,2
노쇼,2
도끼,2
성숙한,2
원거리,2
말락,2
게임텔,2
송풍구,2
분위,2
옥탑방,2
졸졸졸,2
밍룸,2
꼽았습니,2
빵점,2
고소,2
여학생,2
졸업여행,2
풍패지관,2
합의,2
해고,2
롤토,2
체스,2
갖가지,2
역정,2
자신감,2
니니,2
신용카드,2
점집,2
닭꼬치,2
라거,2
올리브,2
면역,2
따끔거릴,2
곤욕,2
대금,2
식비,2
회의실,2
자랑스럽은,2
이인,2
손익,2
분기점,2
롱런,2
코요태,2
송천,2
재탕,2
수익,2
전화선,2
컨시어,2
졸리,2
총리관저,2
지척,2
제대,2
된장찌개,2
장가,2
카세트,2
딜로,2
해적,2
영천,2
타박,2
서밋,2
원서,2
막차,2
불쑥,2
베베,2
광역시,2
축약,2
얕은,2
화제,2
각성,2
소복한,2
드라이클리닝,2
손볼,2
빈속,2
이슬,2
바랬습니,2
빛과,2
고교,2
녹색,2
다급한,2
미녀,2
기질,2
골치,2
교차로,2
테크,2
침상,2
뚱한,2
간주,2
꾸리,2
방관,2
다량,2
고작,2
룸콕,2
레미,2
롱디,2
프라,2
이스,2
우대,2
민속촌,2
꼼수,2
절충,2
삐걱거렸으,2
인즈,2
레토르트,2
나날이,2
부리,2
앞길,2
마스카라,2
런닝,2
취지,2
이방,2
매운탕,2
민물,2
신곡,2
집임,2
참견,2
마운틴뷰,2
베스,2
대량,2
피부병,2
수능,2
쪽문,2
뜬눈,2
사단,2
고체,2
머릿속,2
자볼,2
엘라스,2
참사,2
홍어,2
이물,2
대수롭은,2
잔해,2
월급,2
주정,2
분해,2
넘침,2
수확,2
가려웠던,2
모순,2
조이스틱,2
청도,2
분양,2
비방,2
가관,2
버벅거렸는데,2
일괄,2
거북목,2
경북,2
억세은,2
부드러움,2
공수,2
데크,2
눈앞,2
착색,2
처분,2
가품,2
과실,2
변좌,2
홍실방,2
훈남,2
준공,2
그럴듯한,2
뜻일,2
눌립니,2
가사,2
팔면,2
별똥별,2
유우,2
태양광,2
제네바,2
정다운,2
희수,2
솜털,2
별거,2
팔복동,2
응기,2
아베,2
관절,2
강하니,2
한옥텔,2
침전,2
손때,2
유치원,2
번듯한,2
할리우드,2
가늘은,2
육지,2
침착한,2
참나무,2
오프라인,2
핫도그,2
손목,2
추측,2
안전성,2
훈제란,2
환경상,2
급등,2
담벼락,2
야기,2
게재,2
권리,2
길쭉한,2
연간,2
구실,2
맥주잔,2
편도염,2
파전,2
석갈비,2
어게인,2
비긴,2
한판,2
사부,2
임펜,2
치열한,2
꽃다지,2
예정일,2
연유,2
눈싸움,2
우체국,2
비난,2
은별,2
된장국,2
옥문,2
가려움증,2
힘겹은,2
귓속말,2
소음인,2
액세서리,2
그날그날,2
자본주의,2
맘껏,2
인더,2
잼버리,2
리치,2
열사병,2
아이쇼핑,2
초가집,2
갓난아기,2
흑백사진,2
밀접한,2
강압,2
각심,2
외치,2
철권,2
배낭,2
도로명,2
미리내,2
구루,2
유형,2
첫마디,2
남학생,2
냉탕,2
옷핀,2
바게뜨,2
배드민턴,2
보자기,2
도의,2
캐셔,2
은하수,2
만일,2
처방,2
투입,2
자산,2
호러,2
리다,2
기념관,2
크로크무슈,2
이츠,2
압축,2
염두,2
성취,2
크리스마스이브,2
풍류,2
더방,2
장독대,2
성지순례,2
나드,2
키링,2
가형,2
중탕,2
평생교육,2
건장한,2
오믈렛,2
츄르,2
주안상,2
개관,2
대거,2
윗쪽,2
마님,2
멤버십,2
유산균,2
민족,2
옥탑,2
동민,2
장아찌,2
꽃무릇,2
일기도,2
기웃,2
피난,2
보나,2
다이렉트,2
초점,2
코끝,2
힐튼,2
가마솥,2
룸메,2
곡선미,2
피리,2
송년회,2
으리,2
정수,2
절경,2
밀리,2
스시,2
기프티콘,2
혼입,2
섣부르은,2
만쥬,2
펩시,2
진땀,2
숨바꼭질,2
천재지변,2
따위,2
더비,2
구간,2
부시맨,2
승승장구,2
덮다,2
버벅거렸습니,2
전동차,2
땀날,2
초특가,2
예절,2
상기,2
타자기,2
조종,2
삐지은,2
일식집,2
눈썹,2
킹덤,2
커튼월,2
탐탐,2
인절미,2
카페인,2
물난리,2
전주교대,2
단백질,2
멜론,2
공항,2
땜빵,2
동파,2
질질,2
렌지,2
된장,2
노코멘트,2
단선,2
색조,2
해질녘,2
자음,2
재미없은,2
동그라미,2
성향,2
가파르긴,2
틴트,2
캐리커처,2
바나,2
지사,2
에디,2
통술,2
모나카,2
다합,2
찬스,2
스토어,2
군말,2
대통령궁,2
황홀한,2
입학,2
간장게장,2
아이콘,2
세븐,2
산장,2
뜨내기,2
조개,2
복장,2
경운기,2
특수한,2
취업,2
화표,2
독립성,2
젖병,2
과장한,2
해롭은,2
유유,2
찐득한,2
병기,2
가미,2
헤진,2
정육점,2
전통주,2
명감,2
네트워크,2
단창,2
토요코인,2
순번,2
카바,2
가정은,2
합류,2
소심한,2
골드,2
월세,2
호랑,2
페널티,2
무심,2
특가여,2
합방,2
점포,2
교자상,2
요리사,2
임대,2
오픈런,2
비결,2
씀씀이,2
접목,2
탈의실,2
마름모,2
돼지감자,2
입시,2
서지,2
노선,2
단감,2
하품,2
문맥,2
어가,2
객인,2
유일,2
금속,2
터득,2
상반기,2
호텔룸,2
장통,2
구청,2
총지배인,2
관찰,2
폐쇄,2
배일,2
자금,2
번지,2
기표,2
내추럴,2
박부,2
닭죽,2
제반,2
거구,2
언덕,2
거래,2
박사,2
청과,2
외경,2
한증막,2
시려웠으,2
치유,2
은혜,2
운동복,2
신생,2
유흥거,2
동창회,2
다트판,2
수하물,2
웹사이트,2
애니메이션,2
비타,2
간병,2
시궁창,2
티어,2
좌변,2
평형,2
쿵쿵거렸,2
직거립니,2
리드,2
구수,2
능가,2
전동기,2
호캉스입니,2
멸균,2
유동성,2
녹화,2
참외,2
화살표,2
불안,2
주식,2
종강,2
삼각,2
쓴소리,2
연로,2
에누리,2
제라늄,2
써밋스테,2
종소리,2
초면,2
한약재,2
조리기구,2
영구,2
버벅거렸,2
낙지,2
발뒤꿈치,2
충돌,2
발품,2
박카스,2
쉐어,2
고릴라,2
집착,2
운동선수,2
바이킹,2
미끄럼틀,2
사냥개,2
외한,2
꼬랑내,2
허름합니,2
만천원,2
쎄은,2
북어,2
층방,2
일진,2
유해,2
나날,2
예정자,2
오렌지색,2
행복감,2
불신,2
하프,2
계통,2
후방,2
아이스박스,2
범죄,2
장면,2
거도,2
명분,2
처사,2
떨떠름한,2
밑쪽,2
떨기,2
블러,2
제야,2
환승,2
팔도,2
까치,2
이솝,2
원피스,2
미스트,2
현미,2
네스카페,2
국내외,2
단란주점,2
열매,2
다다미방,2
난동,2
직거림,2
노고,2
영유,2
장례식,2
달인,2
직각,2
오목한,2
해돋이,2
전기밥솥,2
배롱나무,2
조리사,2
단칸,2
빅사,2
치드,2
피기,2
레시,2
청학동,2
봉봉,2
형형색색,2
초월,2
바랜,2
부술,2
옛말,2
심청,2
근육,2
실크,2
다대기,2
인기척,2
간절,2
헹궈,2
참숯,2
촘촘하,2
푸르은,2
구경해,2
피죤,2
귀퉁이,2
건더기,2
윈져입니,2
풍채,2
쩍쩍,2
하루아침,2
비닐봉지,2
친지,2
비트,2
카운트다운,2
스토,2
곱슬거리,2
꿀렁거리,2
페레로,2
진단,2
쇠고리,2
게토레이,2
뒤죽박죽,2
허탈한,2
중국어,2
직사각형,2
하우스키퍼,2
벌이,2
결항,2
실온,2
잡초,2
거슬러,2
전만,2
손자,2
돌변,2
우연,2
협회,2
갈고,2
개편,2
탑재,2
화이트골드,2
꼽는,2
푸석푸석한,2
캠핑장,2
화끈한,2
짜몽,2
학동,2
실천,2
삼각형,2
짜장라면,2
무적인,2
포만,2
함박눈,2
구성만,2
홈바,2
누비,2
트윈룸입니,2
노숙자,2
검정,2
올가을,2
난초,2
움큼,2
마네킹,2
경남,2
크아,2
수험생,2
다정다감한,2
어필,2
심각,2
나흘,2
인증서,2
침입,2
십여,2
대결,2
퇴보한,2
소한,2
가리개,2
특가로,2
홍콩,2
뻘쭘하,2
삼중,2
수치심,2
모악산,2
흙집,2
권한,2
어림,2
올드했,2
밑바닥,2
오븐,2
참조,2
손실,2
칠흑,2
교묘한,2
서림,2
삼일절,2
비정상,2
저녁밥,2
익스플로러,2
정동,2
주인공,2
빗함,2
노부,2
종식,2
립밤,2
입김,2
인어공주,2
뽀로로,2
포스팅,2
흡사,2
부쩍,2
수두,2
의뢰,2
덜컥,2
근해,2
드라이버,2
대씩,2
등반,2
분기,2
발인,2
칠만,2
반감,2
퀄리,2
깔따구,2
한국어,2
존경,2
지목,2
소주잔,2
피시방,2
우수수,2
내자,2
상영,2
커피점,2
참기름,2
두루치기,2
퇴직,2
고음,2
어투,2
분수,2
드라이브스루,2
정류,2
로제,2
물벼락,2
자칫하면,2
수퍼,2
모이,2
살얼음,2
정선,2
구구구구구,2
접지,2
더하기,2
페이퍼,2
수조,2
즉석밥,2
스윗,2
영등포,2
국가,2
견고한,2
화근,2
냉동식품,2
경쾌한,2
요긴,2
빨대,2
자욱한,2
흐름,2
프랑스,2
코피,2
웅얼웅얼,2
분식점,2
환복,2
장황한,2
단절,2
테리어,2
검정색,2
고함,2
파도,2
핸드백,2
부숴,2
졸음,2
베트남,2
자잘한,2
미미한,2
급성,2
하객,2
침수,2
전북현대,2
수수한,2
빌트,2
화해,2
파스타,2
거가,2
갈비찜,2
마블,2
오만원,2
조속,2
에어워셔,2
초록빛,2
날임,2
별일,2
기린,2
역쪽,2
기업은행,2
미역,2
불문,2
푸드코트,2
견과류,2
브리핑,2
근심,2
차장,2
화창한,2
재주,2
부고,2
사후,2
샤오미,2
보험,2
인물,2
수학여행,2
쿨쿨,2
온도조절기,2
예약금,2
왕발,2
확대경,2
룸당,2
뒤뜰,2
용현동,2
간밤,2
담방,2
눈썰미,2
프론,2
양반,2
삼성문,2
레이드,2
누적,2
지루함,2
장염,2
대서,2
구성원,2
사람인,2
전제,2
최초,2
을씨년스럽은,2
델로스,2
러러러,2
것입,2
멍한,2
화학,2
라벤더,2
주부,2
노골,2
슬라이드,2
아슬아슬한,2
헵번,2
오드리,2
성업,2
마리오,2
안락,2
커밍,2
직한,2
상비,2
근로자,2
천식,2
룸이,2
장군,2
서투르은,2
임박,2
쾌활한,2
고질,2
사촌동생,2
입담,2
개그맨,2
그나,2
포커,2
철컥거렸습니,2
화생방,2
피멍,2
거꾸로,2
하향,2
리니지,2
드니,2
적하,2
커넥터,2
팩트,2
광량,2
미적,2
불가피한,2
위태로웠습니,2
상무,2
자동화,2
킹룸,2
삐끗,2
짜릿한,2
연꽃,2
닭살,2
확연,2
골인,2
헬멧,2
청정도,2
거뭇거뭇,2
식권,2
유주,2
명랑한,2
타협,2
밀면,2
수료식,2
국기,2
밀로,2
리본,2
목화,2
동서,2
개보,2
린다,2
그간,2
그램,2
하위,2
고요함,2
커피집,2
합치,2
통통한,2
이용만,2
해리포터,2
건강검진,2
시립,2
핸들,2
전기자동차,2
잠버릇,2
욕조룸,2
무안한,2
혼합,2
새우,2
영문,2
급보,2
구급상자,2
노심초사,2
마지못한,2
배서,2
완도,2
헤짐,2
최첨단,2
세인트,2
외모,2
강매,2
케이드,2
파견,2
조달,2
소세지,2
새벽같이,2
파스텔,2
비몽,2
눌렸는데,2
랑게,2
원선,2
땡볕,2
대천,2
중동,2
인터컨티넨탈,2
홀린,2
양초,2
발렌타인데이,2
메가톤,2
유효한,2
서빙,2
설립,2
트렁크,2
아치,2
뱅뱅,2
여벌,2
매무새,2
투어리스트,2
송진,2
여신,2
레전드,2
컨테이너,2
평면,2
대조,2
서글서글한,2
궁궐,2
공임,2
혁신,2
프로스트,2
승정원,2
헛기침,2
경이,2
확실,2
학습,2
약소,2
비듬,2
야광,2
후추,2
균열,2
종교,2
수석,2
밥솥,2
서적,2
날벼락,2
보송보송,2
취재,2
휑해,2
복층집,2
눈부심,2
보임,2
과대,2
허위,2
토사,2
노약,2
언어,2
미련,2
들판,2
늦더위,2
접착,2
인조,2
안양,2
짝꿍,2
보디,2
무빙,2
품일,2
인의,2
초인,2
장례,2
로써,2
수란,2
소방차,2
마리마리,2
대시,2
시원찮은,2
재의,2
거뭇,2
중옵,2
인력,2
곰인형,2
구급차,2
엽기,2
빈말,2
순례,2
감소,2
작일,2
온도계,2
고스톱,2
잡채,2
브러쉬,2
매끈한,2
노년,2
물고기,2
올바르은,2
철인,2
겨울비,2
비눗물,2
결로,2
산속,2
몽글몽글한,2
건널목,2
일산,2
봄비,2
소도시,2
헛개,2
자반,2
개점,2
순환기,2
돈벌이,2
캠퍼스,2
현저,2
지압,2
별미,2
잠듭니,2
콩깍지,2
대다수,2
개개인,2
뒷산,2
열도,2
지탱,2
유목민,2
향합,2
수습,2
둥지,2
대형차,2
미제,2
르르,2
막창집,2
시베리아,2
신라면,2
부천,2
만류,2
퓨전,2
다운타운,2
수면제,2
으슥,2
멘탈,2
강정,2
사촌,2
표지,2
부문,2
이력,2
떨이,2
흐릿,2
방한,2
릴렉스,2
임용고시,2
궁합,2
조그맣은,2
초봄,2
모양새,2
허투루,2
담장,2
꿀물,2
조화로,2
까끌까끌한,2
적당,2
물렁거립니,2
진수,2
각기,2
백열등,2
절수,2
보슬보슬,2
가파르다,2
메가톤바,2
커넥트,2
메일,2
금일도,2
라지룸,2
열의,2
발렛주차,2
한낮,2
식후,2
모티브,2
인내심,2
신체,2
목단,2
무심코,2
직종,2
타이틀,2
권역,2
아차,2
야행성,2
으슥하,2
두둑,2
던지기,2
후자,2
까칠까칠한,2
생리대,2
회수,2
야영,2
끝집,2
피아,2
손발톱,2
저속,2
술병,2
모험,2
대명사,2
거르세,2
수수,2
톡톡한,2
카테고리,2
후켄,2
스파크,2
레이디,2
무대,2
모레,2
짜파게티,2
웅웅,2
필드,2
대동,2
서운해한,2
소양,2
유상,2
용궐산,2
송광사,2
해주,2
마니아,2
횡설수설,2
친가,2
경력,2
이성,2
템플스테이,2
신작,2
폭닥폭닥해,2
생후,2
정렬,2
비우기,2
용암,2
진실한,2
재개발,2
강약,2
중리역,2
백만,2
구현,2
초가을,2
골초,2
사진첩,2
순백,2
누님,2
실핀,2
모금,2
희한한,2
장기로,2
상한,2
포화,2
음미,2
해지니,2
기묘한,2
이용실,2
소설,2
빳빳합니,2
굿즈,2
점프,2
봉변,2
실현,2
마케팅,2
볼트,2
분유,2
무한정,2
왜인,2
나긋한,2
의식,2
덮어서,2
국토,2
싱그럽은,2
눌린,2
리까,2
단조롭은,2
입증,2
세차,2
근거,2
특별법,2
사르르,2
천만다행,2
라프텔,2
일어나고,2
부안,2
랩핑,2
찌뿌둥,2
프라이트,2
단칼,2
가건물,2
부시장,2
금물,2
혼방,2
얼마간,2
계곡,2
윌리엄스,2
반려,2
공중,2
예감,2
손쉽은,2
마이,2
향상,2
티브로드,2
극심한,2
허가,2
꼬박,2
다방면,2
밤바람,2
고모,2
아궁이,2
승강장,2
개구리,2
스키,2
글로리,2
웅얼거리,2
진실,2
노숙,2
분경,2
월간,2
소바,2
미집,2
거제도,2
초코우유,2
최고점,2
방만한,2
테이핑,2
구리,2
팔만,2
시차,2
메르,2
뭉탱이,2
푸대접,2
정합,2
원상,2
도기,2
가뿐한,2
두꺼비,2
티스푼,2
코노,2
젓갈,2
식중독,2
저급,2
도마,2
붕어빵,2
우롱,2
관등,2
한창,2
메밀,2
골반,2
산업,2
저을,2
건어물,2
술빵,2
원단,2
빵류,2
다자,2
향토,2
마르,2
삐었는데,2
개시,2
풍남동,2
효과음,2
송구,2
구구구,2
신선도,2
진도,2
홍익,2
새싹,2
압권,2
불타은,2
부상,2
후드,2
분무기,2
기저귀,2
이쑤시개,2
교감,2
통영,2
불상,2
풍만,2
벽체,2
이주,2
청축,2
이세,2
천수,2
선조,2
리자,2
장소라,2
노선도,2
통행량,2
기복,2
진통제,2
단란,2
남극,2
포도주스,2
머쓱한,2
기업,2
상공회의소,2
겹치,2
달맞이꽃,2
타지방,2
수업,2
되레,2
부응,2
칼각,2
윷놀이,2
면제,2
빼곡,2
삼각대,2
이상만,2
나들가게,2
준비물,2
양질,2
강철,2
초장,2
씩씩한,2
담양,2
패션,2
연도,2
파노라마,2
버그,2
소망,2
광양,2
넝쿨,2
축소,3
주심,3
홀애비,3
산아,3
메로나,3
으쓱,3
치실,3
피톤,3
둥굴레,3
미완성,3
리트리버,3
빗속,3
푸릇,3
레이크,3
물속,3
들락날락,3
돌다리,3
전하,3
사은,3
보답,3
백일홍,3
어시장,3
질병,3
험한,3
인부,3
미끌미끌한,3
흐트러져,3
서인,3
의무,3
쫀득,3
법인,3
파인애플,3
극히,3
언택트,3
과제,3
인건비,3
쌍꺼풀,3
분포,3
전기난로,3
이익,3
오들오들,3
애비뉴,3
택했,3
협소했으,3
후줄근한,3
바닥재,3
아마존,3
인구,3
등장,3
내공,3
자료,3
입성,3
배분,3
쥐며느리,3
안대,3
종로,3
진료,3
배설물,3
수국,3
중후,3
부속,3
숙식,3
일임,3
지향,3
도브,3
화투,3
인간미,3
지진,3
조롱,3
미니룸,3
답사,3
아픔,3
마운틴,3
시몬스,3
은퇴,3
사업자,3
빈도,3
대변기,3
생동감,3
찌린,3
채용,3
헛구역질,3
꼽습니,3
서신,3
식용,3
핫스팟,3
천지,3
비디오,3
명부,3
이만원,3
호일,3
사원,3
점퍼,3
제라,3
뻘쭘,3
파주,3
오이,3
안부,3
때로는,3
식단,3
불성실한,3
교장,3
정화조,3
무주,3
이자카야,3
대일,3
석회,3
배신,3
술자리,3
로봇,3
뒷정리,3
코코아,3
육아,3
밀고,3
니즈,3
전적,3
행인,3
눌렸습니,3
쑥떡,3
대둔산,3
활기,3
황토색,3
아스팔트,3
지시,3
목욕가운,3
피고,3
배낭여행,3
자임,3
밋밋한,3
가격표,3
두절,3
나그네,3
용산,3
가로수,3
목도리,3
베일,3
리터,3
환장한,3
그저께,3
불순,3
발발,3
빗질,3
응급,3
철거,3
노랫소리,3
셨던,3
장의,3
엽떡,3
숭늉,3
냉랭한,3
갑갑한,3
뒷방,3
벽난로,3
흉내,3
성심껏,3
되풀이,3
앰프,3
흠뻑,3
변임,3
격상,3
자갈밭,3
직거려,3
로투스,3
금도,3
트레이,3
들깨,3
강남,3
공중화장실,3
코멘트,3
라일락,3
새벽녘,3
면박,3
비운,3
철쭉,3
모형,3
바늘,3
대관,3
훈련,3
간략한,3
여우,3
생선,3
반짇고리,3
항아리,3
전역,3
자두,3
양상추,3
겹겹이,3
뭉텅,3
나긋나긋한,3
육회,3
푸릇푸릇하,3
호점,3
만회,3
운지,3
체증,3
시인,3
꼬리,3
재결,3
면옥,3
연중,3
화원,3
모뎀,3
휴게소,3
싸한,3
구미,3
플래시,3
극진한,3
어처구니,3
정색,3
라운딩,3
밥그릇,3
파리바게트,3
꼬불털,3
앤티크,3
단일,3
예시,3
실링,3
파워,3
대반,3
대적,3
원픽,3
라라,3
목말,3
명령,3
필로티,3
추성훈,3
생화,3
기행,3
이동형,3
뚜레쥬르,3
축복,3
소입,3
연다,3
양조,3
아야,3
뻘뻘,3
다가동,3
담쟁이,3
로맨틱,3
캐슬,3
공실이,3
호빵,3
스프링클러,3
날인,3
겸손한,3
어느덧은,3
친밀,3
뿐더러,3
전임,3
엣지,3
잔털,3
낭패,3
오밀조밀,3
어버이날,3
승부,3
연습,3
갈이,3
스름,3
맥심,3
충청도,3
무한리필,3
고압,3
기품,3
초여름,3
벌벌,3
장보기,3
행선,3
쾨쾨,3
베니키아,3
일리,3
두통약,3
소수,3
세팅된,3
선팅,3
어묵,3
대성공,3
비례,3
정점,3
루루,3
보들보들한,3
잠바,3
파리채,3
서산,3
리뉴액,3
전자담배,3
옆옆,3
원주,3
열무,3
검수,3
안마당,3
입술,3
돈대,3
혼캉스,3
암내,3
하든,3
직방,3
노하우,3
들쑥날쑥한,3
프린터기,3
고인,3
오해해,3
지역별,3
고철,3
돈독한,3
모발,3
요망,3
띄엄띄엄,3
별별,3
빙빙,3
실례,3
무릅쓰,3
피지,3
업도,3
현충일,3
쉐르빌,3
게으르은,3
본전,3
보풀,3
까슬한,3
유명인,3
우디,3
사인,3
특산,3
설탕,3
미등록,3
채운,3
졸지,3
층층,3
제과점,3
점심때,3
탄성,3
꾸러미,3
불경기,3
품류,3
나비잠,3
자외선,3
한도,3
수묵화,3
껄끄러웠습니,3
울림,3
중반,3
대꾸,3
큰아들,3
무궁,3
피스,3
기선,3
격하,3
다년,3
배수로,3
신장,3
주병,3
대낮,3
본방,3
어어어어,3
참치,3
사투,3
강행,3
콜도,3
교촌치킨,3
체념한,3
비실이,3
조형,3
전파,3
삼일,3
공단,3
노인,3
단돈,3
화차,3
버물리,3
차체,3
페셔,3
항목,3
행자,3
부유,3
사연,3
쪽지,3
유념,3
협찬,3
뚜렷한,3
방일,3
등지,3
삼례,3
예고,3
분홍색,3
어조,3
몸부림,3
순이,3
인후,3
양푼,3
손맛,3
크롬캐스트,3
마구,3
성지,3
춘천,3
여자아이,3
싱크로,3
라이브,3
수채,3
홈런,3
경찰차,3
고품격,3
지름길,3
앞문,3
부로,3
만지작거리은,3
침낭,3
빌딩,3
런처,3
소화기,3
아랫방,3
잡다한,3
관공서,3
별장,3
식기세척기,3
본격,3
명동,3
꿀떡,3
마찰,3
희미한,3
결혼식장,3
손수건,3
바가지요금,3
중고,3
호감,3
에피소드,3
버셔,3
일광욕,3
쌀밥,3
헌혈,3
피더,3
파라,3
발언,3
가식,3
한옥룸,3
로라,3
대통령,3
달리기,3
무릉도원,3
서프라이즈,3
혼선,3
경과,3
어쩌려,3
의방,3
변덕,3
통방,3
치마,3
환갑,3
마이너스,3
점원,3
폭탄,3
건축상,3
폭포수,3
과속,3
버섯,3
발진,3
사물,3
몽환,3
아웃백,3
권고,3
버벅거립니,3
메종,3
양면,3
명화,3
국립,3
후속,3
소원,3
온장고,3
주변인,3
밍밍,3
최상인,3
디너,3
궁금증,3
스트리트,3
사위,3
노포,3
리셋,3
멋쟁이,3
무작위,3
소진,3
기정,3
엉뚱한,3
함정,3
무서움,3
복합,3
배제,3
해명,3
외가,3
멘토스,3
브릭,3
팔복,3
환호성,3
가려웠,3
아찔한,3
장해,3
아이스팩,3
버릇,3
훈련소,3
무지,3
등불,3
쌍둥이,3
몽쉘,3
어록,3
담장이,3
북쪽,3
절편,3
상업시설,3
핀잔,3
동행인,3
괴담,3
상인,3
벌컥,3
확대,3
막무가내,3
비스듬하,3
접힌,3
팩스,3
드롱기,3
외국산,3
산도,3
로란,3
빨강,3
분홍,3
조선,3
송금,3
라이너,3
그닥,3
영어,3
물걸레,3
소하,3
질식,3
송송,3
지하실,3
잇몸,3
부여,3
세종대왕,3
쉐이빙폼,3
상당,3
변수,3
국방,3
추세,3
액션,3
순서대로,3
천도,3
박일,3
특가임,3
버시,3
수분,3
양념장,3
작용,3
아가씨,3
배롱방,3
초겨울,3
수라,3
집합,3
제때,3
러닝,3
익스,3
알록달록한,3
바이,3
요원,3
말벌,3
협소했던,3
상형,3
문풍지,3
고정식,3
해킹,3
달성,3
목표,3
후지,3
출처,3
조립,3
세라,3
금색,3
메뚜기,3
살기,3
미끼,3
박멸,3
펑크,3
카페라떼,3
전국체전,3
물샘,3
장터,3
사상,3
측은,3
정적,3
존칭,3
천주교,3
쑥스럽은,3
변두리,3
젠더,3
깍두기,3
철임,3
허니,3
데스크톱,3
작성자,3
채도,3
페이지,3
보습,3
유의사항,3
뷰임,3
요령,3
스캔,3
동심,3
존중,3
신형,3
부띠,3
해치,3
빈틈,3
특실답,3
순두부,3
서치,3
활발한,3
시동,3
베이스,3
포장마차,3
증후군,3
민속놀이,3
드럼세탁기,3
잠꾸러기,3
첨단,3
트윈룸인데,3
송편,3
휴지곽,3
유감,3
우울한,3
단가,3
단잠,3
마루라,3
네거리,3
하반기,3
자막,3
한라봉,3
룸들,3
콜백,3
애애,3
마라톤,3
홍수,3
다인,3
왕방,3
회의,3
거동,3
약수터,3
오거리,3
탓일,3
세종대,3
매미,3
수로,3
증빙,3
도자기,3
동남아,3
양치질,3
시간제,3
롱패딩,3
보급,3
북유럽,3
고마움,3
수리남,3
연탄,3
디스플레이,3
방용,3
혁명,3
비아,3
제만,3
약제,3
애벌레,3
에프,3
녹음,3
무지개,3
주거지역,3
얼큰한,3
기특한,3
커피메이커,3
쾌적,3
숨소리,3
돌출,3
강풍,3
레지던스입니,3
교원,3
슈퍼마리오,3
시스루,3
구동,3
인피니티,3
업계,3
브레이크,3
여고,3
배겨,3
장애,3
문학관,3
랜드마크,3
배스킨라빈스,3
견해,3
컨벤션,3
퇴원,3
문화재,3
찰떡,3
통신,3
여파,3
신혼부부,3
추어탕,3
마자,3
여드름,3
패치,3
육수,3
진솔한,3
전무한,3
성경,3
푸른색,3
종별,3
두근거리은,3
해운대,3
사춘기,3
우기,3
메리,3
암흑,3
팔방,3
결선,3
노동자,3
페이스북,3
헤지,3
할리갈리,3
방장,3
중학교,3
치자,3
모교,3
레벨,3
패킹,3
샤워룸,3
비빔,3
구덩이,3
절절,3
반나절,3
세운,3
소의,3
계약,3
하루나,3
싱겁은,3
수만,3
논산,3
퇴실일,3
오두막,3
토대,3
무심한,3
주먹,3
중일,3
벌초,3
석양,3
드넓은,3
보고서,3
하나로마트,3
수영복,3
케바케,3
붕어,3
가짜,3
서서학동,3
테트리스,3
전주대학교,3
다툼,3
연수,3
허둥지둥,3
상점가,3
진달래,3
사각형,3
풀꽃,3
동원,3
제설,3
화도,3
피난처,3
이도,3
긴장감,3
보쌈,3
핀앤핏,3
상향,3
유저,3
기술,3
코감기,3
몰입도,3
마요네즈,3
무의미한,3
표본,3
손등,3
입장료,3
숲속,3
국산,3
본부,3
수긍,3
서원,3
국민연금,3
기피,3
새똥,3
청록색,3
컴프레서,3
근본,3
오프,3
상대로,3
마샬,3
배상,3
팜플렛,3
텅텅,3
소프트,3
사진작가,3
만도,3
솔로,3
엔진,3
일가,3
투철,3
동쪽,3
출하,3
면회,3
성적,3
한의원,3
탈출,3
강릉,3
대왕,3
성남,3
제조,3
캡처,3
털털,3
빙판,3
궁전,3
진호,3
곱슬털,3
유재하,3
들국화,3
코브라,3
아무나,3
결함,3
타이,3
규조토,3
대설주의보,3
문어,3
최하,3
앞전,3
이쁘은,3
카니발,3
개강,3
찜통,3
열거,3
죄인,3
빳빳하,3
오죽한,3
투피씨룸,3
동인,3
신부,3
보석,3
쫀드기,3
리스,3
강화,3
전남,3
요건,3
납품,3
정강이,3
미지수,3
여심,3
청실,3
꾸밈,3
돌체,3
금은,3
분식집,3
팬시,3
배김,3
극세사,3
콘택트렌즈,3
웰치스,3
버벅임,3
유치한,3
호도,3
논리,3
사자,3
저학년,3
바리,3
병뚜껑,3
캔디,3
손소독제,3
파출소,3
질주,3
시늉,3
재는,3
씨름,3
쓸모없은,3
구토,3
정담,3
굉음,3
워터,3
유치,3
풍선,3
공식,3
고흐,3
버벅이,3
레저,3
마켓,3
체류,3
내적,3
진득,3
흉가,3
극장룸,3
여름방학,3
아우,3
경유,3
오묘한,3
연두색,3
지끈,3
불길한,3
우어,3
무궁화,3
대세,3
겨를,3
이성계,3
큼직큼직한,3
만국기,3
울트라,3
아이패드,4
고궁,4
테오,4
결코,4
소규모,4
샹들리,4
구례,4
대성,4
어어,4
티나,4
범벅,4
고향이,4
디디,4
부도,4
서브,4
스카이라이프,4
교대,4
몰딩,4
원색,4
빼빼로,4
책임자,4
자칫,4
통신사,4
수평,4
부어,4
가래,4
유머,4
가온,4
벼룩,4
스툴,4
무게,4
너저분한,4
재도,4
엘림,4
참신한,4
횡재,4
배탈,4
독실,4
기초,4
초대형,4
거위,4
협조,4
탱크,4
무단,4
내심,4
개발,4
범퍼,4
무형,4
조선시대,4
영혼,4
입대,4
곧바로,4
반쪽,4
룸이었,4
물수건,4
비둘기,4
국립무형유산원,4
숫자,4
폭풍,4
빼주,4
마늘,4
지겹은,4
매화,4
수집,4
누텔라,4
콘크리트,4
커피잔,4
아이러니,4
대여섯,4
탄산음료,4
출신,4
운동화,4
타워,4
감명,4
피크닉,4
나뭇잎,4
곱슬,4
낱개,4
때밀이,4
터키,4
책방,4
어두울,4
관해,4
직진,4
안내서,4
베이글,4
수입,4
봉선화,4
용납,4
마스,4
그릴,4
만삭,4
팬티,4
동해,4
꼬릿,4
용액,4
해상도,4
팔고,4
방술,4
모던룸,4
인간,4
가정식,4
거르,4
조준,4
한식당,4
도트,4
생기지,4
믿음직한,4
수백,4
땅콩,4
경적,4
중창,4
다한,4
어쩜,4
강요,4
대통,4
과잉,4
라벨,4
본실,4
저렴,4
해태,4
보도,4
어쩌,4
집게벌레,4
전주성,4
닭발,4
제멋대로,4
물의,4
친히,4
이끼,4
관방,4
총리,4
버벅거려,4
호인,4
연구소,4
해외여행,4
보름,4
미로,4
텍스트,4
교통비,4
동이,4
버려진,4
꼽으라,4
전전,4
자동식,4
물통이,4
허브,4
감전,4
맨손,4
날림,4
복구,4
고추,4
납작한,4
외근,4
어썸,4
지퍼,4
패널,4
여비,4
창의,4
신년,4
시려웠,4
생전,4
밤사이,4
사유,4
손보,4
조율,4
비즈니스맨,4
파르니,4
예산,4
분할,4
번짐,4
신신당부,4
감격,4
효도,4
노릇,4
글귀,4
루미큐브,4
대입,4
브리,4
려면,4
흥부가,4
심정,4
숭숭,4
악성,4
꼬치,4
볶음,4
요지,4
쉬엄쉬엄,4
층고,4
페셔널,4
광목,4
하부,4
앤룸,4
회피,4
가래침,4
뉘앙스,4
방황,4
주걱,4
치안,4
작법,4
매립,4
벽굴,4
직관,4
엄수,4
얼떨결,4
과열,4
중간층,4
입퇴,4
자발,4
실임,4
프로필,4
타이어,4
시한,4
집주인,4
트렌드,4
밥풀,4
이카루스,4
고단,4
레코드,4
고전,4
본채,4
팀원,4
오페라,4
승객,4
도인,4
상옵,4
발도,4
절실,4
업자,4
투자가,4
포크,4
눈빛,4
불꽃,4
형님,4
체계,4
빈손,4
끝층,4
시렵,4
플라워,4
벌금,4
아이보리,4
오순도순,4
성냥,4
보정,4
청포도,4
오뎅,4
타이밍,4
버킷리스트,4
참가,4
따로따로,4
역주행,4
허름했,4
토토,4
고용,4
이지,4
복사,4
고화질,4
동떨어지은,4
돼지갈비,4
엑스트라,4
중요,4
양산,4
구심,4
앵무새,4
예보,4
음으로,4
버벅거리,4
구경만,4
술안주,4
평화,4
확장,4
장롱,4
전통문화,4
평평한,4
파라솔,4
배송,4
민트,4
통금,4
알록달록,4
소홀,4
어마어마한,4
호호,4
히노끼,4
게이머,4
발길,4
가로등,4
심리,4
캐비닛,4
득실,4
더구나,4
손녀,4
투피,4
렌트,4
유기농,4
손바닥,4
화기,4
취합니,4
뻥튀기,4
듀얼,4
소년,4
또렷한,4
차우차우,4
품절,4
다우니,4
맛없은,4
대걸레,4
스트레칭,4
고문,4
호강,4
아령,4
룸키,4
복층룸,4
도입,4
악플,4
스탠딩,4
아아,4
과감,4
재개,4
씨방,4
스루,4
주얼,4
분류,4
강화한,4
아몬드,4
조회,4
건조대,4
체질,4
수치,4
반투명한,4
품위,4
토스,4
화물,4
옆면,4
송풍,4
차주,4
침대룸,4
고치시,4
포토샵,4
탄산,4
콘도,4
야행,4
쫄깃,4
발휘,4
번성,4
일류,4
지근,4
한국말,4
예원,4
하급,4
대추,4
하수도,4
리프,4
헛개수,4
이어진,4
길고양이,4
호우,4
한국인,4
한시,4
재빠르은,4
과태료,4
딱지,4
구들,4
명당,4
한밤중,4
가렵습니,4
주방용품,4
야쿠르트,4
본의,4
인품,4
호흡기,4
꽃가루,4
도심지,4
더더,4
금표,4
출산,4
미식,4
왕창,4
원만한,4
슈페리어룸,4
로렌,4
트러스,4
가글,4
그루,4
마늘빵,4
즐겨찾기,4
라디오,4
실밥,4
킬러,4
오오,4
노동부,4
청사,4
페레로로쉐,4
인쇄,4
걸터,4
의외,4
바코드,4
머스켓,4
귀멸,4
유카타,4
역도,4
신천지,4
신성,4
쇼핑몰,4
어둠,4
증명,4
독방,4
가인,4
허겁지겁,4
레시피,4
감회,4
남쪽,4
극성,4
폭발,4
우주,4
재킷,4
낙상,4
하임,4
오유,4
취했으,4
양복,4
신품,4
동전,4
다용도실,4
정규,4
애로,4
외롭은,4
정지,4
섬진강,4
뿌둥,4
보물,4
출장러,4
명단,4
소형견,4
본사,4
핑크,4
워터파크,4
포스트잇,4
해피,4
비보,4
지독한,4
합판,4
겸사겸사,4
지하방,4
이의,4
고무신,4
중지,4
여과,4
클래스,4
유자,4
어느새은,4
낚시,4
범위,4
객지,4
신기,4
드레스,4
폐기,4
뒷길,4
네네,4
교태전,4
가족룸,4
칼날,4
정차,4
오디오,4
포춘쿠키,4
잉크,4
벙커,4
나프탈렌,4
뽀글이,4
발등,4
젊음,4
종주,4
비스킷,4
비보이,4
긴가민가한,4
본질,4
중독,4
선생,4
전압,4
사진관,4
아구,4
팬티라이너,4
케라시스,4
정치,4
부모,4
발로란트,4
마음속,4
재고,4
감당,4
난간,4
접착제,4
기숙사,4
프라이어,4
달랑,4
화관,4
조로,4
수증기,4
사료,4
진리,4
직통,4
편차,4
막말,4
개량,4
앵두,4
원가,4
철길,4
로드,4
평길,4
말랭이,4
온유,4
꽃동산,4
부직포,4
장날,4
현황,4
시중,4
넘버원,4
호소,4
골방,4
출퇴근,4
웹서핑,4
산입,4
똑똑,4
비행기,4
키위,4
노즐,4
군인,4
방범,4
주의보,4
견줄,4
두텁은,4
옥답,4
보가,4
스푼,4
미지,4
천하,4
미사,4
남동생,4
수세미,4
주유소,4
대란,4
잔치,4
노소,4
안일한,4
옥당,4
불통,4
변상,4
병호,4
연차,4
난생처음,4
래야,4
다시금,4
버거킹,4
기와집,4
장작,4
전세,4
간도,4
넓적한,4
매니아,4
차광,4
고서,4
중임,4
특실임,4
고자,4
답지,4
단언,4
엊그제,4
우중충한,4
취락,4
샴페인,4
건성,4
찹쌀,4
던데,4
각거리,4
앵초,4
월말,4
연초,4
서버,4
한성,4
거름,4
흡연룸,4
더욱이,4
법적,4
설경,4
압력,4
차근차근,4
몹시,4
포스터,4
출석,4
막바지,4
뒤꿈치,4
하숙집,4
대강,4
세밀,4
타가,4
호사,4
사려,4
어쩌냐,4
점심시간,4
앞차,4
비중,4
입점,4
덤벨,4
상사,4
정동성,4
마우스패드,4
적반하장,4
가렵거,4
의존,4
반사,4
두피,4
라이스,4
완공,4
메뉴판,4
밥알,4
야박한,5
원조,5
양은,5
꼬마,5
호기심,5
비피더스,5
공무원,5
급격한,5
매출,5
방전,5
훈제,5
격주,5
요인,5
주기도,5
러신,5
끈적거렸으,5
차후,5
러블리,5
파크,5
세탁소,5
바탕화면,5
음모,5
철로,5
탈의,5
멀더,5
스물,5
특실인데,5
시끌시끌한,5
수거,5
방면,5
눌리,5
여동생,5
월초,5
아토피,5
파이프,5
산다,5
개인실,5
홍시,5
베이컨,5
언행,5
러브젤,5
두렵은,5
올여름,5
친언니,5
고루,5
지질,5
중국,5
목도,5
비릿,5
프렌치토스트,5
취미,5
스무,5
어떡한,5
일일,5
훌쩍,5
폭도,5
볼펜,5
참으로,5
티맵,5
헤어스프레이,5
짜장면,5
생명,5
전당,5
새록새록,5
막막한,5
돗자리,5
율곡,5
꼬박꼬박,5
정액,5
소량,5
따개,5
닉네임,5
반성,5
교훈,5
점례,5
페스티벌,5
심장,5
공통,5
방가,5
업종,5
입로,5
선심,5
통닭,5
콘솔,5
셰프,5
고사,5
도너츠,5
유격,5
성심여고,5
윙윙,5
두려움,5
출근길,5
조도,5
분노,5
파가,5
인턴,5
습관,5
양파,5
이목,5
제자리,5
램프,5
성별,5
이상인,5
초원,5
시어,5
취했,5
극단,5
쌈밥,5
상술,5
봄날,5
밑반찬,5
판매점,5
종아리,5
피아노,5
식수,5
밀폐,5
로데오거리,5
창피한,5
보금자리,5
긁힌,5
어머님께,5
사이클,5
학년,5
니코틴,5
버스킹,5
한해,5
똑바로,5
비락식혜,5
명물,5
놀이터,5
불호,5
보리차,5
무비,5
초고,5
무관심한,5
청국장,5
누랬습니,5
리아,5
건설,5
하하,5
칼튼,5
라이,5
핸디캡,5
발가락,5
디지털,5
로부터,5
달방,5
마다,5
신혼집,5
양보,5
미묘한,5
경고,5
버퍼링,5
세미나,5
촉촉한,5
무자,5
바사,5
암모니아,5
오브,5
갈래,5
무풍,5
도로로,5
커브,5
왕자,5
능숙한,5
과자류,5
후미지은,5
연화,5
역은,5
푹잠,5
비성,5
빗물,5
바탕,5
난이,5
사이좋은,5
중계,5
수록,5
이상일,5
굿즈들,5
구독,5
백색,5
초대권,5
소고기,5
엔터테인먼트,5
알리,5
반점,5
측간,5
소라,5
그로,5
에탄올,5
극치,5
뿌옇은,5
모퉁이,5
한보,5
유산,5
다나,5
리나,5
스크래치,5
삭막한,5
자의,5
후다닥,5
씁쓸한,5
시세,5
기여,5
번개,5
거렸,5
옷가게,5
사설,5
곳답,5
글쎄요,5
사회,5
평상,5
백배,5
차마,5
나비,5
인스턴트,5
온풍,5
타이레놀,5
대피,5
만료,5
보라색,5
인방,5
매료,5
유효,5
국도,5
탑승,5
시어머니,5
트립홀릭,5
비단,5
리무,5
조잡한,5
스누피,5
문단속,5
새끼,5
기물,5
수선,5
반짝,5
간소,5
비명,5
자개,5
긁혔습니,5
수화기,5
팔찌,5
명함,5
훼손,5
상대방,5
일시,5
혼술,5
사각,5
질도,5
어처구니없은,5
비닐봉투,5
욕탕,5
라지,5
승하,5
과식,5
뉴스,5
가파른,5
월방,5
알뜰한,5
응급실,5
슬램덩크,5
본가,5
접객,5
며느리,5
파자마,5
갑작스레,5
감나무,5
보편,5
깨알,5
쟁반,5
역전,5
지체,5
터널,5
바보,5
이음,5
올인원,5
선입견,5
난잡한,5
주니어,5
눈사람,5
고유,5
허전한,5
방문자,5
성장한,5
트라우마,5
수질,5
백제,5
스트리밍,5
달님,5
햇님,5
야근,5
지면,5
도둑,5
기입,5
규제,5
주황,5
봉인,5
월화,5
편지,5
기막히은,5
영광,5
홍차,5
만인,5
잔고,5
시라,5
유럽,5
만요,5
컴컴한,5
눌려,5
창살,5
거짓,5
최명희,5
단수,5
은하,5
극도,5
구두주걱,5
과음,5
룸입니,5
마스코트,5
라이딩,5
하트,5
어리둥절한,5
스산,5
타이머,5
호프,5
시일,5
삐삐,5
굿굿굿굿굿,5
기세,5
장착,5
최우,5
확산,5
철도,5
움푹,5
부케,5
그립은,5
지수,5
미래,5
삼계탕,5
허비한,5
인증샷,5
다다미,5
머리핀,5
파워에이드,5
피임,5
자자한,5
달달,5
다리미,5
불합리,5
곱창,5
스위밍,5
찻잔,5
까탈,5
예식,5
수칙,5
보더,5
테스트,5
빗방울,5
중화요리,5
늦가을,5
폴바,5
사흘,5
악의,5
소감,5
전골,5
마는,5
별실,5
남도,5
감점,5
식기구,5
병무청,5
완성,5
질감,5
꽃밭,5
거북한,5
시리,5
수행,5
백도,5
여하튼,5
정전기,5
미모,5
현당,5
전액,5
인트,5
뮤직,6
액정,6
현수막,6
기름기,6
후배,6
천연,6
중요성,6
홀더,6
스탠바이,6
강원도,6
때마침,6
계세,6
스냅,6
보리,6
세계,6
수년,6
쿵쾅,6
지출,6
세면실,6
묽은,6
찰나,6
구옥,6
배정은,6
수련,6
영원한,6
마나,6
무관,6
박훈,6
시큰둥한,6
미가,6
인사말,6
문득,6
빼빼로데이,6
진지한,6
마크,6
새삼,6
일관,6
다분한,6
톨게이트,6
에센스,6
의사소통,6
구이,6
루이,6
손해배상,6
대한민국,6
푸릇푸릇,6
스튜디오,6
베이지,6
사색,6
육안,6
황사,6
장방,6
환자,6
고의,6
화방,6
좌측,6
로움,6
강렬한,6
과언,6
과연,6
발판,6
현실,6
타운,6
여물,6
어젯밤,6
집안,6
하얏트,6
맥콜,6
그린,6
무성의,6
사이렌,6
더시티,6
컨트롤러,6
주더,6
엔틱,6
긴급,6
셋톱,6
정화,6
인색한,6
성실한,6
창원,6
나열한,6
단축,6
더군다나,6
클레,6
토끼,6
치기,6
이유식,6
나무꾼,6
성심,6
남문,6
성의껏,6
본연,6
그을리은,6
구관,6
박해,6
모자라,6
장식품,6
수명,6
단호박,6
개폐,6
레일,6
앞집,6
초대,6
쌍화탕,6
흑백,6
캐러멜,6
다우,6
우여곡절,6
수돗물,6
키친,6
지라,6
지각,6
우리나라,6
작가,6
차이나,6
낮술,6
샤시,6
옷차림,6
집들이,6
조물,6
표면,6
강변,6
소화도,6
음산한,6
뜬금,6
구애,6
월드컵,6
부위,6
발송,6
토일,6
꽃샘추위,6
벨소리,6
입차,6
포항,6
안녕,6
배지,6
농담,6
리라,6
백악관,6
편임,6
뒷쪽,6
무향,6
구체,6
완속,6
꼬부,6
말썽,6
기프트,6
경기도,6
단기,6
부인,6
만해,6
불금,6
시정,6
스캣,6
복점,6
밸브,6
유연한,6
메이플,6
접수,6
차만,6
쏘울,6
무용지물,6
안마방,6
예방,6
엑스,6
소나무,6
국적,6
에어팟,6
보태,6
결심,6
병따개,6
불보,6
책정,6
탑차,6
혜윰,6
스카,6
살살,6
싸가지,6
신제품,6
모집,6
대국,6
멀쩡한,6
뒷골목,6
소임,6
반창고,6
장기간,6
엄지손가락,6
특별,6
기다림,6
아르바이트,6
아리아,6
훈기,6
유익한,6
식염수,6
등등,6
눈높이,6
구리은,6
입원,6
특별자치도,6
수원,6
파운데이션,6
부수,6
바닷가,6
만천,6
동창,6
손거울,6
부지,6
청소부,6
프리미어,6
뚝배기,6
파스,6
콧물,6
불로,6
틀림없은,6
인하,6
할로윈,6
모란,6
동성,6
경영,6
폐업,6
불미,6
드립,6
왕래,6
트랩,6
바란,6
채송화,6
인공,6
학원,6
미술,6
어기,6
회복한,6
덕담,6
실력,6
오성,6
막대,6
재배,6
돈키,6
초밥,6
클릭,6
파이,6
안제,6
꽈배기,6
갈비탕,6
묵자,6
텁텁,6
구글,6
고온,6
눈살,6
일본인,6
신경질,6
정직한,6
목격,6
나가시,6
시리즈,6
거제,6
깐깐한,6
행위,6
옷가지,6
왁스,6
독일,6
상층,6
명인,6
따스한,6
협박,6
원정,6
출몰,6
자본,6
비위,6
회전,6
케첩,6
골프장,6
조마조마한,6
살피,6
꽁꽁,6
장인,6
광각,6
악몽,6
단층,6
체취,6
잘만,6
캄캄한,6
관저,6
삼촌,6
모범,6
재치,6
샛별,6
원칙,6
몰리,6
체인지,6
엘리트,6
체력,6
세대,6
드하,6
애플리케이션,6
깜찍한,6
서든어택,6
얌전한,6
수술,6
소정,6
의한,6
채소,6
찌개,6
소보,6
차이점,6
트답,6
실질,6
익일,6
전력,6
생필,6
전주동물원,6
용무,6
철제,6
얼핏,6
탄산수,6
그늘,6
메가박스,6
돌리지,6
둔감한,6
페트병,6
피클,6
머릿결,6
파격,6
여운,6
꼭지,6
시합,6
타로,6
청주,6
보신,6
부주의,6
인자한,6
도난,6
가나다,6
자몽,6
불규칙한,6
밤샘,6
대중,6
거뜬한,6
일출,6
우천,6
물든,6
보존,6
차질,6
텀블러,6
나나,6
글씨,6
선배,6
대각선,7
간의,7
부킹,7
순서,7
쏠쏠한,7
이드,7
설렁탕,7
물짜장,7
나누기,7
파티션,7
티끌,7
사선,7
자그마한,7
낙원,7
사지,7
자로,7
장수,7
옹기종기,7
목교,7
초창,7
버거,7
퍼스트,7
코팅,7
호화롭은,7
고프은,7
유동,7
대치,7
클래식,7
일어나지,7
브러시,7
미관,7
아프리카,7
딜리,7
목련,7
기색,7
목금,7
부실,7
복권,7
유화,7
처지,7
저장,7
현혹,7
싱글룸,7
해충,7
구축,7
복층방,7
빈약한,7
거점,7
감귤,7
바싹,7
잠잠한,7
방학,7
미용실,7
제청,7
계기,7
방콕,7
이삭,7
호평,7
서나,7
경추,7
사시,7
횟수,7
레몬,7
허벅지,7
섭섭한,7
울퉁불퉁한,7
생태,7
강하,7
코카콜라,7
푸른,7
화물차,7
무상,7
전통미,7
스펜서,7
필히,7
청소년,7
구별,7
통합,7
순대,7
유발,7
로고,7
시멘트,7
심사숙고,7
균형,7
지옥,7
비상등,7
위트,7
호구,7
무니,7
비주,7
나초,7
방침,7
예비,7
구로,7
고물,7
세면장,7
오빠,7
홍삼,7
체격,7
콘푸,7
부은,7
조경이,7
굿잡,7
리노,7
저런,7
내장산,7
남원,7
관광명소,7
도넛,7
선생님,7
제격,7
하이라이트,7
슬라이딩,7
중시,7
아이디어,7
천고,7
대행,7
명불허전,7
귀걸이,7
혼밥,7
바짝,7
이용권,7
니요,7
스포,7
오직,7
슬슬,7
증거,7
테러,7
트윈실,7
이왕이면,7
당부,7
댕기,7
약과,7
행주,7
프리,7
물값,7
아줌마,7
딸도,7
기관지,7
세로,7
매끄럽은,7
금토일,7
대책,7
비바람,7
이따,7
겸비,7
가장자리,7
저온,7
선뜻,7
꼬이은,7
경도,7
박비,7
미비,7
소모,7
까칠한,7
더욱더,7
도리,7
안드로이드,7
사투리,7
로그,7
짐작,7
신세,7
방귀,7
억울한,7
소지,7
메이트,7
한자리,7
앞서,7
냉커피,7
반년,7
피곤,7
졸업,7
정읍,7
팻말,7
별당,7
월등한,7
분사,7
뽀얗은,7
층임,7
유리한,7
재작년,7
수량,7
움직임,7
일몰,7
뚝뚝,7
치명,7
지네,7
승용차,7
조점례,7
막내,7
갈증,7
툭툭,7
모멘트,7
단추,7
질리,7
우아한,7
곳일,7
식도락,7
시럽,7
체리,7
칠이,7
단언컨대,7
식품,7
삐걱거렸,7
유머러스한,7
시몬,7
불법,7
오션,7
헤이즐넛,7
그레이드,7
목조,7
보강,7
홈앤룸,7
미니스톱,7
어두컴컴한,7
설계,7
잔렉,7
시원,7
사건,7
반절,7
석류,7
마디,7
기반,7
공존,7
행거,7
윗풍,7
오일,7
마법,7
절감,7
신혼여행,7
소용없은,7
데이터,7
매점,7
염색,7
커넥팅,7
아일랜드,7
수락,7
침해,7
비적,7
레인,7
아날로그,7
서핑,7
대뜸,7
넣기,7
로우,7
오늘이,7
모닝콜,7
거듭,7
벤치,7
모자,7
연발,7
볶음밥,7
사슴,7
무표정,7
하루하루,7
젊은이,7
고려병원,7
익숙,7
유니크,7
당근,7
비상구,7
솔이,7
지금껏,7
대청,7
난국,7
박수,7
마르고,7
피해자,7
은빛,7
전산,7
정식,8
흡수,8
야구,8
흡사한,8
일인,8
개천,8
합당,8
여야,8
흐뭇한,8
난이도,8
실화,8
이신,8
영양,8
안식처,8
수신,8
약자,8
초록,8
나라,8
현명한,8
풍량,8
조그마한,8
대안,8
정자,8
가려움,8
적립금,8
엽서,8
일석이조,8
레쓰비,8
핵심,8
에티켓,8
츤데레,8
경첩,8
차림,8
특수,8
요약,8
명의,8
주네,8
최종,8
지혜,8
사랑방,8
다도,8
감겨,8
블루베리,8
동그랗은,8
창호,8
앙증맞은,8
생소한,8
둥글은,8
도록,8
반전,8
필요성,8
몰상식한,8
알갱이,8
코웨이,8
문턱,8
무용,8
장문,8
앞머리,8
정당한,8
포도,8
나른한,8
깃털,8
조언,8
실습,8
다이닝,8
문인,8
망고,8
한정식,8
아크,8
상경,8
사계절,8
셔터,8
교회,8
원점,8
이분,8
요플레,8
누운,8
가량,8
임신,8
불확실한,8
팔이,8
해지,8
지리산,8
이염,8
휴게,8
월일,8
제지,8
슬어,8
묘미,8
티켓,8
후반,8
깔개,8
당혹스럽은,8
베갯잇,8
열대야,8
윙거,8
예식장,8
구수한,8
줄줄,8
곽티슈,8
초가,8
사물함,8
감자탕,8
토이,8
세팅해,8
손글씨,8
버벅거림,8
걱정스럽은,8
소인,8
이웃,8
민들레,8
호스텔,8
신가,8
크루아상,8
난처한,8
업로드,8
구김,8
스프,8
민원,8
아라리,8
특이,8
지문,8
태교,8
돌멩이,8
대용,8
키핑,8
석식,8
전망대,8
이디야,8
우측,8
인트로,8
하나요,8
짙은,8
리도,8
끊임없은,8
콩국수,8
원만,8
가스레인지,8
정산,8
일주,8
상단,8
초보자,8
비지트,8
연예인,8
불찰,8
누나,8
켤레,8
묵직한,8
반짝반짝한,8
임의,8
실시간,8
세련,8
다짜고짜,8
가래떡,8
햇반,8
강냉이,8
장갑,8
미세,8
집사람,8
지원이,8
수도관,8
입금,8
주가,8
그다음,8
유플러스,8
전문점,8
보이시,8
요도,8
득템,8
고성,8
사무,8
알코올,8
단호,8
경보기,8
상쇄합니,8
호로,8
거림,8
공격,8
배짱,8
장담,8
창호지,8
통일,8
꺼림칙한,8
발급,8
부적합한,8
세탁물,8
부식,8
만들기,8
언성,8
칼칼한,8
안과,8
연못,8
난생,8
내의,8
깨끗,8
건축,8
머그컵,8
새까맣은,8
태블릿,8
잘해야,8
숙지,8
떡국,8
연한,8
방화,8
차키,8
이동식,8
솜씨,8
시점,8
욕설,8
다기,8
구색,8
협소할,8
역임,8
동작,8
피시,8
자판,8
러시,8
의상,8
뜻밖,8
연락처,8
만남,8
온통,8
수단,8
무인기,8
버금,8
소도,8
쓰리은,8
칠한,8
스터디,8
선수,8
고등학생,8
김제,8
헹구,8
햄버거,8
샛빛방,9
자재,9
비수,9
금빛,9
소이,9
끈적끈적한,9
미니멀룸,9
렉스,9
메이크업,9
생신,9
레버,9
호탕,9
튕겨,9
버전,9
정품,9
회식,9
황실,9
품격,9
레이나,9
마이산,9
베이,9
추구,9
거대한,9
클린,9
신사임당,9
얼음장,9
식초,9
귀중,9
인스타그램,9
압니,9
점차,9
호박죽,9
육개장,9
조미료,9
검증,9
강도,9
젠틀,9
눈물,9
경차,9
소독기,9
살충제,9
정결,9
생략,9
노트,9
필름,9
정석,9
레지던스,9
천원,9
정작,9
널리,9
이체,9
혼동,9
에이스,9
스탬프,9
결벽증,9
불면증,9
개수대,9
캐릭터,9
동기,9
구들장,9
눈길,9
자수,9
내관,9
밤하늘,9
다트,9
절대로,9
족발,9
아드님,9
정답,9
황제,9
산소,9
대우,9
나시,9
서너,9
필수품,9
폭우,9
꽃집,9
오미자차,9
전도,9
태국,9
겸용,9
망은,9
무리은,9
넷이,9
할리스커피,9
부품,9
발톱,9
웨딩홀,9
계열,9
상업,9
하나라,9
정제,9
후식,9
주장,9
금고,9
플레이어,9
단순,9
위안,9
역겹은,9
물컵,9
누렇습니,9
토박이,9
로또,9
투컴,9
경비,9
상의,9
뒤척일,9
외식,9
곰탕,9
배민,9
죄송스럽은,9
미취,9
재생,9
급작,9
주일,9
생색,9
천안,9
전쟁,9
모바일,9
각오,9
지하가,9
말랑한,9
외갓집,9
나이트,9
오천,9
용인,9
키즈룸,9
집게,9
조명등,9
수도권,9
장모님,9
승강기,9
가전,9
아두,9
경제,9
기요,9
스스로,9
증상,9
언짢은,9
더니,9
잠결,9
경상도,9
해프닝,9
덩달아,9
너덜너덜한,9
자율,9
걸레질,9
속눈썹,9
구경이,9
보너스,9
더라도,9
전가,9
이비스,9
이튿날,9
트렌디,9
어찌,9
경계,9
인후동,9
선선해지은,9
로비나,9
물탱크,9
각질,9
잔디밭,9
정정,9
반대쪽,9
공포,9
은색,9
돈값,9
북카페,9
체어,9
타도,9
경로,9
증정,9
밥상,9
친숙한,9
고요,9
멀티,9
상쇄됩니,9
밤낮,9
끼니,9
무드,9
멋대로,9
기겁,9
나란한,10
잡음,10
국민,10
엄지,10
김치찌개,10
린넨,10
상식,10
세부,10
발걸음,10
베리,10
카트,10
모녀,10
빈방,10
아동,10
호박,10
코지,10
날카롭은,10
일과,10
캔들,10
머뭄,10
펑펑,10
에스프레소,10
서류,10
동화,10
유모차,10
인지도,10
누런색,10
돌이,10
패스트푸드,10
답글,10
끔찍한,10
소울,10
연달,10
노상,10
플라스틱,10
화한,10
휠체어,10
느긋한,10
짱짱한,10
경보,10
중하,10
가신,10
전형,10
빼기,10
콘플레이크,10
어서,10
인성,10
투룸,10
촌임,10
재정,10
칙칙한,10
우수,10
강점,10
당당한,10
꽃들이,10
배수관,10
전시,10
양배추,10
대야,10
별개,10
제빙,10
빈자리,10
고스,10
통증,10
배변,10
숯불,10
신시,10
활성화,10
장애인,10
성비,10
핫초코,10
어두우,10
감지,10
치가,10
루트,10
어댑터,10
고등학교,10
아가,10
창고,10
대인,10
흠집,10
청년,10
반바지,10
호가,10
농구,10
맵은,10
스펙,10
냉골,10
후각,10
충만,10
베이커리,10
고통스럽은,10
인스타,10
빳빳,10
청구,10
수령,10
제재,10
샤인,10
상차림,10
라이터,10
소금,10
존재,10
스틱,10
호환,10
면적,10
변치,10
서툴은,10
혼란,10
스타워즈,10
너그럽은,10
카페나,10
별문제,10
단아,10
반지,10
글램핑,10
청정,10
달이,10
사나,10
조적,10
지배인,10
마룻바닥,10
게시,10
잔디,10
한층,10
산행,10
중이셔,10
전선,10
방석,10
둔한,10
순천,10
프라이팬,10
기쁨,10
온라인,10
능력,10
안방,10
흥미롭은,10
복숭아,10
살이,10
우퍼,10
쓸데없은,10
피로한,10
립스틱,10
옥방,10
정서,10
콘서트,10
시끌벅적한,10
유리컵,10
시계,10
한결,10
드네,10
향후,10
권유,10
강의,10
간결한,10
반경,10
평이한,10
어떠한,10
감고,10
립앤,10
퇴치,10
덩치,10
어울림,10
빈티,10
원목,10
거래처,10
셀카,10
망한,10
주차공간,10
솔직,10
번꼴,10
아버님,10
짜증나은,10
키보,10
귀뚜라미,10
간간이,10
운영자,10
환풍,10
실의,10
탄자니아,10
담백한,10
구두,10
실랑이,11
도대체,11
삭제,11
확률,11
로지텍,11
심신,11
알프스,11
모터,11
다해,11
날로,11
형광등,11
것이므,11
부득이,11
주간,11
주거,11
부당한,11
도장,11
화분,11
용서,11
명칭,11
폐가,11
사이사이,11
노곤,11
소방,11
감정,11
시민,11
배기,11
볼링장,11
유자청,11
조화롭은,11
자세,11
군것질,11
어두침침한,11
경향,11
조그만,11
가파르,11
올림픽,11
휴대전화,11
어중간한,11
웃음소리,11
울산,11
단어,11
체감,11
꽃자리,11
게이밍룸,11
튕기,11
신음,11
와중,11
비슷,11
유사한,11
목걸이,11
폼클렌저,11
진미,11
산책길,11
소나기,11
영국,11
짬뽕,11
순식간,11
저리,11
숙취,11
프린터,11
밤잠,11
로데오,11
재활용,11
사라,11
포차,11
공유기,11
가스,11
알바생,11
통한,11
종사,11
밤중,11
소용,11
영하,11
돈키호테,11
스페셜,11
임시,11
중국인,11
일지,11
대상,11
선한,11
중앙시장,11
눈비,11
헐겁은,11
전면,11
설날,11
미인,11
메이커,11
카라멜,11
옳은,11
주류,11
적정,11
좌석,11
시큼한,11
순환,11
화단,11
태조,11
문짝,11
런닝머신,11
정각,11
초등,11
안내소,11
뜨뜻한,11
주관,11
대회,11
인생샷,11
집의,11
인계,11
테두리,11
곳이므,11
불리,11
윈져,11
에러,11
부팅,11
단자,11
펌프,11
마룸,11
트롬,11
로스트,11
대나무,11
한산한,11
캉스,11
왠만한,11
디스크,11
고개,11
음질,11
장난감,11
고춧가루,11
물방울,11
평상시,11
공주,11
냉온,11
피씨,11
독서,11
가슴,11
덜덜,11
빙수,11
변도,11
즐비한,11
미팅,11
각지,11
이빙,11
금상첨화,11
떡갈비,11
찜질,11
중단,11
더러,11
상쇄,11
감촉,11
여가,11
내면,11
문소리,11
공장,11
돌침대,11
압박,11
초파리,11
음향,11
다다,11
인연,11
대변,11
웨이팅,11
것일,11
독한,12
차선,12
객관,12
물곰팡이,12
어딘가,12
상자,12
초록색,12
노가리,12
번지르르한,12
의지,12
독보,12
고무,12
외형,12
다과상,12
바게트,12
헬스,12
불안감,12
높낮이,12
베드로,12
목록,12
러브,12
전자,12
방울,12
그러한,12
전문가,12
미용,12
적임,12
유닉스,12
셔틀,12
가족사진,12
맞춤,12
상비약,12
앞방,12
공급,12
텐트,12
데이,12
자극,12
가능성,12
천사,12
공감,12
표지판,12
연상,12
핑크색,12
제시,12
여정,12
리무버,12
보트,12
웅웅거리,12
오른,12
물어,12
쿠팡,12
키라,12
귀신,12
돼지,12
일링,12
초등학교,12
빡빡,12
헤져,12
뚫어뻥,12
삼겹살,12
로망,12
효자동,12
미흡,12
주황색,12
비타민,12
부스럭,12
편견,12
초저녁,12
사무실,12
볼륨,12
김밥,12
목포,12
변명,12
플러그,12
은행,12
고물상,12
휴대,12
강추,12
모래내,12
스케치북,12
구스,12
제철,12
신어,12
유행,12
싱싱한,12
녹물,12
층수,12
남고,12
어디가,12
연우,12
막도,12
웨이,12
주름,12
로딩,12
온천,12
셨습,12
일절,12
상관,12
지고,12
깜깜,12
전북도청,12
살갑,12
가옥,12
두께,12
안팎,12
요일,12
마음씨,12
부디,12
시로,12
근사한,12
해외,12
프런트로,12
꼬미,12
시공,12
화재경보기,12
열차,12
서점,12
연령,12
미온수,12
꿀팁,12
냉매,12
역류,12
가지런한,12
센트,12
한계,12
스테인리스,12
정거장,12
육전,12
바라지,12
단풍,12
중년,12
트릭,12
그래픽,12
수목원,12
귀한,12
스턴,12
처가,12
두툼해,12
경쟁,13
놀란,13
제기,13
시선,13
생활용품,13
몰카,13
싫어지은,13
스탠더드,13
정전,13
탁한,13
소형,13
경찰,13
경기장,13
외할머니,13
아로마,13
계좌,13
부랴부랴,13
후진,13
전집,13
농협,13
글루건,13
바이러스,13
소독제,13
울음소리,13
미역국,13
처음처럼,13
토너,13
법도,13
방임,13
타인,13
쇼파,13
수십,13
올드,13
생리,13
자상한,13
업주,13
잠방,13
클렌,13
매뉴얼,13
상도,13
아트,13
뒷마당,13
조깅,13
장미,13
어깨,13
수수료,13
덕지덕지,13
미러링,13
극찬,13
몸살,13
바가지,13
여유도,13
속옷,13
식물,13
동물,13
기계로,13
단무지,13
글자,13
별것,13
요란한,13
머뭅니,13
트럭,13
하단,13
턴테이블,13
자유,13
칸쿤,13
호텔리어,13
민증,13
불분명,13
묵던,13
진드기,13
실만,13
밟혔습니,13
잘생기은,13
남해,13
에너지,13
무더위,13
수풀,13
불과,13
빈대,13
얼룩덜룩한,13
싼값,13
사발면,13
대접,13
오스카,13
에어비앤비,13
정중한,13
배치도,13
저수지,13
데일,13
친환경,13
이카로스,13
부티크,13
코트,13
회색,13
만이,13
헛개차,13
붙이,13
문서,13
반석,13
이사,13
벽돌,13
강조,13
할머님,13
듬뿍,13
더없이,13
양식,13
무책임한,13
차액,13
웠으,13
중순,13
혼숙,13
미성년,13
미비한,13
정숙,13
컬러,13
녹슨,13
엄두,13
약품,13
엉덩이,13
잔소리,13
열자,13
제습기,14
촌스럽은,14
소름,14
러그,14
돌담,14
스타일러스,14
충족,14
상큼,14
프린트,14
컴팩트,14
보상,14
진열,14
따님,14
작은방,14
구해,14
곳임,14
일품,14
만두,14
호출,14
거지,14
파란,14
천막,14
고택,14
물통,14
고무줄,14
다짐,14
물렁한,14
통풍,14
여름날,14
롤빗,14
금토,14
군대,14
템퍼,14
생필품,14
매진,14
평온한,14
어딘,14
어지간한,14
소등,14
박임,14
주니,14
이동성,14
담당,14
두드러기,14
다름없은,14
치맥,14
라떼,14
임실,14
동의,14
널널,14
대학생,14
번의,14
삼천동,14
박도,14
윈도우,14
아미르,14
미쁨,14
의치,14
시나,14
와우,14
긴장,14
근거리,14
지갑,14
여건,14
싸늘한,14
정장,14
간섭,14
반려동물,14
통보,14
룸임,14
간편식,14
삼박자,14
티셔츠,14
경악,14
시내버스,14
자식,14
랜드,14
인위,14
홈페이지,14
미만,14
생애,14
권장,14
상승,14
함부로,14
발레파킹,14
비리은,14
제트,14
자제,14
재차,14
접이식,14
터치,14
폴라로이드,14
과거,14
인천,14
미술관,14
홀로,14
부합,14
구획,14
폭스,14
조성,14
정기,14
이비,14
상쇄할,14
우정,14
구성은,14
구정,14
흡족한,14
클렌저,14
공해,14
진정,14
관리인,14
오리,14
그레이,14
터보,14
부정,14
미국,14
각도,15
로얄,15
주무,15
주전자,15
픽업,15
뻐근한,15
문장,15
손톱,15
야채,15
발목,15
주마,15
정시,15
이제껏,15
물살,15
냉동고,15
생생한,15
베딩,15
대학,15
애교,15
불쾌감,15
선도,15
카메라,15
간직,15
동영상,15
소가,15
근래,15
커피믹스,15
요새,15
가렵,15
스마트폰,15
시크,15
교차,15
마리나,15
여닫이,15
밴드,15
프로모션,15
허기,15
통째,15
스포츠,15
건의,15
핑계,15
전자제품,15
잡지,15
값어치,15
혁신도시,15
비실,15
더그레이,15
대하,15
시야,15
고집,15
종료,15
열선,15
억지로,15
호의,15
상해,15
친정엄마,15
나이트클럽,15
길목,15
유선,15
출구,15
제주도,15
주민,15
어지럽은,15
개성,15
가가,15
아랫목,15
파우더,15
내색,15
발달,15
이처럼,15
액체,15
성품,15
얼른,15
음량,15
대략,15
품목,15
한몫,15
취급,15
필요시,15
평수,15
큐브,15
냄비,15
오프너,15
난리,15
들뜨은,15
콩나물국,15
경찰서,15
주머니,15
과도,15
끈적거렸,15
실장,15
무리한,15
이슈,15
상응,15
답장,15
초행길,16
멉니,16
처마,16
무작정,16
고소한,16
마냥,16
종업원,16
온화한,16
희망,16
응답,16
자만,16
남다르은,16
아이템,16
적응한,16
화로,16
무한대,16
산점,16
부지런한,16
았습니,16
덕진점,16
수프,16
여서,16
어설프은,16
실루엣,16
카톡,16
성과,16
브릿지,16
뽑기,16
완산,16
모먼트,16
아기자기,16
신세계,16
어닝,16
사다리,16
덜렁,16
만석,16
실패,16
코인,16
마약,16
가나,16
오르락내리락,16
스파룸,16
즉각,16
접촉,16
불명,16
실감,16
제주,16
아중역,16
조경,16
두통,16
따갑은,16
차단기,16
호환성,16
난로,16
무늬,16
절로,16
와플,16
진작,16
달도,16
누락,16
파란색,16
치면,16
공연,16
멘트,16
재부팅,16
웨딩,16
찌린내,16
원도,16
온갖,16
매장,16
발자국,16
시커멓은,16
네스프레소,16
초인종,16
클리닝,16
덮개,16
낭비한,16
성용,16
허용,16
전화번호,16
빵집,16
트러블,16
엘도라도,16
홀아비,16
명성,16
원형,16
싸구려,16
돈벌레,16
고시원,16
저가,16
일만,16
평화롭은,16
보온,16
설마,16
다방,16
홈키,16
벽간,16
수요일,16
활기차은,17
나기,17
사생활,17
여태껏,17
수염,17
부착,17
왕복,17
골프,17
몰래,17
만듭니,17
목재,17
여느,17
합격,17
중복,17
남짓,17
감히,17
대감,17
대화면,17
근교,17
라이트,17
회용,17
소재,17
인분,17
컨트롤,17
소주,17
책임,17
빨간색,17
설거지,17
예능,17
감자,17
운동장,17
천정,17
날개,17
직후,17
장만,17
진라면,17
페리,17
인수,17
널브러져,17
글로스터,17
트리,17
테이크아웃,17
횟집,17
한가한,17
엄격한,17
셔틀버스,17
참석,17
분실,17
사랑스럽은,17
제약,17
깜박,17
시댁,17
부과,17
비밀,17
통과,17
운행,17
유아,17
환절기,17
불어,17
판도,17
갈릴,17
개장,17
뭉텅이,17
모주,17
제로,17
튜브,17
고치,17
분리수거,17
간단,17
외지,17
정면,17
하이,17
아침밥,17
으스스한,17
시르은,17
변화,17
화요일,17
로컬,17
연출,17
블루투스,17
양조장,17
쿨한,17
으뜸,17
침침한,17
단열,17
어린이,17
리얼,17
심야,17
도전,17
내용물,17
참여,17
방명록,17
부끄럽은,17
여럿,17
남천교,17
정해진,17
진출,17
한정,17
보증금,17
시각,17
소스,18
휴무,18
허름하,18
저격,18
순한,18
껍데기,18
싸움,18
무색,18
욕심,18
캠핑,18
무거워,18
에이,18
프렌즈,18
서운한,18
외벽,18
하겐다즈,18
보람,18
플랫폼,18
드라이브,18
나사,18
괴롭은,18
슬프은,18
전주향교,18
장시간,18
로그아웃,18
적나라한,18
보조,18
인덕션,18
중식,18
감영,18
투자,18
키즈,18
튀김,18
뒷문,18
분만,18
북적,18
차일,18
둥둥,18
신도시,18
가위,18
두유,18
이어도,18
수북한,18
입출,18
베테,18
서비스업,18
기념품,18
본드,18
경사,18
프로젝트,18
고성능,18
공부,18
구점,18
민폐,18
전보,18
수박,18
햇볕,18
서까래,18
기차역,18
유도,18
이어폰,18
금세,18
무려,18
따끈한,18
상담,18
게임룸,18
스케줄,18
촉박한,18
죽도,18
명도,18
무방,18
색감,18
장마,18
소독약,18
이브,18
작품,18
유흥주점,18
정해,18
고이,18
모캉스,18
자가용,18
상처,18
마일리지,18
하필,18
열악한,18
프랜차이즈,18
고심,18
타코,18
화상,18
평안한,18
불투명한,19
음침한,19
오류로,19
복귀,19
올레,19
마르지,19
토마토,19
사이드,19
어색한,19
소홀한,19
마이크,19
전라,19
확정,19
음성,19
평타,19
절차,19
색깔,19
줄눈,19
거립니,19
큼지막한,19
대학교,19
번만,19
사가,19
중학생,19
본기,19
소담,19
누울,19
중점,19
굿굿굿,19
수용,19
푸드,19
대가족,19
등산,19
칼국수,19
오락가락,19
직장인,19
초심,19
지난달,19
물리,19
먹통,19
공터,19
웅장,19
미끄럼,19
바깥쪽,19
지밀,19
외국,19
루고,19
갓길,19
불고기,19
영수증,19
화사한,19
걸음,19
나들이,19
어린이날,19
신상,19
오줌,19
열정,19
노천,20
페스,20
색상,20
키트,20
클라이너,20
낭비,20
멍하니,20
트윈베드,20
부채,20
취객,20
시원시원한,20
꿀맛,20
문틈,20
임산부,20
이점,20
주택가,20
매직,20
떡볶이,20
드라이빙,20
가이드,20
세지,20
당일치기,20
기상,20
자게,20
손상,20
야무지은,20
라디에이터,20
관계,20
조기,20
스팟,20
대구,20
스탠드,20
명품,20
가짓수,20
최대로,20
온돌룸,20
단속,20
제이,20
이로,20
거주,20
자락,20
한복집,20
조합,20
완강,20
메모,20
찻길,20
좌우,20
미처,20
후끈,20
카라반,20
무렵,20
중화,20
장난,20
만화,20
융통성,20
취해,20
덕진동,20
다수,20
친한,20
통행,20
파킹,20
상급,20
일방,20
베드룸,20
무례한,21
스토리,21
기록,21
낫다,21
긍정,21
알콩달콩,21
샷시,21
뷰티,21
진상,21
면접,21
옥임,21
누수,21
남사,21
지연,21
모드,21
목적지,21
집기,21
진안,21
애초,21
신호등,21
의도,21
외박,21
태풍,21
일치,21
담소,21
옐로우,21
손해,21
주기,21
정겨운,21
출력,21
감탄사,21
발라,21
멀티탭,21
중상,21
문제점,21
기온,21
커넥팅룸,21
회관,21
미니바,21
오물,21
집중,21
시부모,21
연세,21
먹방,21
취식,21
시즌,21
자부심,21
노크,21
도서관,21
진주,21
피우지,21
도배,21
규칙,21
알맞은,21
시체,21
낯설은,21
적도,21
지로,21
플스,21
말리,21
관심,21
남지,21
놀러와,21
경쟁력,22
반입,22
담당자,22
직기,22
지기,22
아시,22
캔커피,22
응원,22
협소해,22
계산,22
듣기,22
아메리칸,22
티백,22
아래쪽,22
혜자,22
코골,22
냉장,22
초기,22
실속,22
무릎,22
박물관,22
학생,22
대수,22
차려,22
이집,22
협탁,22
탁상,22
물가,22
눈부시은,22
폭설,22
바이크,22
바삭,22
몽블랑,22
기어,22
보유,22
천이,22
온몸,22
올리브영,22
전자기기,22
바다,22
파악,22
선정,22
보충,22
겉옷,22
전라북도,22
용변,22
숨쉬기,22
부적절한,22
곳곳이,22
불결한,22
찰밥,22
미닫이,22
덩어리,22
루엘,22
제안,22
지니,22
양념,22
가입,22
항의,22
청정기,22
속지,22
스티커,22
소비자,22
가전제품,22
재채기,22
반값,22
세면기,23
피순대,23
성의,23
외로,23
신호,23
키도,23
서든,23
붉은,23
풍도,23
결혼기념일,23
파우치,23
실패한,23
오징어,23
문밖,23
청소기,23
라서,23
실비,23
블루,23
향교,23
보라,23
문의사항,23
통틀어,23
옆쪽,23
피파,23
사이다,23
미숙,23
스태프,23
노출,23
오락실,23
행운,23
본관,23
침대보,23
차원,23
부자,23
내기,23
불친절,23
추정,23
일대,23
양옆,23
모델,23
디저트,23
오붓한,23
움직,23
인형,23
안경,23
행차,23
모닝,23
교동,23
미세한,23
피트니스,23
도청,24
동일,24
빈센트,24
개봉일,24
매월,24
당첨,24
근접,24
구름,24
재즈,24
배스,24
반영,24
탐방,24
번갈아,24
넷째,24
선명한,24
요구사항,24
배관,24
가보,24
까맣은,24
새소리,24
버세,24
기둥,24
문화,24
페브리즈,24
블랙,24
형편,24
시절,24
자물쇠,24
회복,24
레스토랑,24
규정,24
다정한,24
너무한,24
스펀지,24
빌라,24
당장,24
효과,24
비스트,24
방기,24
배그룸,24
튼튼한,24
유자차,24
그래픽카드,24
무사한,24
불멍,24
사도,24
유흥업소,24
통제,24
책자,24
개미,24
주년,24
가요,24
직장,25
수다,25
트리플,25
섭취,25
음주,25
조카,25
스팀,25
편백,25
모닝커피,25
도톰한,25
허름해,25
조심스럽은,25
일체,25
마주,25
피자,25
식이,25
더블베드,25
촉감,25
평생,25
한여름,25
링크,25
누리,25
그랜드,25
플레이스테이션,25
세탁실,25
입실로,25
매실,25
그만한,25
결혼,25
티브이,25
입맛,25
최고급,25
뒤늦은,25
이자,25
리버,25
어머님,25
갈색,25
취한,25
예매,25
블록,25
브라이튼,25
구한,25
시네마,25
백반,25
몰입,25
확신,25
여지,25
거절,25
신의,25
할아버지,25
메시지,25
소박한,25
훤히,25
최선,25
습도,25
수온,25
대리,25
거짓말,25
기름,25
차고,26
나방,26
끝판,26
갈수록,26
체인,26
모서리,26
동행,26
초코,26
초콜릿,26
풍족한,26
덕수궁,26
투성이,26
분명한,26
꼭대기,26
약도,26
일로,26
고을,26
핫팩,26
도시락,26
텐데,26
사거리,26
케이크,26
페이,26
명확한,26
양심,26
가다가,26
건전지,26
화이팅,26
선사,26
차라,26
맑은,26
만날,26
프로,26
카페트,26
소지품,26
다운로드,26
납득,26
탈취,26
옥수수,26
세미,26
염려,26
성은,26
발전,26
옛스럽은,26
앞뒤,27
리조트,27
전인,27
료칸,27
보호,27
변동,27
열기,27
체모,27
리스트,27
전구,27
검은색,27
수많은,27
유입,27
웃음,27
시리은,27
시외,27
손질,27
소문,27
구식,27
사체,27
방울토마토,27
적응,27
제법,27
바지,27
바스,27
서서,27
찌꺼기,27
넘버,27
상하,27
상이,27
영향,27
애플,27
말로,27
전일,27
체인점,27
오거,27
스카이,27
개수,27
불투명,27
동전주,28
풍구,28
손길,28
반면,28
판이,28
개념,28
아이스커피,28
지경,28
한빛,28
반신,28
수영,28
모처럼,28
당구,28
고구마,28
유무,28
역사,28
성공한,28
데이즈,28
소화,28
안정,28
두루,28
주저,28
반려견,28
당구대,28
액자,28
포켓볼,28
단정한,28
익산,28
하천,28
용기,28
반말,28
갤러리,28
패스,28
자취,28
콜라,28
버드,28
강제,28
원인,28
착오,28
방송,28
이외,28
만끽,29
윈저,29
의견,29
내지,29
장비,29
너머,29
거렸습,29
일자,29
나이스,29
끝방,29
국수,29
계시,29
연루,29
족욕,29
봉투,29
바베큐,29
수동,29
이득,29
관계자,29
목요일,29
화재,29
대고,29
폭염,29
어이없은,29
프레임,29
세제,29
핏자국,29
역할,29
주소,29
장마철,29
중산,29
비상,29
방수,29
소란,29
본체,29
유리창,29
플레인,29
숙박업,29
브런치,29
케어,29
잔치국수,29
벚꽃,29
자리은,30
밝기,30
소통,30
하라,30
안타깝은,30
적지,30
가드,30
소모품,30
지구,30
숟가락,30
큰일,30
최저,30
제과,30
가죽,30
더머뭄,30
성도,30
하우스,30
비위생적,30
양도,30
담요,30
노을,30
두기,30
자매,30
당분간,30
일상,30
이상은,30
지루한,30
카카오,30
고깃집,30
제발,30
바퀴,30
휴게실,30
정책,30
후문,30
툇마루,30
편리,30
틈새,31
잔잔한,31
테이프,31
자부,31
아웃,31
배경,31
케이스,31
면서,31
소식,31
생맥주,31
적정한,31
앞마당,31
오디,31
경관,31
미담,31
게임방,31
행동,31
일도,31
재사용,31
지적,31
하드,31
오른쪽,31
착용,31
부재,31
누룽지,31
몇몇,31
피어,31
완주,31
한기,31
비만,31
즐거움,32
전문,32
대만,32
접속,32
독립,32
요리,32
상호,32
산뜻한,32
만난,32
천국,32
근접한,32
디테일,32
야자,32
겉모습,32
런가,32
웨리단길,32
차지,32
스낵,32
이해해,32
알바,32
끝쪽,32
접시,32
구형,32
중형,32
다이소,32
인디고,32
정성껏,32
간판,32
선선,32
최소한,32
토방,32
플레이,32
마땅한,32
즉석,32
불필요한,32
중국집,32
여름철,32
안정감,32
정가,32
재료,32
박스,32
크림,32
조각,32
마스터,32
투명한,32
축축한,32
해장,32
패딩,32
껍질,32
현지,32
용감,33
개업,33
자녀,33
세븐일레븐,33
진한,33
유독,33
옆집,33
학교,33
거부,33
표기,33
마땅치,33
푸근한,33
와이프,33
중요시,33
끝내주은,33
부럽은,33
전환,33
시대,33
개조,33
두툼,33
업소,33
귀가,33
탄탄한,33
기절,33
반대편,33
망치,33
메모리,33
스프레이,33
뻣뻣한,33
하얀색,33
바구니,33
병과,33
우려,33
도미,33
일본,33
미닫이문,33
토리,33
오피스텔,33
아르바이트생,33
모기향,33
성당,33
파이팅,34
콸콸,34
예상외,34
초과,34
손색,34
두시,34
정리정돈,34
조정,34
부족,34
하층,34
일정한,34
늘품,34
네이버,34
대체,34
단장,34
경주,34
왼쪽,34
퀘퀘,34
장치,34
특색,34
옥도,34
상주,34
뒤척,34
에프킬라,34
조화,34
알림,34
검사,34
인터폰,34
미터,34
여독,34
만화방,35
지급,35
국제,35
제나,35
둘레길,35
토퍼,35
서늘한,35
완벽,35
전동,35
세기,35
절반,35
별자리,35
내야,35
무시,35
리기,35
협소했,35
오토바이,35
대표,35
투명,35
한결같은,35
풍년,35
샘플,35
가로,35
진정한,35
확보,35
환대,35
자신,35
잠옷,35
상품,35
사방,36
비롯,36
행복,36
모양,36
일일이,36
최강,36
고여,36
여니,36
모래,36
받침,36
단둘,36
보아,36
구장,36
설비,36
쿠키,36
위생용품,36
낮잠,36
깊이,36
완산구,36
운전자,36
반납,36
해소,36
위쪽,36
와인잔,36
혼잡한,36
프라이버시,36
상점,36
칼튼힐,37
노후한,37
도나,37
물바다,37
연기,37
드릴,37
위험,37
오해,37
피드백,37
박만,37
층별,37
가습기,37
직전,37
요소,37
반대,37
겉보기,37
반지하,37
커플룸,37
노란색,37
건조기,37
성공,37
가림,37
압도,37
실외,37
주택,37
업데이트,37
간만,37
예의,37
과장,37
메이,37
번잡,37
장단점,37
용이,37
실용,37
다빈,37
관할,37
환영,37
은근,37
뿌리,37
약국,38
도중,38
녹차,38
비염,38
슈퍼,38
친척,38
빙기,38
사고,38
황태,38
배터리,38
분실물,38
국내,38
향수,38
썰렁한,38
사람과,38
여수,38
넓이,38
공짜,38
소풍,38
세안,38
놀이,38
절약,38
스킨로션,39
정체,39
시급한,39
거치,39
간편,39
외투,39
레일바이크,39
공유,39
차별,39
기침,39
이보,39
삼성,39
곤란한,39
반응,39
듯이,39
보송한,39
물줄기,39
나오니,39
꽃심,39
전신,39
휴일,39
신한,39
기사,39
세팅,39
후끈한,39
호불호,39
치즈,39
주행,39
상대,39
자정,39
워치,40
가든,40
흔한,40
취사,40
수저,40
발코니,40
에이치,40
서랍,40
달콤한,40
롯데리아,40
오버,40
고지,40
말르은,40
공동,40
부가,40
허름,40
고도,40
이하,40
드라이,40
미치은,40
종이,40
입력,40
한파,40
배고프은,40
종합,40
의심스럽은,40
첨부,40
사이트,40
차비,40
차례,41
렸습,41
구입,41
즉흥,41
원대,41
촬영,41
메리트,41
도어,41
덕진,41
아빠,41
고요한,41
조심,41
잠귀,41
타임,41
기재,41
불도,41
내비게이션,41
변색,41
표정,41
손수,41
담뱃재,41
집밥,41
기원,41
뿌듯한,41
관람,41
광주,41
특급,41
위아래,41
파티룸,41
최소,41
기구,41
세척,41
방안,41
피하,41
어쨌든,42
아버지,42
안주,42
헤븐,42
인식,42
모꼬지,42
리셉션,42
민박,42
지정,42
신지,42
초입,42
요가,42
블로그,42
복판,42
트리트먼트,42
드뭅니,42
희은,42
내년,42
페인트,42
낯선,42
재질,42
세수,42
센터,42
아파트,42
통로,42
핸드,42
냉기,42
아이스티,42
자쿠,42
보장,42
봉지,42
상시,43
셋톱박스,43
주전부리,43
고속도로,43
기약,43
불가,43
그네,43
밀봉,43
굳은,43
무선,43
벽화,43
후회되은,43
도어락,43
절기,43
기만,43
기적,43
예술,43
상위,43
기념일,43
아늑호텔,43
누우,43
리뉴,43
어수선한,43
물소,43
광장,43
귀마개,43
극장,43
클렌징폼,43
화장지,43
교환,43
어보,43
다이슨,43
명과,43
활짝,44
상치,44
김치,44
부엌,44
졸졸,44
전달,44
케이블,44
아무렇은,44
앞쪽,44
애정,44
수납,44
이색,44
시험,44
신발장,44
특징,44
그게,44
비록,44
위로,44
단순한,44
하나로,44
스위트,44
출입구,44
대옥,44
광고,44
지속,44
미세먼지,44
누런,44
수제,45
방치,45
황토,45
블루원,45
게스트,45
대학가,45
악취,45
독촉,45
출입,45
칸막이,45
주중,45
문과,45
인증,45
친근한,45
나이,45
믿음,45
따끈따끈한,45
무뚝뚝한,45
우산도,46
그다지,46
용량,46
갈비,46
만약,46
알람,46
가루,46
보송보송한,46
언니,46
프린스,46
송천동,46
무덥은,46
디테,46
가닥,46
새집,46
흥건,46
등급,46
도저히,46
당시,46
튀어,46
동물원,47
투나잇,47
대문,47
고리,47
활동,47
젤리,47
센서,47
안전,47
홍보,47
초반,47
한옥호텔,47
겨울철,47
연말,47
세스코,47
소변,47
이건,47
낭만,47
여사,47
간접,47
옷장,47
익숙한,48
자동차,48
닌텐도,48
보안,48
발렛파킹,48
이제야,48
제한,48
친정,48
현상,48
럭셔리,48
방지,48
채광,48
안성맞춤,48
측면,48
산이,48
물병,48
별다르은,48
별채,48
상상,48
유흥,48
수정,48
식기,48
명시,48
무제한,48
저절로,48
금지,49
매년,49
어차피,49
이중창,49
자전거,49
정이,49
철저한,49
각자,49
마음대로,49
무드등,49
최애,49
수도꼭지,49
이동해,50
레이,50
비지,50
복불복,50
재떨이,50
배그,50
유연제,50
대답,50
흡연실,50
형식,50
다락,50
조리,50
전이,50
사기,50
차분한,50
오라,50
하자,50
군산,50
초보,50
마개,50
축제,51
공휴일,51
한지,51
한겨울,51
래서,51
요기,51
버터,51
축구,51
한눈,51
불평,51
걸레,51
노랗은,51
성한,51
알레르기,51
뻑뻑,51
점점,51
설레은,51
출입문,51
속상한,51
순위,52
해바라기,52
간지럽은,52
유통,52
영상,52
빨갛은,52
반신반의,52
건조,52
단단한,52
주점,52
반투명,52
감각,52
오렌지,52
해장국,52
가정,52
여행자,52
금연룸,52
카마,52
풍기,52
리가,52
헷갈리은,52
뭉치,52
판단,52
자연,53
편백나무,53
큰길,53
취침,53
왓챠,53
간이,53
오래오래,53
만족감,53
리필,53
효율,53
가맥집,53
장도,53
어도,53
유의,53
갑오,53
횡단보도,53
애인,53
프로그램,53
특정,53
손가락,53
정문,53
토스터,53
기한,54
자라,54
최적화,54
라며,54
레이스,54
단독,54
정성스럽은,54
형성,54
방인,54
대면,54
실컷,54
살균,54
본점,54
잔뜩,54
국물,54
외진,54
신라,54
소중한,55
창틀,55
버스정류장,55
안녕한,55
부실한,55
찜찜한,55
쿰쿰한,55
밥집,55
연애,55
용법,55
가시,55
다운,55
비어,55
훈훈한,55
질문,55
군데군데,55
신규,55
불안정한,55
지지,55
충실한,55
발바닥,55
섬유,56
양해,56
그릇,56
안고,56
할리스,56
전기포트,56
굿굿,56
당한,56
표현,56
라마,56
여인숙,56
신중한,56
기류,57
정착,57
이기,57
주도,57
폭신,57
잡기,57
장식,57
윗방,57
창가,57
포토,57
신뢰,57
밉은,57
일이,58
전경,58
지붕,58
서신동,58
웃풍,58
무척,58
캡슐,58
누군가,58
단계,58
덕진구,58
방금,58
스크린,58
클렌징,58
다과,58
신분증,58
나니,59
적용,59
포트,59
신나은,59
오류,59
언급,59
까다롭은,59
풍남문,59
아이폰,59
모임,59
정감,59
직업,59
초등학생,59
프렌드,59
이중문,59
추후,59
구도,59
더위,59
제어,60
의아,60
무언가,60
전북대학교,60
아늑,60
라베,60
비빔밥,60
실과,60
개도,60
쉰내,60
벽면,60
완비,60
전라도,60
오락,60
물티슈,60
현관문,60
위주,60
회원,61
여태,61
게임기,61
인심,61
퇴근,61
쓰시,61
케이,61
연동,61
브랜드,61
샐러드,61
유쾌한,61
큼직한,61
바스락,61
라인,61
고향,61
커다랗은,61
대의,61
출출한,61
마침,61
탁구,62
단지,62
길거리,62
정신,62
인장,62
잠금장치,62
착각,62
의심,62
오목,62
교육,62
딸아이,62
스마트,62
계절,62
분명,62
패드,62
간격,62
온기,62
전주천,63
지상,63
그날,63
전후,63
전화기,63
실물,63
완료,63
무겁은,63
원두,64
가운데,64
텔레비전,64
배부르은,64
대학로,64
와인,64
입지,64
성격,64
최상급,64
댓글,64
그동안,64
여러분,65
딱이은,65
애견,65
놀랍은,65
잠기,65
아이디,65
동시,65
기쁘은,65
판매,65
가동,65
건강,65
덜한,65
한실,65
사서,65
다가,65
꼽자,65
출근,66
매니저,66
멋있은,66
널찍한,66
지나,66
인정,66
동료,66
배웅,66
남녀,66
시오,66
비밀번호,66
비닐,66
드물은,66
뒤쪽,66
관리자,66
산책로,66
안도,66
구역,67
매달,67
거미,67
자쿠지,67
어이,67
믹스,67
우드,67
추석,67
간혹,67
찜질방,68
요거트,68
향기롭은,68
용도,68
아이스,68
라임,68
도심,68
피해,68
에코,68
꾸준한,68
코앞,68
난장,68
콘텐츠,68
물놀이,68
시간대,69
라운지,69
인과,69
통창,69
고기,69
선착순,69
개봉,69
중인,69
부스러기,69
대전,69
둘러보기,69
점심,69
의류,69
이즈,69
편도,70
헬스장,70
세탁기,70
오니,70
건가,70
난감한,70
평균,70
방역,70
문구,70
현금,70
정겹은,70
기운,71
중심부,71
소요,71
세상,71
연방,71
스위치,71
호스,71
화장품,71
금암동,71
호스트,71
한가운데,72
식혜,72
차도,72
형태,72
물씬,72
싱크대,72
택배,72
목소리,72
그림,72
고풍,72
어르신,72
로만,73
흑임자,73
패키지,73
나가야,73
블룸,73
자랑,73
달빛,73
전과,74
맨발,74
군더더기,74
향초,74
정확한,74
이부자리,74
습기,74
만하,74
그거,74
프로젝터,74
커피숍,74
옵션,74
웨스턴,75
히든,75
과정,75
냉수,75
환상,75
월요일,75
수전,75
명절,75
대단한,75
방값,75
냉동,75
장사,75
쓰레기통,76
휴지통,76
티슈,76
선반,76
감수,76
마르은,76
둘이서,76
카누,76
점수,76
흰색,76
버블,76
우산,76
황당한,76
도시,76
이용자,76
자도,76
보수,77
파리,77
원룸,77
부산,77
전주시,77
본인,77
빨래,77
결혼식,77
자차,77
누렇,78
외곽,78
슬러시,78
마시기,78
개입,78
한숨,78
리뉴얼,78
햇살,78
최대한,78
정취,78
전북,79
조작,79
쉬기,79
병원,79
가치,79
시도,79
스프링,79
마중,79
신랑,79
제휴,79
복잡한,80
중심지,80
공지,80
작업,80
유명,80
달걀,81
집도,81
컨디셔너,81
풍년제,81
사탕,81
정비,81
접근,81
호수,81
수월한,81
블라인드,81
영화제,82
영업,82
축하,82
건너,82
제도,82
지난주,82
각각,82
바비큐,82
걷기,82
분과,82
관광객,82
조건,83
플렉스,83
양말,83
일어나서,83
사용자,83
규모,83
거려,83
쾌쾌,83
불량,84
차서,84
헤어드라이어,84
행사,84
대도,84
엄청나은,84
게이,84
콘돔,84
쇼핑,84
신설,84
오자,84
테라,84
신속한,85
반한,85
평가,85
베스트,85
근무,85
양쪽,85
별빛,85
헤드셋,85
대리석,85
비대,85
충격,85
가라,86
홈플러스,86
음식물,86
양치,86
타입,86
마찬가지,86
등록,86
생일,86
인도,86
필터,86
해당,87
부담스럽은,87
즉시,87
한쪽,87
못지않은,87
투썸,87
솔솔,87
웨이브,87
티비,87
협소합니,87
보완,88
운동,88
실로,88
결론,88
재촉,88
입퇴실,88
사랑,88
얼마나,88
허락,88
방해,88
한국,88
말소리,89
미소,89
오신,89
오스,89
헤어,89
파손,89
인포,89
피부,90
젓가락,90
여직원,90
수구,90
사운드,90
마인드,90
무슨,90
꽁초,90
여분,90
진동,90
어른,90
신해,91
아지트,91
필수,91
서로,91
상냥한,91
간편한,91
다락방,92
반찬,92
신고,92
손잡이,92
드링크,92
전기차,92
사소한,92
포기,92
카펫,92
사정,92
수면,93
개월,93
신청,93
장기,93
적립,94
풀이,94
아마,94
맥도날드,94
길가,94
회사,94
기존,94
풍부한,95
베란다,95
생활,95
실리콘,95
배틀,96
하운드,96
문도,96
국밥집,96
기타,96
패밀리,97
올해,97
동선,97
식구,97
라텍스,97
파티,97
워낙,97
카페테리아,97
탁월한,98
부근,98
눅눅한,98
드라이어,98
상가,98
지원,98
웠습,98
환한,98
불빛,99
옥뷰,99
지난,99
막상,99
준수,99
콘셉트,99
차라리,99
하얗은,99
꽃잠,100
검은,100
코너,100
스피커,100
약속,100
방문객,100
역대,101
동생,101
우풍,101
단체,101
겨우,101
주지,101
활용,101
기념,101
지리,101
구조도,101
지점,101
뷔페,102
미안한,102
부탁,102
데리,102
소독,102
냉방,103
뒤편,103
세월,103
화려한,103
새해,103
세트,103
대충,103
위너,104
요구르트,104
번호,104
시국,104
반드시,104
감상,105
창밖,105
불만족,105
최대,105
이마트,105
유료,105
고속,105
주문,106
두껍은,106
하늘,106
너비,106
경치,106
전원,107
리지,107
여행지,107
반복,107
남성,107
퀴퀴한,108
재미,108
유일한,108
눈치,108
테마,109
색다르은,109
심심한,109
위험한,109
스트레스,109
한마디,109
관련,110
기기,110
뭔가,110
노력,110
유흥가,110
마음껏,110
춥다,110
퓨저,110
나은,110
설정,110
조만간,111
불가한,111
현관,111
야간,111
날짜,111
통화,112
수가,112
투어,112
명소,113
이러한,113
말투,113
노트북,113
품질,113
일행,113
코스,113
산정동,113
높이,114
쓰기,114
자꾸,114
가을,114
재밌은,115
마감,115
단연,115
미지근한,115
찍기,115
뚜껑,115
향기도,115
게다가,115
작년,115
옥집,116
다리,116
전동성당,116
의미,116
면도,116
취향,116
캐리어,116
구멍,116
찬물,116
마사지,117
쩐내,117
거품,117
일부러,118
아래층,118
스타벅스,118
현대,118
외국인,118
대처,119
나위,119
정상,119
섬세한,119
뚜벅,119
라운드,119
소소한,120
아예,120
구분,120
기차,120
스위트룸,121
대기,121
가방,121
진짜,121
려고,121
포인트,121
얘기,121
볼일,121
골목길,121
매너,121
독채,122
오염,122
번은,122
싫어한,122
별관,122
인프라,122
주로,122
마우스,123
개운한,123
롯데,123
식당가,123
코드,123
차단,123
계정,123
인생,124
자지,124
베드,125
표시,125
락스,125
수기,125
삐걱,125
핸드폰,126
전통,126
로서,126
진행,126
국밥,127
가능,127
현장,127
넘치은,127
지장,127
컨셉,127
방충,127
인기,127
경기,128
면봉,128
헤드,128
루나,129
고생,129
대응,129
인용,129
자판기,129
뿐이은,129
혜택,130
출발,130
치킨,130
종이컵,130
낙후,130
방만,130
만화책,131
자유롭은,131
각종,131
우아동,131
현재,132
연결한,132
고가,132
고층,132
구석,132
렌즈,132
고맙은,133
추한,133
플러스,133
방식,133
상쾌한,133
첫인상,133
노래,133
햇빛,133
레트로,133
이중,134
대중교통,134
만원,134
구가,134
맞은편,134
시골,134
상관없은,135
사전,135
크리스마스,135
열쇠,135
바깥,135
식탁,135
시기,136
밀집,136
옥상,136
깜빡,136
여관,136
내일,137
티빙,137
가득,137
이미지,137
안이,137
무리,137
한식,137
심각한,138
로그인,138
분도,138
진입,138
공원,139
목욕탕,139
스킨,140
신관,140
안전한,141
칭찬,141
한적한,142
구석구석,142
면도기,142
신발,143
원활한,144
풀기,144
주방,144
평이,144
엉망,144
심해,145
속도,145
제거,145
운전,145
메뉴,146
화질,146
불안한,146
불만,146
심지어,146
유명한,146
스마일,147
동반,147
방법,147
영화관,147
상세,147
개방,148
불량한,148
이용도,149
클럽,149
딸기,149
미니,150
고급,150
뽀송뽀송한,150
연속,150
아메리카노,151
숙박시설,152
바쁘은,152
박하,152
가세,152
번거롭은,152
발렛,152
장거리,153
아내,153
화이트,153
실수,153
부대,153
히터,154
한강,154
목적,154
굉장한,155
랜덤,155
잡고,155
짜증,155
백화점,155
불가능한,156
업체,156
생기,156
쿠션,157
거미줄,157
어플,157
보드,158
불편,158
취하,158
일부,159
잘되지,160
누가,160
싱글,160
메인,160
자서,161
가야,161
음악,162
시티,163
전용,163
연식,163
버튼,164
화가,164
마루,164
젊은,164
채널,164
정류장,164
위층,165
시가,165
사업,166
얇은,166
환불,166
지은,166
일요일,166
아들,166
고정,167
선물,167
룸서비스,168
신선한,168
조치,168
보드게임,169
정갈한,169
메이드,169
강아지,170
입욕,170
선호,171
실행,172
비뉴,172
진심,172
갑작스럽은,172
두운,174
데이트,174
길이,174
탁자,174
깜짝,174
의문,175
주의,175
종일,175
이내,176
신식,176
지불,176
건너편,176
어려움,176
트윈,177
감탄,177
답변,177
프라이,177
민망한,177
운치,177
다행,177
무한,177
환풍기,178
마트,178
타지,178
더한,178
빨르은,178
요구,179
굳이,179
매력,179
타일,180
배치,180
여부,180
전등,180
남아,181
물기,181
지방,181
단위,181
애매한,181
호캉스,181
쉽은,182
자세한,183
딱한,183
바나나,184
전부,184
성인,184
폼클렌징,184
은은한,184
인접,184
거나,184
도구,185
당연한,186
독특한,186
천한,186
준특실,187
할머니,187
더블,187
고양이,187
가구,188
마무리,188
얼굴,188
태도,189
한참,189
외풍,190
감기,190
그때,191
초코파이,191
사과,191
적절한,191
알차은,191
소개,191
시외버스,191
마치,192
드라이브인,192
귀찮은,192
늦잠,192
바퀴벌레,193
취약,194
인치,194
호실,195
추위,195
주요,196
보시,196
안심,196
건강한,198
상권,198
야식,198
무인,198
목욕,198
대화,198
인지,199
이서,199
흔쾌한,200
주어,200
쓰레기,201
기간,201
드라마,202
아저씨,203
결정,204
며칠,204
전망,204
입장,204
점검,206
부드럽은,206
군데,206
기와,206
편안함,206
쌀쌀한,207
타고,207
근방,207
취소,207
프리미엄,208
최적,208
보이지,210
모니터,211
오지,211
아무,212
반갑은,212
취할,212
금요일,213
상황,213
여기저기,214
토요일,215
가볍은,215
대박,215
책상,216
밤늦은,217
사실,218
어머니,218
황금,219
커피포트,220
기능,221
이면,221
오전,221
모시,222
거실,222
첫날,222
심플,224
구성,225
세면,225
스탠다드,225
멀리,226
전기,227
정성,227
순간,229
야외,229
우수한,229
마스크,230
신하,230
멋지은,230
수리,230
협소하,230
일주일,231
우유,231
평점,232
용이한,232
스낵바,232
허리,233
다행한,233
루프,234
휴가,234
아래,235
디즈니,235
엄마,236
보지,236
싫은,237
협소,239
예상,240
발생,241
스타일,241
시마,241
감안,241
전국,241
공영,243
막걸리,243
혹시,243
야경,243
물질,244
한복,245
방향,245
대체로,245
부부,245
서도,246
인텔,246
특가,246
연장,246
아쉬움,246
소품,246
벽지,247
무섭은,247
휴대폰,248
절대,249
벌써,249
포장,250
기계,250
별도,251
고속버스,251
여성,252
인원,253
유리,254
변한,254
짧은,254
궁금한,256
자동,256
기전,257
체적,257
구매,258
대가,259
자국,259
안쪽,259
공사,261
체험,261
풍경,262
사우나,264
끼리,264
비즈니스,265
잠깐,266
통해,266
안락한,266
콩나물,267
작성,267
힘드은,267
만점,268
배수,268
연인,268
중앙,270
뻔한,270
모던,270
나무,271
세련되은,272
내외,272
세탁,272
착한,273
선풍기,274
전날,277
잘못,277
오기,278
똑같은,278
수영장,279
제품,279
동네,279
도도,280
외출,280
작고,281
완전한,281
특이한,281
어제,281
계단,281
드레서,282
차이,282
건조한,282
정원,282
주스,283
사이,283
미끄럽은,284
솔직한,285
밤새,285
대신,285
모습,286
머신,286
펜션,287
평소,287
부스,288
빵빵,288
옛날,290
맥주,292
습한,293
로션,293
이후,293
중이,293
시스템,294
지난번,294
하수,295
민감한,295
설치은,296
스테이,297
에어,297
마련,297
특유,297
여행객,298
세고,298
중문,298
셀프,299
포함,301
이모,302
가득한,302
침실,302
장님,303
처리,304
곳곳,305
물건,305
검색,307
서울,307
저번,308
느리은,308
야시장,308
자마자,308
대형,309
웰컴,309
장소,310
시작,310
걸이,310
충전,310
도움,311
인사,311
콘센트,312
종류,317
장판,317
브라운,318
죄송한,319
조명도,319
해도,320
비누,320
부담,320
결제,320
수고,321
연휴,321
트윈룸,321
볼거리,321
기준,322
타월,322
정보,323
개별,324
오시,324
맞이,325
확실한,325
물때,325
카드,327
꼼꼼한,328
가까이,329
컵라면,329
화면,329
대부분,331
주위,332
남편,332
든든한,334
노래방,335
흔적,335
디럭스,335
중심,335
신기한,335
비용,335
이벤트,336
부족함,336
휴지,338
강력한,338
달리,339
금방,340
아깝은,341
이상한,342
비슷한,343
월풀,343
마지막,344
인터넷,347
이만,349
가도,351
시리얼,354
실망,357
아기,357
동일한,359
특성,360
사이즈,360
화장,362
데스크,363
이야기,363
뽀송한,364
진공,364
얼음,364
웬만한,366
당일,371
디자인,371
흠잡은,372
간다,374
내내,375
슬리퍼,376
변경,377
샌드위치,378
사모님,378
어떻은,379
한잔,379
평범한,380
매일,380
소파,381
지인,381
보관,382
최상,383
모로,384
지저분한,385
말씀,385
과자,386
와이파이,386
코로나,389
깊은,390
오히려,393
업무,393
특별한,395
이름,396
뜨끈한,396
마리,397
퀄리티,400
실망한,401
종종,402
유용한,404
후회,404
차로,404
계란,406
온돌,407
금액,409
잠자리,409
지도,413
사항,414
복층,415
이해,417
최신,417
감성,417
대여,418
나머지,418
미흡한,420
객사,421
상당한,421
적극,427
중화산동,429
커버,432
예전,438
벌레,438
적합한,439
전북대,439
발견,439
여름,439
교통,440
대한,441
온돌방,443
도로,444
실제,445
뛰어나은,446
낮은,449
방바닥,449
먼저,453
테라스,454
흡연,455
주신,456
식빵,456
향기,458
운영,458
수도,459
귀엽은,460
보이,461
비도,462
일정,463
고려,464
중간,469
성능,469
팝콘,470
유지,474
원래,475
특실,476
공기,478
딱딱한,480
강한,481
얼룩,483
합리,484
아중,485
원한,487
휴식,489
잠도,490
계획,492
점도,494
버스,494
인근,495
매트,499
쿠폰,500
객리,501
문자,501
아름답은,503
번화가,507
여자,508
설치,509
고객,511
유튜브,512
오후,512
이제,512
환경,513
모기,513
부모님,514
공용,515
양호,515
갑자기,517
남부,518
투숙,526
아프은,527
센스,528
만족도,528
술집,529
피곤한,529
이틀,531
먹기,533
차량,539
정돈,541
최근,542
완전,545
천장,546
바람,547
여전한,548
자리,552
자기,553
요금,555
일회용,555
비교,556
정수기,559
어둡은,560
연락,561
부탁드리은,562
힐링,562
실한,566
커플,567
예민한,571
전화한,572
찝찝한,572
우선,578
워시,578
박한,579
숙면,580
물품,583
길은,585
나중,587
고급스럽은,589
반실,591
일반,593
기대한,594
한번,598
마당,599
남자,601
커튼,602
택시,606
달라,607
아기자기한,612
찾기,612
의향,613
숙박업소,613
리모컨,617
차갑은,619
사양,620
경험,621
산책,627
재미있은,627
이전,628
골목,630
음료수,632
금연,633
필요,633
해주시,633
감사,636
시장,636
지하,637
애용,637
잠시,638
음식점,641
게스트하우스,641
해결,641
치약,643
거울,643
전자레인지,644
아담한,647
시내,649
행복한,654
이유,655
남자친구,656
관광지,656
곰팡이,657
지금,662
수준,666
계시은,667
지역,669
피로,669
머리,669
겨울,673
세심,678
하룻밤,679
관광,679
일회용품,683
불구,685
일단,687
보통,688
불친절한,690
린스,691
문의,691
연결,692
답답한,693
그대로,694
개선,694
당황,697
카페,699
낡은,700
스럽은,701
단골,702
대해,703
고민,711
오픈,712
기도,712
생수,712
곳도,713
중요한,717
시트,719
구조,720
얼마,729
인상,731
위해,732
기회,738
외부,738
용품,740
가끔,740
여자친구,753
할인,758
보기,765
요즘,766
최악,769
불쾌한,772
만족,772
프론트,772
비데,780
정리,781
구경,783
시가지,785
배정,788
칫솔,792
조절,796
아이스크림,804
보일러,805
포근한,808
교체,809
아주머니,814
더럽은,814
과일,818
멀은,820
배달,824
크게,848
샤워실,851
참고,856
가게,856
다르은,857
제일,858
배려,858
꿀잠,868
여유,871
살짝,871
환기,887
방과,888
가기,910
뜨겁은,913
간식,914
거의,915
설명,932
친절,939
기대,939
편입,942
체크아웃,942
평일,945
추억,945
손님,948
인한,954
위생,970
옆방,977
빠르은,984
노후,985
드라이기,988
이상,994
감동,999
전주역,1002
충전기,1008
입구,1008
확인,1011
무조건,1013
기억,1022
비싸은,1023
개인,1029
테이블,1031
바디,1033
더욱,1035
고장,1037
이렇은,1037
직접,1042
스파,1043
기본,1047
분리,1069
변기,1071
동안,1076
무난,1078
힘들은,1078
혼자,1085
다양한,1086
날씨,1089
어렵은,1097
공기청정기,1099
새롭은,1100
조명,1105
식사,1127
복도,1129
곱은,1135
음식,1136
가운,1138
샴푸,1148
좋아한,1162
엘리베이터,1166
부족한,1171
외관,1173
먹거리,1178
시청,1182
실내,1197
미리,1198
매트리스,1199
비치,1202
온도,1205
추가,1214
오늘,1214
전화,1229
별로,1229
영화,1233
충분한,1258
음료,1258
새벽,1272
단점,1301
편이,1306
크기,1309
일찍,1315
요청,1317
덥은,1319
편의,1325
어메니티,1327
장점,1338
주말,1351
신축,1362
저녁,1363
간단한,1364
온수,1367
제외,1382
프런트,1384
무료,1405
주시,1410
게임,1412
베개,1418
라면,1420
시끄럽은,1427
로비,1463
세면대,1483
높은,1489
듭니,1499
친구,1537
약한,1554
완벽한,1557
먼지,1571
이동,1579
역시,1592
사람,1636
후기,1659
토스트,1663
머리카락,1663
식당,1680
매번,1694
적당한,1701
묵고,1704
도보,1707
보고,1739
리뷰,1739
비품,1750
급한,1761
창문,1761
시원한,1776
즐겁은,1777
준비,1783
가면,1795
전혀,1801
자고,1803
안마,1815
도착,1823
나쁘은,1907
걱정,1907
번창,1912
주인,1933
안내,1951
계속,1952
심한,1959
춥은,1971
선택,1994
강력,1997
여러,2011
냉장고,2011
전기장판,2013
아이,2033
작동,2041
퇴실,2046
작은,2080
모델링,2080
응대,2092
커서,2101
좁은,2107
구비,2133
약간,2140
맛집,2160
가족,2177
난방,2219
카운터,2223
의자,2252
커피,2258
접근성,2267
터미널,2294
체크,2351
넉넉한,2366
소음,2395
아늑한,2398
때문,2410
오래되은,2447
업그레이드,2485
이번,2507
필요한,2516
건물,2521
분위기,2530
관리,2619
신경,2683
훌륭한,2684
이불,2791
전반,2792
입실,2818
전체,2819
아주,2833
소리,2913
다소,2949
푹신한,2954
제공,2963
하루,2973
느낌,3047
바닥,3229
샤워,3240
에어컨,3301
덕분,3302
예정,3382
수건,3460
가능한,3462
내부,3511
쾌적한,3528
예쁘은,3649
사진,3705
거리,3717
인테리어,3731
맛있은,3749
의사,3761
모든,3802
공간,3834
아침,3895
가장,3904
편의점,3907
컨디션,3933
스타,4038
컴퓨터,4145
넷플릭스,4265
수압,4339
욕실,4504
욕조,4523
기분,4551
서비스,4560
처음,4753
마음,4789
담배,4814
방음,4868
근처,4949
사용,5005
모텔,5382
대비,5392
정도,5447
조용한,5701
다만,5840
숙박,5971
청소,6044
다른,6110
생각,6115
청결,6204
침구,6389
불편한,6469
출장,6481
호텔,6616
주변,6766
상태,6860
가깝은,7124
시간,7168
조식,7285
편리한,7413
방도,7659
만족스럽은,7730
주차장,7736
자주,7811
주차,7884
청결한,7906
예약,7937
여행,8041
모두,8105
추천,8217
다시,8253
많은,8799
아쉽은,8906
항상,8957
편한,8983
직원,9081
냄새,9178
저렴한,9437
위치,9474
최고,9602
가성,9606
마을,10134
만족한,10326
침대,10358
괜찮은,10595
따뜻한,11408
화장실,11688
객실,12883
편안한,13522
넓은,14106
가격,15875
다음,18170
숙소,19493
시설,20372
전주,21414
방문,22283
깔끔한,27844
깨끗한,36021
친절한,42640
매우,49051
좋은,102235
