숙소명,상위키워드
라한호텔 전주,"['좋다', '있다', '마을', '호텔', '전주', '위치', '친절하다', '숙소', '수영장', '조식']"
베스트웨스턴 플러스 전주 호텔,"['좋다', '있다', '호텔', '전주', '마을', '깔끔하다', '숙소', '깨끗하다', '친절하다', '객실']"
솔 호텔,"['좋다', '있다', '깨끗하다', '친절하다', '깔끔하다', '숙소', '시설', '전주', '직원', '호텔']"
완주 스페이스셔틀 전주,"['좋다', '있다', '친절하다', '다음', '시설', '깔끔하다', '숙소', '일단', '개인', '상태']"
전주 관광호텔,"['좋다', '있다', '침대', '가격', '친절하다', '위치', '가성', '전주', '시설', '숙소']"
전주 노이 호텔,"['좋다', '있다', '깨끗하다', '친절하다', '따조', '숙소', '주차장', '깔끔하다', '넓다', '항상']"
전주 더케이,"['좋다', '있다', '깨끗하다', '친절하다', '깔끔하다', '시설', '아주', '다음', '가성', '스타']"
전주 라베 호텔,"['좋다', '있다', '깨끗하다', '조식', '전주', '친절하다', '숙소', '다음', '깔끔하다', '객실']"
전주 마리 덕진공원점,"['좋다', '있다', '깨끗하다', '깔끔하다', '친절하다', '따조', '시설', '숙소', '방문', '편하다']"
전주 마리 터미널점,"['좋다', '있다', '깨끗하다', '깔끔하다', '시설', '친절하다', '전주', '숙소', '만족하다', '넓다']"
전주 브라운도트 덕진점,"['좋다', '있다', '깨끗하다', '깔끔하다', '넓다', '친절하다', '브라운', '객실', '방문', '시설']"
전주 브라운도트 아중지구점,"['좋다', '있다', '깨끗하다', '숙소', '전주', '출장', '깔끔하다', '친절하다', '편하다', '방문']"
전주 브라운도트 중화산동점,"['좋다', '있다', '깔끔하다', '깨끗하다', '친절하다', '전주', '출장', '베리', '편하다', '숙소']"
전주 브라이튼 호텔,"['좋다', '있다', '깨끗하다', '친절하다', '전주', '숙소', '깔끔하다', '조식', '출장', '편하다']"
전주 비지트 호텔,"['좋다', '있다', '깨끗하다', '친절하다', '침대', '숙소', '깔끔하다', '편하다', '전주', '만족하다']"
전주 스마일,"['좋다', '있다', '깨끗하다', '깔끔하다', '시설', '친절하다', '넓다', '객실', '편하다', '시간']"
전주 스타 호텔,"['좋다', '있다', '친절하다', '깨끗하다', '깔끔하다', '숙소', '객실', '냄새', '편하다', '괜찮다']"
전주 시그니처 호텔,"['좋다', '있다', '깨끗하다', '호텔', '스타', '객실', '전주', '친절하다', '전주역', '조식']"
전주 씨투,"['좋다', '있다', '깔끔하다', '깨끗하다', '시설', '넓다', '친절하다', '화장실', '편하다', '전주']"
전주 아늑료칸호텔 전주점,"['좋다', '있다', '숙소', '시설', '친절하다', '편하다', '오픈', '컨디션', '추천', '다음']"
전주 아늑호텔,"['좋다', '있다', '숙소', '깨끗하다', '전주', '친절하다', '깔끔하다', '편하다', '방문', '호텔']"
전주 에이치에비뉴,"['좋다', '있다', '깨끗하다', '깔끔하다', '친절하다', '숙소', '전주', '침대', '라면', '방문']"
전주 에이치에비뉴 덕진점,"['좋다', '있다', '깨끗하다', '친절하다', '깔끔하다', '숙소', '전주', '직원', '편하다', '출장']"
전주 와이케이,"['좋다', '있다', '깔끔하다', '깨끗하다', '친절하다', '시설', '항상', '위치', '편하다', '방문']"
전주 윈져,"['좋다', '있다', '깨끗하다', '친절하다', '깔끔하다', '시설', '가격', '괜찮다', '시간', '가성']"
전주 이둔호텔,"['좋다', '있다', '조식', '깨끗하다', '깔끔하다', '편하다', '숙소', '친절하다', '호텔', '시설']"
전주 이야기펜션,"['있다', '좋다', '펜션', '친절하다', '깨끗하다', '바비큐', '전주', '편하다', '다음', '숙소']"
전주 이츠호텔,"['좋다', '있다', '깨끗하다', '깔끔하다', '친절하다', '숙소', '시설', '전주', '가격', '스타']"
전주 전주한옥마을점,"['좋다', '있다', '숙소', '깔끔하다', '위치', '친절하다', '편하다', '냄새', '깨끗하다', '객사']"
전주 제이즈호텔,"['좋다', '있다', '친절하다', '가격', '깨끗하다', '깔끔하다', '시설', '티브이', '대비', '편하다']"
전주 큐,"['좋다', '있다', '친절하다', '깨끗하다', '가격', '시설', '깔끔하다', '가성', '편하다', '전주']"
전주 테라호텔,"['좋다', '있다', '넓다', '깨끗하다', '친절하다', '컴퓨터', '숙소', '편하다', '화장실', '자주']"
전주 투썸호텔,"['좋다', '있다', '깨끗하다', '친절하다', '깔끔하다', '넓다', '주차장', '편하다', '객실', '시설']"
전주 프린스,"['좋다', '있다', '친절하다', '깨끗하다', '가격', '편하다', '숙소', '깔끔하다', '편의점', '가성']"
전주 하운드호텔 전주아중지구,"['좋다', '있다', '깨끗하다', '친절하다', '깔끔하다', '방문', '호텔', '객실', '숙소', '시설']"
전주 하운드호텔 터미널점,"['좋다', '있다', '깔끔하다', '전주', '친절하다', '터미널', '깨끗하다', '숙소', '방문', '다음']"
전주 호텔 늘,"['좋다', '있다', '깨끗하다', '친절하다', '깔끔하다', '시설', '숙소', '편하다', '객실', '자주']"
전주 호텔 시그니처,"['좋다', '있다', '깨끗하다', '친절하다', '전주', '깔끔하다', '숙소', '편하다', '티브이', '시설']"
전주 호텔 써밋스테이,"['좋다', '있다', '깨끗하다', '친절하다', '넓다', '숙소', '전주', '깔끔하다', '객실', '방문']"
전주 호텔 어반스테이아중점,"['좋다', '있다', '숙소', '깨끗하다', '깔끔하다', '친절하다', '조식', '전주', '방문', '시설']"
전주 호텔레이나구 전주 소풍,"['좋다', '있다', '친절하다', '깨끗하다', '숙소', '가격', '가성', '넓다', '시설', '깔끔하다']"
전주 호텔루고,"['좋다', '있다', '깨끗하다', '친절하다', '깔끔하다', '숙소', '전주', '침대', '직원', '객실']"
전주 호텔모아,"['좋다', '있다', '친절하다', '숙소', '깨끗하다', '시설', '시가지', '깔끔하다', '가격', '객실']"
전주 호텔사운즈,"['좋다', '있다', '깨끗하다', '깔끔하다', '숙소', '자주', '저렴하다', '전주', '가성', '다음']"
전주 호텔아이,"['좋다', '있다', '넓다', '숙소', '전주', '깔끔하다', '깨끗하다', '호텔', '객실', '편하다']"
전주 호텔아지트 서신롯데점,"['좋다', '있다', '깨끗하다', '깔끔하다', '친절하다', '숙소', '편하다', '객실', '시설', '전주']"
전주 호텔아지트 신시가지점,"['좋다', '있다', '깨끗하다', '깔끔하다', '넓다', '숙소', '편하다', '시가지', '시설', '전주']"
전주 화이트호텔,"['좋다', '있다', '깨끗하다', '조식', '친절하다', '전주', '깔끔하다', '편하다', '객실', '냄새']"
전주 히든호텔,"['좋다', '있다', '친절하다', '깨끗하다', '깔끔하다', '시설', '넓다', '가격', '다음', '편하다']"
호텔 토랑 전주,"['좋다', '있다', '룸서비스', '깨끗하다', '전주', '깔끔하다', '음식', '방문', '편하다', '객실']"
