name,src
전주 비지니스 호텔 궁,http://image.goodchoice.kr/resize_1280x1024/adimg_new/2647/2701/4559476a7f0bd189ea926cbfef6eabf4.jpg
글로스터호텔 전주,http://image.goodchoice.kr/resize_1280x1024/affiliate/2023/12/26/658a587e6682e.jpg
신라스테이 전주 한옥마을,http://image.goodchoice.kr/resize_1280x1024/affiliate/2024/07/01/668263deac4dc.jpg
전주 투썸스테이중화산점,http://image.goodchoice.kr/resize_1280x1024/adimg_new/49629/565373/3f221ca928830e9837cc6bd80ccf6071.jpg
전주 MH HOTEL 중화산동점,http://image.goodchoice.kr/resize_1280x1024/adimg_new/54353/427206/ea7e05166e3808a46d58dff96c547b8f.jpg
전주 MH HOTEL 객리단길점,http://image.goodchoice.kr/resize_1280x1024/adimg_new/67125/361204/b1cfe69ba7d1aafa9efdc1ad74ed47a4.jpg
전주 투썸스테이서신점,http://image.goodchoice.kr/resize_1280x1024/adimg_new/3199/506887/af4a985ba3c6349230843f1f8e17878b.jpg
전주 브라운도트 덕진점,http://image.goodchoice.kr/resize_1280x1024/adimg_new/67734/369256/b983659eb0c5d03202a6368bda9018a8.jpg
전주 노이 호텔,http://image.goodchoice.kr/resize_1280x1024/adimg_new/4751/27753/f0b14eadc9a8fc7e7bc382552ef80c32.jpg
라한호텔 전주,http://image.goodchoice.kr/resize_1280x1024/affiliate/2025/05/31/683a6338a1609.jpg
전주 마리 덕진공원점,http://image.goodchoice.kr/resize_1280x1024/adimg_new/51592/151252/1789a9adb91944d3bbddc1d6eb44fe0d.jpg
전주 시그니처 호텔,http://image.goodchoice.kr/resize_1280x1024/affiliate/2023/08/17/64ddd24eda6e8.jpg
전주 아늑료칸호텔 전주점,http://image.goodchoice.kr/resize_1280x1024/adimg_new/83415/27491/ebcc212878b39077a2fb4ec988f9a9cd.jpg
전주 더케이,http://image.goodchoice.kr/resize_1280x1024/adimg_new/64667/296809/1a3581fc100bed243c8e37d4cd593ac3.jpg
전주 호텔박스한옥마을 아중리점,http://image.goodchoice.kr/resize_1280x1024/adimg_new/45880/6919/106e4193be1ea246fbba0e5a5eeb2728.jpg
전주 호텔아지트 신시가지점,http://image.goodchoice.kr/resize_1280x1024/adimg_new/66858/406074/b120f135595efd47cde48f5ad2f0c07a.jpg
전주 호텔모아,http://image.goodchoice.kr/resize_1280x1024/adimg_new/3219/670833/3f325ba52730d88b13c55470f579cafa.jpg
전주 브라운도트 아중지구점,http://image.goodchoice.kr/resize_1280x1024/adimg_new/5246/5358/47acdd17e0847b0e9bd9e6cc9d4e5a2d.jpg
전주 호텔레이나구 전주 소풍,http://image.goodchoice.kr/resize_1280x1024/adimg_new/1197/529648/9428832e16cae523a74a11559f3f0628.JPG
전주 Q큐,http://image.goodchoice.kr/resize_1280x1024/adimg_new/3554/277705/58dd76692dafb95191968a36c31f22e1.jpg
전주 하운드호텔 전주아중지구,http://image.goodchoice.kr/resize_1280x1024/adimg_new/48725/634925/3ee09042bff0d24cb6362351551438df.jpg
전주 YAJA전주한옥마을점,http://image.goodchoice.kr/resize_1280x1024/adimg_new/73006/486133/9a12406395760550705ef8be10850b2a.jpg
전주 호텔 써밋스테이,http://image.goodchoice.kr/resize_1280x1024/adimg_new/3198/4027/6d5e0933f07360ba8c4d6c654d618982.jpg
베스트웨스턴 플러스 전주 호텔,http://image.goodchoice.kr/resize_1280x1024/affiliate/2025/06/08/684552119bebb.jpg
전주 아늑호텔,http://image.goodchoice.kr/resize_1280x1024/adimg_new/3851/3959/c9bec2863bf66670e8c26a817b3ab2f7.jpeg
전주 호텔루고RUGO,http://image.goodchoice.kr/resize_1280x1024/adimg_new/3821/3912/39709d802cacb3b7b28883af2aaccaf9.jpg
전주 호텔 시그니처Signature,http://image.goodchoice.kr/resize_1280x1024/adimg_new/70568/444202/2d8dd7d9aaa55f6245010c8f7a6f9d4b.jpg
전주 호텔아지트 서신롯데점,http://image.goodchoice.kr/resize_1280x1024/adimg_new/66319/423860/70dfeeba571f06344b67da9f95105fc1.jpg
전주 호텔 어반스테이아중점,http://image.goodchoice.kr/resize_1280x1024/adimg_new/2479/80990/ed2ef9127ef21f0580d459e3ab2148d1.jpg
전주 제이즈호텔,http://image.goodchoice.kr/resize_1280x1024/adimg_new/6029/37035/b6fae092bb64b46a1baa1de926fc1f9b.jpg
전주 화이트호텔,http://image.goodchoice.kr/resize_1280x1024/adimg_new/69154/19518/7c288c28355830e35ef9413c142a5058.jpg
전주 스마일,http://image.goodchoice.kr/resize_1280x1024/adimg_new/5499/33025/84295447020272499a737c0fc102aff3.jpg
전주 와이케이,http://image.goodchoice.kr/resize_1280x1024/adimg_new/56910/199326/80e59f3c2ba074dda68b0006bce584b8.jpg
전주 에이치에비뉴HAVENUE,http://image.goodchoice.kr/resize_1280x1024/adimg_new/2648/495544/2db8bd7b4483cbb8f9b9129ed72368b2.jpg
전주 스타 호텔,http://image.goodchoice.kr/resize_1280x1024/adimg_new/63896/283948/17de4f81929c491b52db87bcbd3fc3e4.jpg
전주 윈져,http://image.goodchoice.kr/resize_1280x1024/adimg_new/6051/37180/01f299315fe7e6ec3e4ae72b5175640a.jpg
전주 테라호텔,http://image.goodchoice.kr/resize_1280x1024/adimg_new/45420/349097/7213e5d917ecaa73bc234a8c7f9a468a.jpg
전주 이츠호텔,http://image.goodchoice.kr/resize_1280x1024/adimg_new/57812/210223/e50c34c1b49c626dff263b506acfd773.jpg
전주 하운드호텔 터미널점,http://image.goodchoice.kr/resize_1280x1024/adimg_new/68938/622418/346e0e408c99e0d719ce72f13d9ef241.jpg
전주 브라이튼 호텔BRIGHTEN,http://image.goodchoice.kr/resize_1280x1024/adimg_new/4980/690324/4ffdeb4d441d163669f06f4c6077d867.jpg
전주 씨투,http://image.goodchoice.kr/resize_1280x1024/adimg_new/4146/135773/ce13b0817cd1da02fc3fe78c6f85a557.jpg
전주 히든호텔,http://image.goodchoice.kr/resize_1280x1024/adimg_new/1177/275694/f733c3f441a4745b79ab1882fbf13527.jpg
전주 이야기펜션,http://image.goodchoice.kr/resize_1280x1024/affiliate/2025/06/10/6847d81c8990f.jpg
전주 에이치에비뉴 덕진점,http://image.goodchoice.kr/resize_1280x1024/adimg_new/1182/493/b56bec3f07984300f96e632fbd5d49ab.jpg
전주 라베 호텔,http://image.goodchoice.kr/resize_1280x1024/adimg_new/3555/4229/135c5cc383905146ad429dc5b810c06b.jpg
전주 이츠호텔,http://image.goodchoice.kr/resize_1280x1024/adimg_new/2486/637705/6661d84a495b4353506405beee922e13.jpg
전주 호텔 늘,http://image.goodchoice.kr/resize_1280x1024/adimg_new/45946/486701/0cbc467ee06e43dde44297b516b6fa02.jpg
솔 호텔,http://image.goodchoice.kr/resize_1280x1024/affiliate/2024/04/08/66136e3ce78a6.jpg
전주 HOTEL SOUNDS 호텔사운즈,http://image.goodchoice.kr/resize_1280x1024/adimg_new/5626/502081/6f1efdeec4e17d698351d0b3da5ea501.jpg
전주 마리 터미널점,http://image.goodchoice.kr/resize_1280x1024/adimg_new/51981/8515/35bacd34b9dd0a70b01fd5619710c4af.jpg
전주 투썸호텔,http://image.goodchoice.kr/resize_1280x1024/adimg_new/58327/682889/518a00b2968668bf51261a935dfe0163.jpg
전주 프린스,http://image.goodchoice.kr/resize_1280x1024/adimg_new/12488/462380/9b127424639aee5847144c3a3eca8b3c.jpg
전주 관광호텔,http://image.goodchoice.kr/resize_1280x1024/adimg_new/5961/6293/eeb7ffc7c7c8624a6e3ca4e22692a0f7.jpg
호텔 토랑 전주,http://image.goodchoice.kr/resize_1280x1024/affiliate/2023/08/10/64d49277b6886.jpg
전주 브라운도트 중화산동점,http://image.goodchoice.kr/resize_1280x1024/adimg_new/5107/437066/361e6f29bc5e2b761fbdb175fcbf0668.jpg
전주 비지트 호텔VIZIT HOTEL,http://image.goodchoice.kr/resize_1280x1024/adimg_new/55619/202417/e5ed4d454a4f564c50842eb390938b6d.jpg
전주 호텔아이,http://image.goodchoice.kr/resize_1280x1024/adimg_new/3201/542085/f54d5e8647a5616246c0479eb5df3767.jpg
전주 호텔다빈,http://image.goodchoice.kr/resize_1280x1024/adimg_new/81227/26637/830796f74c499edb887f6a23f3841d1c.jpg
전주 코자자,http://image.goodchoice.kr/resize_1280x1024/adimg_new/1812/504380/a5e86947f5c5cb168037410604bfdea8.jpg
전주 한옥마을 비하녹,http://image.goodchoice.kr/resize_1280x1024/affiliate/2023/11/14/17/dae40d0b-9fd9-45e8-9b4f-b67c9fee971d-original.jpg
전주 필모텔,http://image.goodchoice.kr/resize_1280x1024/adimg_new/4612/554652/c546a641348e6b0c73b63aa1ad54f5fb.jpg
전주 라온 호텔,http://image.goodchoice.kr/resize_1280x1024/adimg_new/46294/682929/4c9491273432515699b33acb3134c778.jpeg
전주 스테이 호텔(stay family),http://image.goodchoice.kr/resize_1280x1024/affiliate/2025/03/21/67dccbd8864d8.jpg
전주 위너,http://image.goodchoice.kr/resize_1280x1024/adimg_new/4149/191873/f48d3d28223d2de1ea55eceee6780a02.jpg
전주 호텔폭스FOX 2.0,http://image.goodchoice.kr/resize_1280x1024/adimg_new/3586/3654/e0645f82e2d61840165bfc6cbe6ffc09.jpg
전주 하운드호텔덕진점,http://image.goodchoice.kr/resize_1280x1024/adimg_new/2047/1352/ccdd46cfcdd299fc75c923e3bee97544.jpg
전주 넘버25 NO.25 산정점,http://image.goodchoice.kr/resize_1280x1024/adimg_new/3889/3986/66a50a8dec9ea93bc67d27e4fd5ce06a.jpg
전주 브라운도트전주터미널점,http://image.goodchoice.kr/resize_1280x1024/adimg_new/3850/3957/eb3b08fc8b5b3f79a6ef52cf8a76866c.jpg
전주 호텔루나,http://image.goodchoice.kr/resize_1280x1024/adimg_new/4561/587980/b99445ea9c9807dbaa921195544893a6.jpg
전주 다온호텔,http://image.goodchoice.kr/resize_1280x1024/affiliate/2024/10/07/6703986e6b6d1.jpg
전주 호텔 더 빈센트,http://image.goodchoice.kr/resize_1280x1024/affiliate/2023/12/30/658fd48cb6935.jpg
전주 어썸호텔,http://image.goodchoice.kr/resize_1280x1024/adimg_new/51935/618688/418e658890836e46c5a1276d71d401de.jpg
전주 루이호텔,http://image.goodchoice.kr/resize_1280x1024/adimg_new/65450/314640/e27aa06e0ad275600cd8daa78323b90d.jpg
전주 호텔젠,http://image.goodchoice.kr/resize_1280x1024/adimg_new/1178/6562/bb6378c8e9e8f5f5b6d65c5a248ab945.jpg
전주 호텔젠,http://image.goodchoice.kr/resize_1280x1024/adimg_new/74044/532225/67577e5e16404fa3975ba8811ebb73b9.jpg
전주 화려한외출2,http://image.goodchoice.kr/resize_1280x1024/adimg_new/6147/213261/b7d0ec1d8c4d3b15e38f8f44c48acadd.jpg
전주 소소한 한옥,http://image.goodchoice.kr/resize_1280x1024/adimg_new/73277/0/625510d2c0f5973bc5b3b0c34497f086.jpg
전주 제이브라운,http://image.goodchoice.kr/resize_1280x1024/adimg_new/73258/23496/c8daab83d950d2cf1cdb02a77d47363f.jpg
전주 호텔 달빛소리 드라이브인,http://image.goodchoice.kr/resize_1280x1024/adimg_new/51796/339867/ea4fc67a0338e96bfb68c88d31548d5c.jpg
전주 더그레이호텔,http://image.goodchoice.kr/resize_1280x1024/adimg_new/61376/10317/8095f10a06f8ff61017120e59ff2a082.jpg
전주 칸,http://image.goodchoice.kr/resize_1280x1024/adimg_new/1189/155150/6708ab21c4046737c24814b3cfefd091.jpg
전주 엘도라도,http://image.goodchoice.kr/resize_1280x1024/adimg_new/3025/314016/eac146bbe326c37fca903ba47cfe767d.jpg
전주 데이나이스,http://image.goodchoice.kr/resize_1280x1024/adimg_new/78120/575906/60bbb57c59ad70b10ac322aedba34226.jpg
전주 쿡,http://image.goodchoice.kr/resize_1280x1024/adimg_new/4910/336304/e59067524ca393ffc423e1e3d2e0967f.jpg
전주 에코스테이 호텔,http://image.goodchoice.kr/resize_1280x1024/adimg_new/56537/195299/42d584eb5091a9eb9f2f000cab78829f.jpg
라한호텔 전주,http://image.goodchoice.kr/resize_1280x1024/affiliate/2025/05/23/68301f0fa00f3.jpg
전주 황금,http://image.goodchoice.kr/resize_1280x1024/adimg_new/5429/32542/5219abab28c421ee6f9949d21f492871.jpg
전주 호텔루나,http://image.goodchoice.kr/resize_1280x1024/adimg_new/60300/308764/5969684264caab903b54eaa38a39e432.jpg
전주 풍남가족호텔,http://image.goodchoice.kr/resize_1280x1024/affiliate/2024/12/03/674ea568c58b4.jpg
전주 호텔유,http://image.goodchoice.kr/resize_1280x1024/adimg_new/4484/630225/d7f64a1dc6e8e10e4e8657f4716fb79f.jpg
전주 료칸호텔엣지,http://image.goodchoice.kr/resize_1280x1024/adimg_new/1196/507/667eae8a51743a5f5190a02b6c7131df.JPG
전주 카누KANU,http://image.goodchoice.kr/resize_1280x1024/adimg_new/45526/106230/0821fc6e7e43f68003b45360d4ac1b1d.jpg
전주 카마호텔,http://image.goodchoice.kr/resize_1280x1024/adimg_new/61671/505378/a6e79fc9337b8fd7bf001b1007ec34f3.png
전주 카마호텔,http://image.goodchoice.kr/resize_1280x1024/affiliate/2019/11/27/5dddd80e61bde.jpg
전주 루엘호텔 덕진공원 본점,http://image.goodchoice.kr/resize_1280x1024/affiliate/2023/12/05/656ef156b8cc3.jpg
전주 칼튼 힐 호텔,http://image.goodchoice.kr/resize_1280x1024/adimg_new/64685/297463/c93c3cb652025e9d24198abe04a8d53d.jpg
전주 후,http://image.goodchoice.kr/resize_1280x1024/adimg_new/3194/348795/8c4f1f941df19c5709759b25d548218b.jpg
전주 타임 호텔,http://image.goodchoice.kr/resize_1280x1024/adimg_new/77482/558213/35995a53795ac97201d5bddb65ad4954.jpg
전주 스테이노트,http://image.goodchoice.kr/resize_1280x1024/affiliate/2025/05/23/683011ac21679.jpg
전주 애플모텔,http://image.goodchoice.kr/resize_1280x1024/adimg_new/74977/521090/68e6dfbc12685430812bc9fa94cc6018.jpg
전주 한옥호텔 궁,http://image.goodchoice.kr/resize_1280x1024/adimg_new/5114/698729/356e0d44c13749988fe890134729766c.jpg
전주 MH HOTEL 객리단길점,http://image.goodchoice.kr/resize_1280x1024/affiliate/2023/01/18/63c73b4f13bb7.jpg
전주 플렉스호텔,http://image.goodchoice.kr/resize_1280x1024/adimg_new/67138/354025/7ecbd7992b9536eaadb62bacb15dc0e5.jpg
이비스 스타일 앰배서더 전주,http://image.goodchoice.kr/resize_1280x1024/affiliate/2025/03/24/67e109664f814.png
전주 한옥마을 별빛궁,http://image.goodchoice.kr/resize_1280x1024/adimg_new/66940/0/7d9a052d80b8277b33f7bd89e51d667e.jpg
전주한옥호텔 태조궁,http://image.goodchoice.kr/resize_1280x1024/affiliate/2024/09/13/66e3d5e1b5cae.jpg
전주 호텔야자 전주터미널점,http://image.goodchoice.kr/resize_1280x1024/adimg_new/1186/497/61f9f53926d3f99afd3671fbb26837be.jpg
전주 스페셜,http://image.goodchoice.kr/resize_1280x1024/adimg_new/65125/350064/c45af720dc04b8474662e2b0f61cc6ae.jpg
호텔 바라한,http://image.goodchoice.kr/resize_1280x1024/affiliate/2022/07/06/62c4d642db8bb.jpg
엔브릿지 호텔,http://image.goodchoice.kr/resize_1280x1024/affiliate/2018/07/06/5b3eb851a4842.jpg
전주 몽블랑,http://image.goodchoice.kr/resize_1280x1024/adimg_new/75859/536550/d7889683cc5420352ea55bd485ab9a1a.jpg
전주 한옥마을 한지꿀잠,http://image.goodchoice.kr/resize_1280x1024/affiliate/2024/02/22/65d6c493e4719.png
전주 에비뉴호텔,http://image.goodchoice.kr/resize_1280x1024/adimg_new/4849/28225/2e7f0754ea9b023a7b36d57c0223c65b.jpg
전주 핀앤핏하우스,http://image.goodchoice.kr/resize_1280x1024/adimg_new/54575/176679/91d3ddc8441b2bb0e3136b71ac6a58e2.jpg
전주 한옥마을 인디고,http://image.goodchoice.kr/resize_1280x1024/adimg_new/74711/0/6f9464612b0673455493c2516aeb19c8.jpeg
전주 메이드HOTEL MADE,http://image.goodchoice.kr/resize_1280x1024/adimg_new/1187/498/19ba9c8190f1fd052a4e3f64511d9667.jpg
전주 아늑료칸호텔 전주점,http://image.goodchoice.kr/resize_1280x1024/affiliate/2023/12/26/658a59a1655c6.jpg
전주 그랜드힐스턴호텔,http://image.goodchoice.kr/resize_1280x1024/affiliate/2018/11/26/5bfb59b272214.jpg
전주 POP,http://image.goodchoice.kr/resize_1280x1024/adimg_new/3200/210025/cf8f67f979aa9cf3675dea20db4ef7d3.jpg
전주 한옥마을 한옥미담,http://image.goodchoice.kr/resize_1280x1024/adimg_new/56810/0/0db772f79193b92583500e4a712e1f4a.jpg
전주 더그레이호텔,http://image.goodchoice.kr/resize_1280x1024/affiliate/2016/06/01/574e6fba4efd2.jpg
전주 호텔야자 중화산점,http://image.goodchoice.kr/resize_1280x1024/adimg_new/13091/667873/fc174f367e3011c163c5e4391e085e42.jpg
전주 한옥마을 한옥고택 고을,http://image.goodchoice.kr/resize_1280x1024/adimg_new/75570/0/01f373b5efa76cd0ba6750bbfd03f173.jpg
전주 호텔야자 중화산점,http://image.goodchoice.kr/resize_1280x1024/affiliate/2023/01/18/63c750d547553.jpg
에이치에비뉴 덕진점,http://image.goodchoice.kr/resize_1280x1024/affiliate/2025/04/07/67f37e53679f8.jpg
전주 왕의지밀 한옥호텔,http://image.goodchoice.kr/resize_1280x1024/affiliate/2023/02/15/63ec88c8bcae4.jpg
전주 릴렉스호텔,http://image.goodchoice.kr/resize_1280x1024/adimg_new/5551/502234/1169f5e1ff4da26052b5c43b81a81693.jpg
전주 코아,http://image.goodchoice.kr/resize_1280x1024/adimg_new/53542/171854/098ee876194083b845a312266b0c1138.jpg
전주한옥마을 독채 덕수궁 별관,http://image.goodchoice.kr/resize_1280x1024/affiliate/2024/07/29/66a720e3d3bb2.jpg
전주 엘림호텔,http://image.goodchoice.kr/resize_1280x1024/adimg_new/59114/227518/e090080dc30666a9f255d1586efa5de9.jpg
전주 화이트호텔,http://image.goodchoice.kr/resize_1280x1024/affiliate/2019/09/18/5d81c12f7e650.jpg
전주 투헤븐,http://image.goodchoice.kr/resize_1280x1024/adimg_new/4852/517057/8a00ef8cce9d84cf8e74493678b7b190.jpg
전주 아미르,http://image.goodchoice.kr/resize_1280x1024/adimg_new/2489/471146/86f94182c761ffc2385c174d326b6d35.jpg
전주 관광호텔 꽃심,http://image.goodchoice.kr/resize_1280x1024/affiliate/2021/10/06/615d4f6736825.jpg
전주 돈키호테 드라이브인 무인텔,http://image.goodchoice.kr/resize_1280x1024/adimg_new/70321/515080/300bfc2eb1e1312158f39a3fc400bb8c.jpg
전주 MOMENT708,http://image.goodchoice.kr/resize_1280x1024/adimg_new/47114/7372/be8a7df97b9d9d1bcefea7cdec0b9e11.jpg
호텔 아라리,http://image.goodchoice.kr/resize_1280x1024/affiliate/2025/06/12/684a57163def6.jpg
전주 구름채 게스트하우스,http://image.goodchoice.kr/resize_1280x1024/adimg_new/67613/0/d1b77a33746c677484f24537ca661966.jpg
전주 다온호텔,http://image.goodchoice.kr/resize_1280x1024/affiliate/2024/03/05/65e6c4f861822.jpg
전주 이츠호텔,http://image.goodchoice.kr/resize_1280x1024/affiliate/2024/11/20/673d309dc66c9.jpg
전주 라임 호텔HOTEL LIME,http://image.goodchoice.kr/resize_1280x1024/adimg_new/4538/4724/6c4269cd1c1b58d1f5aab0dbcb1ba5d4.jpg
전주 감스테이,http://image.goodchoice.kr/resize_1280x1024/adimg_new/69185/409021/e2e873d2a72ceadc081cab1431b7ab2e.jpg
전주 한옥마을 골목길 게스트하우스,http://image.goodchoice.kr/resize_1280x1024/adimg_new/11540/0/3758c4c983c8d7162c584dd3ac26bae2.jpg
전주 한옥 몽유화원,http://image.goodchoice.kr/resize_1280x1024/adimg_new/46330/0/9885f5ad19627c5cd028ff246b2171ff.jpg
전주 테라호텔,http://image.goodchoice.kr/resize_1280x1024/affiliate/2025/05/19/682ae853c2b82.jpg
전주 에이플러스,http://image.goodchoice.kr/resize_1280x1024/adimg_new/1198/113777/72e392fd98a6530c8a873374990d408c.jpg
전주 한옥마을 꽃잠,http://image.goodchoice.kr/resize_1280x1024/adimg_new/11310/0/9c4cb87df1567cf1f56edab2a54527c3.jpg
전주 Stay 테오리아,http://image.goodchoice.kr/resize_1280x1024/affiliate/2023/05/30/11/b6de6c39-ddab-46c3-9b98-29aedc91e48a-original.jpg
전주 인트로 호텔,http://image.goodchoice.kr/resize_1280x1024/adimg_new/63793/282187/f917ec6ad1ff69bd2b6ea9c78f00f563.jpg
전주 라베 호텔,http://image.goodchoice.kr/resize_1280x1024/affiliate/2022/02/18/620f02b0be40e.jpg
전주한옥마을 독채 덕수궁,http://image.goodchoice.kr/resize_1280x1024/adimg_new/70007/0/d67484761e5a97043746d6b03be3c8d0.jpg
재즈 어라운드 관광 호텔,http://image.goodchoice.kr/resize_1280x1024/affiliate/2024/09/03/66d69551a5866.jpg
전주 서로 한옥펜션,http://image.goodchoice.kr/resize_1280x1024/affiliate/2025/01/10/12/1991fef1-fb09-4e30-80e7-23881842bcc2-original.jpg
전주한옥마을 연우당,http://image.goodchoice.kr/resize_1280x1024/adimg_new/69849/0/746618d38d22c09a5d9e48c3403da9ce.jpg
늘품호텔,http://image.goodchoice.kr/resize_1280x1024/affiliate/2020/07/07/5f03d7274d68e.jpg
전주 스토리,http://image.goodchoice.kr/resize_1280x1024/adimg_new/5237/31288/dbe63966582482e3cc769d36616df0bc.jpg
전주한옥마을 하늘기와,http://image.goodchoice.kr/resize_1280x1024/adimg_new/82036/0/2faffc6cbcb2d5ecbc43459f57eab0b7.png
전주 타미호텔TOMMY HOTEL,http://image.goodchoice.kr/resize_1280x1024/adimg_new/2048/334380/1e1b6ea51d44e00d99a3c03d5a6a3686.jpg
전주 호텔아지트 신시가지점,http://image.goodchoice.kr/resize_1280x1024/affiliate/2021/09/15/6141a52db052a.jpg
별둘 자쿠지 독채 펜션,http://image.goodchoice.kr/resize_1280x1024/affiliate/2024/04/09/15/97ef752a-e82b-4977-8973-ccaea1ce8c1c-original.jpg
전주 갤러리 스테이,http://image.goodchoice.kr/resize_1280x1024/adimg_new/60457/0/40e0e7cc3c96c6a09461247738a0dd1c.jpg
전주한옥마을 덕수궁,http://image.goodchoice.kr/resize_1280x1024/adimg_new/69054/0/b42a44821b69cf6ba817dd7307de60ec.JPG
전주 한옥 영하우스,http://image.goodchoice.kr/resize_1280x1024/affiliate/2024/06/05/666018282ebc6.jpg
전주 자우리,http://image.goodchoice.kr/resize_1280x1024/adimg_new/1181/6583/be16666b4175aab2d4c92690312b790a.jpg
전주 바른 숙박BARUN STAY,http://image.goodchoice.kr/resize_1280x1024/adimg_new/67724/702189/591de372ec73d2e38ad55ee4cb8679af.jpg
전주 워너비,http://image.goodchoice.kr/resize_1280x1024/adimg_new/2485/15278/15.jpg
라한호텔 전주,http://image.goodchoice.kr/resize_1280x1024/affiliate/2024/06/13/666a315dd1452.jpg
전주 정가 한옥,http://image.goodchoice.kr/resize_1280x1024/adimg_new/13188/0/273af34a659ef5920fec209007282683.jpg
전주한옥마을 도화서가 스테이 독채펜션,http://image.goodchoice.kr/resize_1280x1024/affiliate/2023/11/15/10/68e65d81-c317-4832-9358-48c850c9536f-original.jpg
전주 뷰티,http://image.goodchoice.kr/resize_1280x1024/adimg_new/1728/10096/01.jpg
24게스트하우스 전주점,http://image.goodchoice.kr/resize_1280x1024/adimg_new/54355/0/10687ae2a832ff3d9985883be17b86ad.jpg
재즈 어라운드 관광 호텔,http://image.goodchoice.kr/resize_1280x1024/adimg_new/70310/21108/de87f7e1cf4a4fda3b8aaf569ac7887c.jpg
전주 한옥마을 소리풍경,http://image.goodchoice.kr/resize_1280x1024/adimg_new/11313/0/cc14cbc32be60621715ae5da969aae0c.jpg
전주 기린 게스트하우스,http://image.goodchoice.kr/resize_1280x1024/adimg_new/11555/0/b6f99f9c6848cbeffb28c360c80d4dfe.jpg
전주 블루원,http://image.goodchoice.kr/resize_1280x1024/adimg_new/1188/6620/06.jpg
전주 한옥마을 산아래,http://image.goodchoice.kr/resize_1280x1024/adimg_new/11581/0/f54579d60612ed10b5cd4967a71a67e0.jpeg
전주한옥마을 아침스테이,http://image.goodchoice.kr/resize_1280x1024/affiliate/2025/02/28/67c104c4d7345.jpg
전주 넘버25 NO.25 산정점,http://image.goodchoice.kr/resize_1280x1024/affiliate/2024/09/13/66e3d338e80d9.png
전주 아늑료칸호텔 전주점,http://image.goodchoice.kr/resize_1280x1024/affiliate/2025/03/11/67cff7f6bee46.jpg
전주 투썸스테이서신점,http://image.goodchoice.kr/resize_1280x1024/affiliate/2024/02/28/65ded356bdb3c.jpg
전주 포레스트그릴 글램핑,http://image.goodchoice.kr/resize_1280x1024/affiliate/2025/02/12/67ac322c9c530.jpg
전주 브라운도트 아중지구점,http://image.goodchoice.kr/resize_1280x1024/affiliate/2023/08/29/64eda42e37967.jpg
전주 한옥체험 모꼬지,http://image.goodchoice.kr/resize_1280x1024/adimg_new/12562/0/4778a62dafbb7caba9babc3c7a4f4ddf.jpg
전주 엠파이어,http://image.goodchoice.kr/resize_1280x1024/adimg_new/4875/28468/89487bdd31f5bd1aefd2561f4457d457.jpg
전주 1박2일,http://image.goodchoice.kr/resize_1280x1024/adimg_new/3820/22069/01.jpg
전주 알프스,http://image.goodchoice.kr/resize_1280x1024/adimg_new/4876/400454/3054f8c7f1baab44568622769cbfe2e1.jpg
전주 마리 터미널점,http://image.goodchoice.kr/resize_1280x1024/affiliate/2019/02/07/5c5b8f6718328.jpg
전주 한옥마을 그리운 집,http://image.goodchoice.kr/resize_1280x1024/adimg_new/11405/0/c6f3c4bc0acf8bea918fbebdaa0406fa.jpg
전주 황실관광호텔,http://image.goodchoice.kr/resize_1280x1024/affiliate/2019/01/15/5c3d84c79c486.jpg
전주 한옥마을 별자리,http://image.goodchoice.kr/resize_1280x1024/adimg_new/51239/0/cfe3efb5d52739ba00d37c25f46f8bd8.jpg
전주 한옥 독채 꽃마르트,http://image.goodchoice.kr/resize_1280x1024/affiliate/2025/02/10/67a9b0efb8aa5.jpg
전주 이가 한옥 본관,http://image.goodchoice.kr/resize_1280x1024/adimg_new/11188/0/b006fe87c357ae5371af0d7d0b1765ee.jpg
전주 한옥마을 한옥솔솔,http://image.goodchoice.kr/resize_1280x1024/adimg_new/67639/0/f2b03ab0f0520afc7bd707ac6031efe5.jpg
전주 투나잇2NIGHT,http://image.goodchoice.kr/resize_1280x1024/adimg_new/4363/256277/32b71ddb841ed9e0e38a2284d47c5fe6.jpg
전주 샵 호텔SHARP HOTEL,http://image.goodchoice.kr/resize_1280x1024/adimg_new/1193/286583/50af7ece50504fdbd80bf8c9192669a0.jpg
전주 마리호텔,http://image.goodchoice.kr/resize_1280x1024/adimg_new/3550/210278/1a9359bf74afbc4f86d5465a8775596c.jpg
호텔어라이브 전주 시화연풍,http://image.goodchoice.kr/resize_1280x1024/affiliate/2022/11/04/636474cf08d03.jpg
전주 호텔K,http://image.goodchoice.kr/resize_1280x1024/adimg_new/52485/8700/6c3745822403f4d6901f1e8e23ed0cba.jpg
전주 한옥마을 알콩달콩 다락방,http://image.goodchoice.kr/resize_1280x1024/adimg_new/57656/0/b83505c5594debf59434293575a0b7d8.jpg
전주 그리고봄 독채펜션,http://image.goodchoice.kr/resize_1280x1024/affiliate/2025/04/15/11/9da80886-f8ae-43ca-96e1-f150a85aa9c8-original.jpg
전주 대화사우나,http://image.goodchoice.kr/resize_1280x1024/adimg_new/63062/273587/e2b30763e7f9cc12f82d4f657aabe929.jpg
전주 한옥마을 꽃자리,http://image.goodchoice.kr/resize_1280x1024/adimg_new/11700/0/849cf932bf20acae4db36bf1b382b4f8.jpg
전주 한옥마을 교동가온,http://image.goodchoice.kr/resize_1280x1024/adimg_new/49970/0/25eba0fdeb049e2f5e3695788ef71175.jpg
전주 안녕 제제 옥상달빛,http://image.goodchoice.kr/resize_1280x1024/affiliate/2023/03/27/64213afcdf113.jpg
전주 해밀 펜션,http://image.goodchoice.kr/resize_1280x1024/affiliate/2022/12/30/12/b8e0b420-5c7c-72d2-5e74-702e61222335-original.jpg
전주한옥마을 메종 14,http://image.goodchoice.kr/resize_1280x1024/adimg_new/69696/0/3ab21b2f4fade763a94d0aa0b1929f86.jpg
전주 슈페리어,http://image.goodchoice.kr/resize_1280x1024/adimg_new/3556/20959/01.jpg
전주 짬,http://image.goodchoice.kr/resize_1280x1024/adimg_new/55529/478929/5e38678b73ee9f489144e4f783241250.jpg
전주 한옥마을 분 게스트하우스,http://image.goodchoice.kr/resize_1280x1024/adimg_new/61002/0/637a1799b24f75a3b0a77a69367a6813.jpg
전주 토마토,http://image.goodchoice.kr/resize_1280x1024/adimg_new/5431/32546/9ef03cb6fa832189dbcce6b990b88d76.jpg
전주 더 메이 호텔,http://image.goodchoice.kr/resize_1280x1024/affiliate/2021/04/05/606abd2e2ee06.jpg
전주 한옥마을 담소 황토 한옥,http://image.goodchoice.kr/resize_1280x1024/adimg_new/67335/0/c46c416d7a94834c23a8156b1d5612e3.png
전주 한옥마을 한옥이야기,http://image.goodchoice.kr/resize_1280x1024/adimg_new/45662/0/4023e9682290ae4fee1d9783656045a1.jpg
전주 한옥마을 여별,http://image.goodchoice.kr/resize_1280x1024/adimg_new/82894/0/e51ded21c9f39234438190c4c648c56d.jpeg
전주 스테이 일상이상,http://image.goodchoice.kr/resize_1280x1024/affiliate/2023/08/28/15/c28bd83e-1349-415e-9248-4f6a60fa6750-original.jpg
전주 여가,http://image.goodchoice.kr/resize_1280x1024/affiliate/2024/01/02/15/b0c83a07-2dca-4d6c-b2b1-e1a99dfd3633-original.jpg
전주 풍류가옥,http://image.goodchoice.kr/resize_1280x1024/affiliate/2024/01/02/15/08ea2d41-62fd-48cb-b265-0c9b8bcf4911-original.jpg
라한호텔 전주,http://image.goodchoice.kr/resize_1280x1024/affiliate/2020/07/17/5f114755c6048.jpg
전주 한옥마을 더 머뭄,http://image.goodchoice.kr/resize_1280x1024/adimg_new/11713/0/695afb071cf43779ff352dcc21dffa98.jpg
전주 한옥마을 교동살래,http://image.goodchoice.kr/resize_1280x1024/adimg_new/11552/0/202a31d703e6db205020a4e0c40d1661.jpg
전주한옥마을 웨이,http://image.goodchoice.kr/resize_1280x1024/adimg_new/73187/0/1c86ab016cd067f8c13e1a38373b43bc.jpg
전주한옥마을 예술가의집 시간무늬,http://image.goodchoice.kr/resize_1280x1024/affiliate/2023/09/22/17/c276dfb0-5ed0-425d-8e5d-60589df189d3-original.jpg
전주 한옥마을 경기전 별당채,http://image.goodchoice.kr/resize_1280x1024/adimg_new/11467/0/3b4afb0cafdda74926e007abcb36ff7d.jpg
전주 한옥마을 별빛 쉼터,http://image.goodchoice.kr/resize_1280x1024/adimg_new/50525/0/c4447c0b5b87d2bfac4676e2d1baf2e2.JPG
전주 프린스 우아점,http://image.goodchoice.kr/resize_1280x1024/adimg_new/45576/213182/da49025dc587bf26b7b54f21dbd8bbb9.jpg
전주 한옥마을 혜윰,http://image.goodchoice.kr/resize_1280x1024/adimg_new/50555/0/0d35738a91367b8a5fa91780a4d29b6b.jpg
전주 한옥마을 달빛향,http://image.goodchoice.kr/resize_1280x1024/adimg_new/11522/0/adefc443c686b9b0fd154df158ea1776.jpg
전주 한옥마을 어울림,http://image.goodchoice.kr/resize_1280x1024/adimg_new/12699/0/637e16032f82aaff8a804af04e19864c.jpg
전주 한옥마을 꽃밭정원 예쁜집 좋은날,http://image.goodchoice.kr/resize_1280x1024/adimg_new/11508/0/ceb7cf232f7d04dacadae28098b8d827.jpg
더정가 스테이,http://image.goodchoice.kr/resize_1280x1024/adimg_new/67491/0/98e98190dfd096fbb6098dc4d571bdb9.jpg
전주 루와펜션,http://image.goodchoice.kr/resize_1280x1024/affiliate/2022/06/03/6299afc06753e.jpg
전주 한옥마을 성심,http://image.goodchoice.kr/resize_1280x1024/adimg_new/11411/0/9d4fd6dff8b8fb16e5e43f4bcb56a7cf.JPG
전주 한옥마을 한옥미쁨,http://image.goodchoice.kr/resize_1280x1024/adimg_new/66945/0/2c67dba304527a8e6e3fff492281845c.jpg
전주한옥마을 풍남주택,http://image.goodchoice.kr/resize_1280x1024/adimg_new/70238/0/4c399b56436f3baaf1ef37e504c12614.jpg
전주 천년의아침,http://image.goodchoice.kr/resize_1280x1024/affiliate/2025/01/16/67889e28ea457.jpg
전주 원색명화마을,http://image.goodchoice.kr/resize_1280x1024/adimg_new/55126/0/03812bc580e63dc05265561478b67f8e.JPG
전주 한옥마을 여지 게스트하우스,http://image.goodchoice.kr/resize_1280x1024/adimg_new/11586/0/202023959c02b05ac396d400dcc4b723.jpg
전주 그날을담다,http://image.goodchoice.kr/resize_1280x1024/affiliate/2024/07/02/668390fc0db9c.jpg
전주 호스텔&게스트하우스,http://image.goodchoice.kr/resize_1280x1024/adimg_new/47847/0/fae046e731e6c603a977dc45c3ce1615.jpg
블루보트 게스트하우스 전주점,http://image.goodchoice.kr/resize_1280x1024/adimg_new/13513/0/2afd1e9129dbf7cf48f74759fe1baa1d.jpg
전주한옥마을 서학의 아침 펜션,http://image.goodchoice.kr/resize_1280x1024/affiliate/2023/09/08/10/291d3b03-b4dc-4011-a815-001a7771c0e4-original.jpg
전주 한옥스테이 까치,http://image.goodchoice.kr/resize_1280x1024/affiliate/2024/09/20/66ed0b6c7bad2.png
전주 한옥마을 어린왕자 게스트하우스,http://image.goodchoice.kr/resize_1280x1024/adimg_new/46298/0/65a579f14359c687ccc7be1b8d7091ab.jpg
전주 쑈드라이브인,http://image.goodchoice.kr/resize_1280x1024/adimg_new/1184/495/9c0c3e95758cf55fb44b9552c4a527eb.jpg
전주 한옥마을 사랑가득,http://image.goodchoice.kr/resize_1280x1024/adimg_new/57892/0/a85da1b11b5ebab9c87b69174e5b6bf9.jpg
전주 시인과짜몽 게스트하우스,http://image.goodchoice.kr/resize_1280x1024/adimg_new/11335/0/e29d0aa1aec4df332b77666791ebec6a.jpg
전주 수호텔,http://image.goodchoice.kr/resize_1280x1024/adimg_new/71420/458051/ce0e293d06364735db2a6a08c12140d5.jpg
전주 한옥마을 예원당,http://image.goodchoice.kr/resize_1280x1024/adimg_new/57747/0/eee81009cd7cc583f80f7e32d9375d9d.jpg
전주 한옥마을 행복가득,http://image.goodchoice.kr/resize_1280x1024/adimg_new/11662/0/e59ddea78e9d524d2ef780a428eb25e7.jpg
전주 한옥마을 그림 게스트하우스,http://image.goodchoice.kr/resize_1280x1024/adimg_new/64497/0/c4f34b62a468fcdbef81afe581d39d31.jpg
전주 민트 게스트하우스,http://image.goodchoice.kr/resize_1280x1024/adimg_new/11652/0/4ec78d42e2b3ad4a50f23607176ef511.JPG
전주 호텔 포레,http://image.goodchoice.kr/resize_1280x1024/adimg_new/5638/5767/d8bfe68dcca7431c41ef63fdd2804ebc.jpg
전주 한옥마을 고희,http://image.goodchoice.kr/resize_1280x1024/adimg_new/56548/0/cef5ae1727c556e967b3b74fb372c75d.jpg
전주 한옥마을 서선야,http://image.goodchoice.kr/resize_1280x1024/adimg_new/54572/0/1181ec83ed6eac91095c8b7492e63bf8.jpg
전주 한옥 황토 편백하우스,http://image.goodchoice.kr/resize_1280x1024/adimg_new/47009/0/bcac5e9341d1a30118cb8780770f22bc.jpg
베니키아 전주한성호텔,http://image.goodchoice.kr/resize_1280x1024/affiliate/2019/05/07/5cd14a82e94f3.jpg
전주 FX,http://image.goodchoice.kr/resize_1280x1024/adimg_new/46065/398209/b582d8cfa478b9816039b1fa200883be.jpg
늘품호텔,http://image.goodchoice.kr/resize_1280x1024/adimg_new/65293/12253/0de7924755ef7d5ca76e1173b879c293.jpg
전주 한옥마을 장수,http://image.goodchoice.kr/resize_1280x1024/adimg_new/11535/0/b04a2a1b6c9d17f198a7da0959efe7d1.jpeg
전주 호텔 캐슬,http://image.goodchoice.kr/resize_1280x1024/adimg_new/1733/10172/6bc74206993a69b38dd132117998136e.jpg
전주 한옥마을 다나하루 게스트하우스,http://image.goodchoice.kr/resize_1280x1024/adimg_new/51244/0/313a270c1a5d69db48e03a0536bf26fc.JPG
전주 한옥 도원,http://image.goodchoice.kr/resize_1280x1024/adimg_new/11447/0/7c559a673032acee5f23d3a4b58edb63.jpg
전주 한옥마을 뜰안채 신관,http://image.goodchoice.kr/resize_1280x1024/adimg_new/11681/0/3297eec2f585697621eacf90843d1571.jpg
전주 한옥마을 강령전,http://image.goodchoice.kr/resize_1280x1024/adimg_new/61001/0/da42e791623d4bc365702afa615f4515.jpg
전주 오래된미래 게스트하우스,http://image.goodchoice.kr/resize_1280x1024/adimg_new/70564/0/52c860ace92f5a10ce320c8b45b0de2d.jpg
전주 H 호텔,http://image.goodchoice.kr/resize_1280x1024/adimg_new/81196/621225/2eff5e6fa48f320867221a30681b63a4.JPG
전주 하얏트,http://image.goodchoice.kr/resize_1280x1024/adimg_new/6037/100596/1be19b31e463ff6701d9eba88ebf8608.jpg
전주 풍류헌 한옥고택 독채,http://image.goodchoice.kr/resize_1280x1024/affiliate/2024/12/09/10/880de794-b411-4199-a9ca-dcc329c23a68-original.jpg
전주 한옥마을 돌담집 본관,http://image.goodchoice.kr/resize_1280x1024/adimg_new/50837/0/61e2554b890dde776672b436403d55a9.jpg
전주 하운드호텔덕진점,http://image.goodchoice.kr/resize_1280x1024/affiliate/2024/04/01/660a5e97637ad.jpg
전주 마리호텔,http://image.goodchoice.kr/resize_1280x1024/affiliate/2016/06/01/574e6ae0b1c3e.jpg
전주 한옥마을 1928 쉼마루,http://image.goodchoice.kr/resize_1280x1024/adimg_new/11833/0/c0a2d235667f268b03ee582e6ada4aec.jpg
전주 호텔아지트 서신롯데점,http://image.goodchoice.kr/resize_1280x1024/affiliate/2020/10/16/5f894f320455d.jpg
전주 한옥마을 꼴 게스트하우스,http://image.goodchoice.kr/resize_1280x1024/adimg_new/45083/0/fcf1c9f977b0b8242294d3181672e789.jpg
나비잠한옥호텔,http://image.goodchoice.kr/resize_1280x1024/affiliate/2020/07/02/5efd2b41c374c.jpg
전주 한옥마을 푸른요람,http://image.goodchoice.kr/resize_1280x1024/adimg_new/56521/0/65917d89555453da94eaeaa14c49e9c2.jpg
전주 한옥마을 오목헌,http://image.goodchoice.kr/resize_1280x1024/adimg_new/61005/0/bcbfbc55cbff84bc71a457451c9f58c9.jpg
전주 씨네마,http://image.goodchoice.kr/resize_1280x1024/adimg_new/46466/505655/4eb98ba2c7f696afd22103948a322a6e.jpg
전주한옥마을숙박 향촌 펜션,http://image.goodchoice.kr/resize_1280x1024/affiliate/2025/02/10/67a9abd86ad0d.jpg
전주 한옥 사계,http://image.goodchoice.kr/resize_1280x1024/adimg_new/47453/0/89c34bc86dbe6a5058555c73bf60dddb.jpg
전주 한옥마을 숙박 체험관,http://image.goodchoice.kr/resize_1280x1024/adimg_new/57311/0/a44fe922417ad67cba705d7059d6676b.jpg
전주 한옥마을 한옥마당 행랑채,http://image.goodchoice.kr/resize_1280x1024/adimg_new/13594/0/0bd2aa10d52cecfbebf5aa0646e22727.jpg
전주 니어리스트 게스트하우스,http://image.goodchoice.kr/resize_1280x1024/adimg_new/11472/0/a7a3a79f4598180680f18e0df4a1eb79.JPG
전주 한옥마을 취락당,http://image.goodchoice.kr/resize_1280x1024/adimg_new/50313/0/b97bea1e4d22e40dc7ed7ff9bd8209b6.jpg
전주 한옥호텔 궁,http://image.goodchoice.kr/resize_1280x1024/affiliate/2024/12/19/6763971c63629.jpg
전주 한옥마을 한옥마당 행랑채,http://image.goodchoice.kr/resize_1280x1024/adimg_new/13580/0/b5e33132dfff2c6d524b5e9544150633.JPG
전주 더씨티 호텔,http://image.goodchoice.kr/resize_1280x1024/affiliate/2018/09/21/5ba43eab37ebe.jpg
전주 이카로스,http://image.goodchoice.kr/resize_1280x1024/adimg_new/4141/23279/f42ca26296a1c4245bf717ab5619f3ef.jpg
전주 한옥마을 다정 게스트하우스,http://image.goodchoice.kr/resize_1280x1024/adimg_new/11462/0/c11ab9584c5e4e13201151f523fbe456.jpg
전주한옥마을 온유,http://image.goodchoice.kr/resize_1280x1024/adimg_new/80915/0/7eeeac8418e926b98de01197438e02f0.jpg
전주한옥마을 김명옥 별장펜션,http://image.goodchoice.kr/resize_1280x1024/affiliate/2023/01/16/11/6934fb38-dcc4-6729-8615-87f3c26ae9ac-original.jpg
호텔 오페라21,http://image.goodchoice.kr/resize_1280x1024/affiliate/2016/06/01/574e4797c4fcc.jpg
전주 줄리앤소피하우스,http://image.goodchoice.kr/resize_1280x1024/affiliate/2024/01/03/6594fcd95313a.jpg
전주 한옥마을 가은채2,http://image.goodchoice.kr/resize_1280x1024/adimg_new/57346/0/d926c6cd372459b9eca1d63f3508f4dc.jpg
전주 타임,http://image.goodchoice.kr/resize_1280x1024/adimg_new/2045/267545/4eb44740929e921fe2d48582c0b5582e.jpg
전주 한옥마을 돌담집 본관,http://image.goodchoice.kr/resize_1280x1024/adimg_new/50843/0/57673d1a6c53ad479b9c20d74f2a2f7a.jpg
전주 한옥마을 유정 게스트하우스,http://image.goodchoice.kr/resize_1280x1024/adimg_new/11513/0/478d5e2175aac4e5ce96886b865a2221.JPG
전주 영화호텔,http://image.goodchoice.kr/resize_1280x1024/affiliate/2024/10/10/670765971512c.jpg
전주한옥마을 나성하우스,http://image.goodchoice.kr/resize_1280x1024/adimg_new/77220/0/6d19e7eb70e6ee76086fd61809d3f4c1.jpg
전주 나비,http://image.goodchoice.kr/resize_1280x1024/adimg_new/47981/514573/b83a760b8b2b0f879f1f4ebc8de9554f.jpg
전주 Y 누리봄 게스트하우스,http://image.goodchoice.kr/resize_1280x1024/adimg_new/11685/0/5d100fa1e0b1ff8f5db9ae2dda62e01f.jpg
전주 한옥마을 돌담집 본관,http://image.goodchoice.kr/resize_1280x1024/adimg_new/50841/0/22ca2c039e25e11cf23a53c57fa5f8d3.jpg
전주 그여자네집 독채펜션,http://image.goodchoice.kr/resize_1280x1024/affiliate/2023/07/28/13/74e0f5f2-63ef-4440-9994-e462e8bdd382-original.jpg
전주 한옥마을 이택구 사랑채,http://image.goodchoice.kr/resize_1280x1024/adimg_new/11312/0/047a837d4adaf399c8e2dd80e43e42c1.jpeg
전주 호텔 엑스오XO,http://image.goodchoice.kr/resize_1280x1024/adimg_new/45265/459603/15ca7f38cca56676291845b827932588.jpg
전주 하루 호텔 (HARU),http://image.goodchoice.kr/resize_1280x1024/affiliate/2022/01/24/61ee43bb2e672.jpg
전주 한옥마을 흥부가,http://image.goodchoice.kr/resize_1280x1024/adimg_new/11630/0/017b153b72f215d9cc9a244fd8a455ae.JPG
전주 래미안스테이,http://image.goodchoice.kr/resize_1280x1024/adimg_new/1183/494/c69b53f80817237db2433a9fe3416037.jpg
전주 한옥마을 고현당,http://image.goodchoice.kr/resize_1280x1024/adimg_new/46291/0/cc22663c1aa57a6605bc69f5688af53a.jpg
전주 낭만시대 게스트하우스,http://image.goodchoice.kr/resize_1280x1024/adimg_new/11368/0/fffe7303684a3c6b276fe93d2dbbc4f0.jpg
전주 관광호텔,http://image.goodchoice.kr/resize_1280x1024/affiliate/2016/11/21/5832e60715024.jpg
전주 쉐르빌,http://image.goodchoice.kr/resize_1280x1024/adimg_new/1729/10143/a7c5ff3818ccb8fc7df2762f230d625b.jpg
전주 호텔야자 중화산점,http://image.goodchoice.kr/resize_1280x1024/affiliate/2023/05/08/6458ac244a0f0.jpg
전주 한옥마을 감영루,http://image.goodchoice.kr/resize_1280x1024/adimg_new/67690/0/2c5c4851e28507a7b1c32e02ab967b92.jpg
전주 한옥마을 가원당,http://image.goodchoice.kr/resize_1280x1024/adimg_new/56698/0/82481aab49c40e913aee3307618b655a.jpg
전주한옥마을 알지비 게스트하우스,http://image.goodchoice.kr/resize_1280x1024/adimg_new/70164/0/3275cb15d96313d305b1520a34ee3ae2.jpg
전주 푸실 한옥펜션,http://image.goodchoice.kr/resize_1280x1024/affiliate/2023/11/14/15/6dea2b16-108f-4076-aa58-10266374637c-original.jpg
전주 한옥마을 다래헌,http://image.goodchoice.kr/resize_1280x1024/adimg_new/56736/0/fb02c8271c03a9877fd4c67925d5c7b5.jpg
전주 한옥마을 가은채,http://image.goodchoice.kr/resize_1280x1024/adimg_new/11228/0/587bdf5967f6c3c2e2a28c7387e549ef.jpg
전주 한옥마을 뜨레가,http://image.goodchoice.kr/resize_1280x1024/adimg_new/48692/0/249286919b7fb2124da3ded7e3e8c71e.jpg
전주 한옥마을 하늘풍경,http://image.goodchoice.kr/resize_1280x1024/adimg_new/56907/0/74c4c44f83cf95d43296f4cd631b932f.jpg
전주 한옥마을 뜰안채 신관,http://image.goodchoice.kr/resize_1280x1024/adimg_new/11671/0/0d649b979734158d22444da6aba2971e.PNG
전주 관광호텔,http://image.goodchoice.kr/resize_1280x1024/affiliate/2020/10/12/5f840dfbc9389.jpg
전주 호텔루나,http://image.goodchoice.kr/resize_1280x1024/affiliate/2024/12/05/675104d67707f.jpg
전주 아침정원 게스트하우스,http://image.goodchoice.kr/resize_1280x1024/adimg_new/56830/0/cd1533dd48db56ad63a88887c8c0b673.jpg
전주 한옥마을숙박 꿈 한옥스테이,http://image.goodchoice.kr/resize_1280x1024/affiliate/2024/04/01/660a183076061.jpg
전주 한옥마을박가네한옥펜션,http://image.goodchoice.kr/resize_1280x1024/affiliate/2025/01/10/6780c0a074f30.jpg
전주 한옥마을 너울가지,http://image.goodchoice.kr/resize_1280x1024/adimg_new/83186/0/8e1e4967df51f91fb243385edaadc0a3.jpg
전주 가락청 게스트하우스,http://image.goodchoice.kr/resize_1280x1024/adimg_new/83327/0/d70cce95c25367e9ef27aaeced97dd36.jpg
전주 한옥마을 서쪽 독채,http://image.goodchoice.kr/resize_1280x1024/adimg_new/83235/0/28ad4a5421a64c5f04a46d70e8c4c31a.jpg
전주 푸른솔펜션,http://image.goodchoice.kr/resize_1280x1024/affiliate/2023/08/07/64d0af50017e5.jpg
전주한옥마을 다락,http://image.goodchoice.kr/resize_1280x1024/adimg_new/76109/0/642eed607d48f3a26d3df641e3113dc9.jpg
전주한옥마을 독채 재우성,http://image.goodchoice.kr/resize_1280x1024/affiliate/2023/05/11/645c8515321ff.jpg
전주한옥마을 독채 덕수궁 2관,http://image.goodchoice.kr/resize_1280x1024/affiliate/2024/10/17/6710a8db477b7.jpg
전주한옥마을 달달잠 독채 펜션,http://image.goodchoice.kr/resize_1280x1024/affiliate/2025/01/03/15/e11aa0ad-4543-4053-b0ba-7cdfdaa14d04-original.jpg
전주 나나,http://image.goodchoice.kr/resize_1280x1024/adimg_new/59491/230578/64c99388ad78f1c282673e5b77d7388d.jpg
전주 한옥마을 가인당 안채,http://image.goodchoice.kr/resize_1280x1024/affiliate/2025/04/23/6808a441b3ba4.jpg
전주 와이케이,http://image.goodchoice.kr/resize_1280x1024/affiliate/2024/06/13/666a85d0a068b.jpg
전주 스테이 여유,http://image.goodchoice.kr/resize_1280x1024/affiliate/2023/09/06/17/871b9f0a-4c63-45d8-9118-7284e4dae0c4-original.jpg
전주 한옥마루 게스트하우스,http://image.goodchoice.kr/resize_1280x1024/adimg_new/11298/0/9a4c5fdfd481d849376bd3f6246f4507.jpg
전주 나루 스테이한옥 독채 전주한옥마을,http://image.goodchoice.kr/resize_1280x1024/affiliate/2024/06/12/14/e782e250-2b4f-4b07-b287-9d69601e3449-original.jpg
전주한옥마을 자만재,http://image.goodchoice.kr/resize_1280x1024/affiliate/2023/10/24/653745b58f8ef.jpg
전주한옥마을 달님 게스트하우스,http://image.goodchoice.kr/resize_1280x1024/adimg_new/71480/0/73e84f87d5864b4ef6aab3ca4bb2fdd6.jpg
전주 앤 게스트하우스,http://image.goodchoice.kr/resize_1280x1024/adimg_new/56719/0/cc6b0e54b979e50a0f1b635629ba5eeb.jpg
전주한옥마을 독채 수,http://image.goodchoice.kr/resize_1280x1024/affiliate/2025/01/03/67774d5861eaa.jpg
전주 비지니스 호텔 궁,http://image.goodchoice.kr/resize_1280x1024/affiliate/2024/07/15/6694cd3da4063.jpg
전주 라임 무인텔,http://image.goodchoice.kr/resize_1280x1024/adimg_new/74481/511093/3c9e0be454573dc1008201f69298a88e.jpg
전주 한옥마을 천년마루,http://image.goodchoice.kr/resize_1280x1024/adimg_new/45224/0/5d3f675d2418958f0c8021d052b0fbb1.jpg
전주한옥마을 공간의미 독채펜션,http://image.goodchoice.kr/resize_1280x1024/affiliate/2024/12/03/10/7270016c-87d1-43f3-a402-0dbd0b973747-original.jpg
전주 블루원,http://image.goodchoice.kr/resize_1280x1024/affiliate/2019/09/11/5d7855bab8a90.jpg
무와섬M,http://image.goodchoice.kr/resize_1280x1024/affiliate/2025/05/15/6825b5dac20d6.jpg
무와섬W,http://image.goodchoice.kr/resize_1280x1024/affiliate/2025/05/15/6825b4df9895c.jpg
전주 한옥마을 태조마루,http://image.goodchoice.kr/resize_1280x1024/adimg_new/83728/0/8c692416da2f6624e3b9b13d4ba751cb.jpg
전주 한옥스테이 담길,http://image.goodchoice.kr/resize_1280x1024/affiliate/2025/06/12/684a7e6abb973.jpg
전주한옥마을 교동 스테이,http://image.goodchoice.kr/resize_1280x1024/adimg_new/82678/0/f856b2f8e2045ca6dbcb5042d0d73761.jpg
전주 한옥마을 동락원,http://image.goodchoice.kr/resize_1280x1024/adimg_new/83646/0/d02f602be827899bec29341d52e56c9e.jpg
전주 감성한옥 하루 독채펜션,http://image.goodchoice.kr/resize_1280x1024/affiliate/2025/02/05/67a31acc976fd.jpg
전주한옥마을 아침스테이,http://image.goodchoice.kr/resize_1280x1024/affiliate/2024/10/24/6719d6d606b00.jpg
전주 대명여관 게스트하우스,http://image.goodchoice.kr/resize_1280x1024/affiliate/2025/06/25/685ba2a15c208.jpg
전주 한옥마을 한옥이야기,http://image.goodchoice.kr/resize_1280x1024/adimg_new/65978/0/e051aaf1644f96610cafffd129a1f3bd.jpg
전주한옥마을 풍남양옥,http://image.goodchoice.kr/resize_1280x1024/adimg_new/80713/0/8ed7fb31aac9c912955972870d41dc93.jpg
전주 더 메이 호텔,http://image.goodchoice.kr/resize_1280x1024/affiliate/2025/04/03/67ee2c1e53c38.jpg
전주 동백하우스,http://image.goodchoice.kr/resize_1280x1024/adimg_new/83568/0/e26ad0adfeb49a89ebb2c6ceaef3b967.jpg
전주 천동로 선우가,http://image.goodchoice.kr/resize_1280x1024/affiliate/2024/06/12/666935c83eaf1.jpg
전주 해피니스온 자쿠지 독채 펜션,http://image.goodchoice.kr/resize_1280x1024/affiliate/2024/05/31/11/19621a83-7a2b-4545-95af-7df03dae4480-original.jpg
전주 한옥 초승달 게스트하우스,http://image.goodchoice.kr/resize_1280x1024/adimg_new/82867/0/fb10acf08bd53e53dbdb7af513efe591.jpg
전주 J&J 게스트하우스,http://image.goodchoice.kr/resize_1280x1024/adimg_new/59354/0/120fa94776830634aebe4721ce5eab15.jpg
전주 스타 호텔,http://image.goodchoice.kr/resize_1280x1024/affiliate/2021/04/16/60791a7384686.jpg