text,label
방은 넓었지만 인테리어는 평범했어요.,-1
욕실에 준비된 어메니티가 고급스러웠어요.,1
숙소 분위기는 무난했어요.,-1
숙소 근처가 너무 어두워서 위험했어요.,-1
방이 넓고 깨끗해서 기분 좋게 지냈어요.,1
정돈 상태는 그럭저럭 괜찮았어요.,-1
인테리어가 고급스럽고 예뻤어요.,1
딱 1박용으로 괜찮은 곳이에요.,-1
방 안에서 담배 냄새가 났어요.,-1
냉장고에서 냄새가 났어요.,-1
수건이 더러워 보였어요.,-1
체크인 시간이 너무 지연됐어요.,-1
침구류가 깔끔하고 푹신해서 만족했어요.,1
건물 외관부터 고급스러운 느낌이었어요.,1
침대 시트가 축축했어요.,-1
온돌방이 따뜻해서 숙면을 취할 수 있었어요.,1
밤에 약간 추웠지만 참을 만했어요.,-1
위치가 외지고 찾기 힘들었어요.,-1
전주 여행 중 가장 만족스러운 숙소였어요.,1
어린아이와 함께 지내기에도 안전했어요.,1
에어컨이 잘 작동해서 시원했어요.,1
이불에서 먼지가 날렸어요.,-1
아늑하고 따뜻한 분위기였어요.,1
방문이 덜 닫혀서 찬 바람이 들어왔어요.,-1
기대하지 않으면 만족할 수 있는 수준이에요.,-1
분리형 욕실이라 쾌적했어요.,1
주변이 조금 어두운 느낌이 있었어요.,-1
냉방이 좀 강했지만 조절 가능했어요.,-1
기본적인 조명은 있었어요.,-1
방 안에 벌레가 나왔어요.,-1
방마다 콘센트가 많아서 충전 걱정 없었어요.,1
접근성이 나쁘진 않았어요.,-1
주차장이 멀긴 했지만 있었어요.,-1
이불이 폭신폭신해서 좋았어요.,1
오래된 건물이지만 청결은 유지됐어요.,-1
특별한 점은 없었지만 기본은 했어요.,-1
가성비 최고의 숙소였어요!,1
방 내부에 먼지가 많았어요.,-1
화장실에 거미가 있었어요.,-1
특별한 서비스는 없었어요.,-1
조식은 안 먹어서 잘 모르겠어요.,-1
아침에 소음이 조금 있었어요.,-1
편안한 음악과 조명 덕분에 휴식이 잘 됐어요.,1
사진이랑 비슷한 수준이었어요.,-1
야경이 멋져서 사진을 많이 찍었어요.,1
휴지통이 비워져 있지 않았어요.,-1
휴게 공간이 넓어서 좋았어요.,1
엘리베이터가 느리긴 했지만 괜찮았어요.,-1
도어락이 고장 나 있었어요.,-1
방의 조명이 약간 어두웠어요.,-1
에어컨 리모컨이 작동 안 됐어요.,-1
주변이 시끄러워서 집중이 안 됐어요.,-1
체크아웃 시간도 여유 있어서 좋았어요.,1
침대가 너무 딱딱했어요.,-1
침대에서 머리카락이 나왔어요.,-1
조명이 너무 어두워서 불편했어요.,-1
불편한 점은 없었지만 특별히 좋지도 않았어요.,-1
가격도 그렇고 다 적당했어요.,-1
근처 관광지랑도 가까워서 이동이 쉬웠어요.,1
화장실 용품이 조금 부족했어요.,-1
인근에 편의점이 있는 점은 좋았어요.,-1
엘리베이터가 있었으면 더 좋았을 텐데요.,-1
방마다 향기가 달라서 색다른 경험이었어요.,1
방음이 완벽하진 않았어요.,-1
다시 올지는 모르겠지만 큰 불만은 없어요.,-1
화장실 문이 잘 닫히지 않았어요.,-1
침대 옆에 콘센트가 없었어요.,-1
포토존이 많아서 사진 찍기 좋았어요.,1
침대 위 쿠션이 폭신하고 예뻤어요.,1
접근성이 아주 좋지도 나쁘지도 않았어요.,-1
화장실이 약간 좁지만 쓸 만했어요.,-1
이불에 얼룩이 있어서 찝찝했어요.,-1
숙소 위치가 너무 외졌어요.,-1
불편한 점이 너무 많았어요.,-1
청소 상태가 완벽해서 기분 좋게 머물렀어요.,1
벽난로가 있는 휴게 공간이 너무 아늑했어요.,1
전기 콘센트가 고장 나 있었어요.,-1
보통 그 자체였습니다.,-1
사진과는 너무 달라서 실망했어요.,-1
친구들에게 추천하고 싶은 숙소예요.,1
침대가 포근하고 잠자리가 편했어요.,1
가격대비 적당한 수준이라고 생각해요.,-1
화장실 수압이 약간 아쉬웠어요.,-1
엘리베이터가 없어서 힘들었어요.,-1
방에서 나오는 햇살이 너무 따뜻했어요.,1
에어컨이 고장 나서 더웠어요.,-1
여행 피로가 풀리는 힐링 숙소였어요.,1
전통 한옥 느낌이 잘 살아있었어요.,1
전체적으로 나쁘지 않았어요.,-1
전체적으로 무난한 숙소였다고 생각해요.,-1
청소하시는 분도 친절하게 인사해주셨어요.,1
슬리퍼가 낡고 더러웠어요.,-1
아침 식사는 제공되지 않았어요.,-1
방 안에 콘센트가 조금 부족했어요.,-1
방음이 조금 아쉽지만 견딜만 했어요.,-1
모든 면에서 기대 이상이었어요.,1
프론트가 사람이 많아서 기다렸어요.,-1
창문이 안 닫혀서 추웠어요.,-1
체크인 시간이 다소 느렸지만 이해 가능했어요.,-1
편의시설이 가까워서 이용하기 좋았어요.,1
와이파이가 연결되지 않았어요.,-1
청소 상태가 아주 깔끔하진 않았어요.,-1
조용하긴 했지만 인상적이진 않았어요.,-1
주차 공간이 너무 협소했어요.,-1
건물 전체가 조금 오래된 느낌이었어요.,-1
사진보다 조금 어두운 느낌이 있었어요.,-1
주차 공간이 너무 협소해서 차 대기 힘들었어요.,-1
욕실 문이 제대로 닫히지 않았어요.,-1
욕조에 따뜻한 물이 잘 나와서 좋았어요.,1
욕실 타일이 깨져 있어서 위험했어요.,-1
조식이 너무 형편없었어요.,-1
욕실 조명이 너무 어두웠어요.,-1
조명이 너무 어두웠어요.,-1
화장실 냄새가 너무 심했어요.,-1
샤워기에서 물이 새었어요.,-1
숙소에 벌레가 있었어요.,-1
담요에 얼룩이 있었어요.,-1
주차 공간이 좁긴 했지만 주차는 가능했어요.,-1
조식이 맛있고 다양해서 좋았어요.,1
청소가 제대로 안 된 듯 머리카락이 있었어요.,-1
체크아웃까지 여유 있게 머물 수 있었어요.,1
방이 너무 좁고 답답했어요.,-1
정말 힐링되는 하루였어요.,1
화장실이 너무 더러웠어요.,-1
냉장고와 전자레인지까지 있어 편리했어요.,1
청소가 제대로 안 돼 있었어요.,-1
객실 조명이 아늑한 분위기를 줬어요.,1
샤워기 수압이 아주 좋진 않았어요.,-1
침대 다리가 부러져 있어서 놀랐어요.,-1
주변 소음은 크지 않았어요.,-1
다음에도 꼭 다시 이용하고 싶어요.,1
프론트의 응대가 무난했어요.,-1
건물 외관이 낡았지만 내부는 깔끔했어요.,-1
딱 잠만 자기 좋은 숙소예요.,-1
와이파이가 아예 안 잡혔어요.,-1
프론트 서비스가 조금 아쉬웠지만 무난했어요.,-1
가격 대비 퀄리티가 훌륭했어요.,1
주차공간이 넉넉해서 편했어요.,1
욕실 수건이 넉넉하게 제공되어 좋았어요.,1
복도에서 소음이 계속 들렸어요.,-1
체크아웃 시간 연장도 친절하게 안내해주셨어요.,1
화장실 바닥이 젖어 있었어요.,-1
전혀 추천하고 싶지 않아요.,-1
정수기와 커피머신이 층마다 있어 편리했어요.,1
프론트 직원이 무례하게 응대했어요.,-1
프론트 직원이 여행 코스도 추천해줘서 좋았어요.,1
객실 온도가 딱 좋았어요.,1
잠만 자기엔 무난한 곳이에요.,-1
근처에 맛집도 많고 교통도 편리했어요.,1
룸서비스 메뉴도 다양하고 맛있었어요.,1
방문을 세게 닫아야 닫혔어요.,-1
방 내부가 춥고 따뜻하지 않았어요.,-1
전반적으로 평이한 경험이었어요.,-1
욕실 어메니티가 고급스럽고 만족스러웠어요.,1
직원 응대가 불친절했어요.,-1
위치가 좋긴 한데 특별하진 않았어요.,-1
물이 잘 안 나와서 씻기 불편했어요.,-1
프론트 데스크가 엉망이었어요.,-1
소음이 심해서 잠을 못 잤어요.,-1
이불이 눅눅해서 기분이 나빴어요.,-1
방 안에 곰팡이 자국이 있었어요.,-1
숙소에 들어서자마자 향긋한 향이 나서 좋았어요.,1
사진보다 실물이 더 좋았어요.,1
벽지가 떨어져 있었어요.,-1
위치 빼고는 다 평범했어요.,-1
방음이 전혀 안 돼서 옆방 소리가 그대로 들렸어요.,-1
방이 좀 작았지만 하루 묵기엔 괜찮았어요.,-1
프론트에서 너무 오래 기다렸어요.,-1
욕실이 넓고 청결해서 만족했어요.,1
위치가 좋아서 여행하기 편했어요.,1
프론트 직원이 불친절했어요.,-1
도어락이 고장나서 불안했어요.,-1
이불에서 이상한 냄새가 났어요.,-1
리뷰처럼 그냥 그런 곳이었어요.,-1
전등이 나가 있어서 방이 어두웠어요.,-1
근처에 산책로가 있어 산책하기 좋았어요.,1
청소 상태가 전혀 안 돼 있었어요.,-1
기대하지 않으면 괜찮은 곳이에요.,-1
생각보다 방이 작았지만 하루 지내긴 괜찮았어요.,-1
냉장고에 웰컴 드링크가 있어서 감동했어요.,1
창문으로 보이는 풍경이 인상 깊었어요.,1
음악이 잔잔하게 나와서 분위기가 좋았어요.,1
방에 거울과 조명이 많아서 편했어요.,1
편의점이 가까워서 간단한 물품 사기 좋았어요.,-1
가격을 생각하면 납득할 수 있는 수준이에요.,-1
수건이 두툼하고 흰색이라 믿음이 갔어요.,1
애완동물과 함께할 수 있어 좋았어요.,1
가격 대비 만족도가 낮아요.,-1
방이 춥고 난방이 안 됐어요.,-1
기억에 남지는 않지만 나쁘진 않았어요.,-1
에어컨이 고장 나 있었어요.,-1
수건에서 냄새가 났어요.,-1
밤에 조용해서 푹 잘 수 있었어요.,1
객실 내 슬리퍼가 고급스러웠어요.,1
전체적으로 따뜻한 분위기의 인테리어였어요.,1
거울 조명이 밝아서 화장하기 좋았어요.,1
욕조에 물때가 껴 있었어요.,-1
기본 어메니티가 알차게 구성되어 있었어요.,1
에어컨이 약간 시끄러웠어요.,-1
휴지통이 작았어요.,-1
프론트에 사람이 없는 경우가 있었어요.,-1
객실에서 와이파이 속도가 빨랐어요.,1
전반적으로 무난하고 조용했어요.,-1
침구에서 향긋한 냄새가 났어요.,1
청소 상태는 평범했어요.,-1
1박용 숙소로는 충분했어요.,-1
비누 냄새가 조금 강했어요.,-1
건물 외관은 낡았지만 내부는 괜찮았어요.,-1
룸에서 보는 전경이 정말 아름다웠어요.,1
창밖으로 보이는 정원이 정말 아름다웠어요.,1
서비스 응대가 정중하고 빠릿했어요.,1
평균적인 숙소라고 생각해요.,-1
이불이 살짝 얇았어요.,-1
가격 생각하면 이해할 수준이었어요.,-1
공간 배치가 효율적이어서 편리했어요.,1
체크인할 때 웰컴 간식을 주셔서 좋았어요.,1
훚 그냐이,-1
시설은 깨끗한편이고 따뜻한물도 잘나와요 다만 불편한게 보일러가안되는지 방바닥이차가워서 너무추웠어요,-1
주차부터 불편하고 에어컨 켤 때마다 시커먼 먼지 덩어리가 베개로 우수수 떨어져서 계속 켜놓고 추위에 시달리거나 안키고 더위 참거나 둘중 하나예요 에어컨 온도조절 안되구요 그리고 수건 생수 더 필요하면 유료로 사야하고 모텔에서 기본으로 주는 세면도구 부족하고 빗도 없네요,-1
여행으로 전주에 들려 새벽에 들어갔는데 주차하는데 차가 많았는데도 나와보시지 않으시고 방에 들어와보니 깨끗한듯 보이지만 머리카락이며 수건도 실밥이 자꾸 나오고 쾌적하진 않았던거같아요,-1
가성비로 연박하기좋은곳,1
히터가 망가졌는지 키니까 엄청 시끄러워요 그냥 가성비괜찮은 숙소입니다,-1
일 새벽시분경에 일날 숙소를 예약하려고 예약을했는데 새벽시분인데도 일로 안넘어가져있는걸 제가 못보고 일로 예약을했고 새벽시에 확인을해서 시분에 모텔쪽으로 연락을드려서 이게 제가 날짜예약을 잘못해서 취소가능한 시간이지났는데 취소나 날짜 변경이 가능하냐 물어봤고 모텔측에서는 자신들이 해줄수가없다고 어플측에 물어보라해서 여기어때 고객센터로 연락을 하려했는데 상담시간이 지나서 다시 모텔측에 연락을드려서 상담원 상담시간이 지나서 모텔측에 다시연락을 드렸다말씀드렸고 직원분께서 자신은 권한이없으니 오후에 사장님이 출근하시면 다시 연락달라는 말만 하셔서 알겠다하고 전화를 종료했습니다 그리고 그후에 오후에 연락을 다시드렸더니 환불및취소는 벌써 예약한 일자가 지나버려서 안된다고 하시고 야간직원분이랑 연락해보고 연락주신다 하셔서 기다렸지만 시가 되도록 연락이 안와서 직접 연락했습니다 제가 예약날짜를 제대로 못보고 예약한건 잘못이 맞습니다 근데 새벽직원분은 이런거 응대하시려고 데스크업무 보시는거 아닌가요 제가 전화를해서 화를낸것도 아니고 혹시 가능하냐 여쭤봤을때 자신은 권한이 없으니 사장님오시면 연락달라하실때 그 말듣고 기다린 저는 숙소 사용해보지도못하고 그냥 돈만 날린셈이 되버렸네요 이런상황이라면 취소가 어려우니 사용하시던지 해야될거같습니다 라고 추가 부연설명을 해주시는게 당연한거 아닌가요 기다렸다 연락달라는 말만 듣고 기다린 저는 뭐가 되는건가요 그리고 시에 다시 전화하실때 저한테 마지막에 도대체 아 제가 잘못한게 있으면 사과드려야죠 근데 새해인데 좋게좋게 끝내시고 새해 액땜하셨다고 생각하시고 넘어가주세요 이런말은 왜하시는건가요 제액땜을 왜 직원분이 정하시는거세요 도대체,-1
주차공간이 협소하고 주차통로도 좁습니다 엘베도 한대입니다,-1
호텔이라는 명칭을 쓰지마세요,-1
실내시설은 깨끗해 보이고 좋아요 쓰레기통 두개는 사용하던쓰레기 위에 봉투만하나 올려뒀습니다 찜찜하고 더럽네요 보이는 것이 이러한데 보이지 않는곳은 과연 청소가 됐을까요 지은지 얼마안된 새 건물이니 깨끗해보이는 건 당연합니다 물소리 걸음거리 층간소음심합니다 시끄러울수 있어요 모텔은 다 이렇게 시끄러운가 싶어요 호텔인줄 알고 왔다가 잠만 설치고 찜찜함과 피곤함만 가득 안고 가게 생겼습니다 금액대비 피로를 풀기엔 부적합한 곳입니다,-1
매우불친절합니다 거기서 일하는 아줌마 주인인지 직원인지 손님봐도 인사도안하고 대답도 안하고 그냥 방키만줌,-1
카운터보시는분 불쾌한건 기분탓인가요 린스는없고 일회용 개 구비되어있어요 샴프는 개인적으로 향도별로고 뻑뻑한느낌이였고 수압은 좋지않네요 헤드를 바꾸면 좋겠어요 가성비좋아서 좋은것만쓰고싶은데 돈도안드는 말투하나에 마지막에 기분이 별로여서 있는그대로 씁니다,-1
출장왔다가이용했어요 주말 가격 매우비싸서 충격이였습니다,-1
급하게 잘이용했어요,1
객실은 괜찮게 잘 쉬었는데 카운터 보시는 굉장히머니 서비스는 엉망이었네요,-1
주차두대했다고 한대는 모텔 밖에 길가에 대라고 하시네요 주차공간이 모자라서 그런것도 아니였는데 조금 불편했습니다 욕실은 실루엣이 밖에서 다 보여요,-1
시설은 낡았지만 깨끗해요,1
여행하고 서울가는길에 폭설로 천천히 올라가자하고 하루 급하게 숙박잡았습니다 늦게 입실해 잠만자고 일찍 출발할거라 저렴한곳으로 예약 다른분들 리뷰 그대로 임 카운터 아저씨 매우 일하기 귀찮아하시고 편의점가려는데 방문이 밖에서 안잠겨서 잠깐 봐주시면 안되냐고 하니 안된다고보고 계셨던듯 있으니까 그냥 갔다오라고 방은 휑하다싶을정도로 넓어 잘때 추웠음 온도조절안됨 욕실 화장실 따로 있는데 세면대없음 디테일적으로 욕실 슬리퍼 곰팡이심해서 못신고 샤워기에 립스틱인지 뻘건게 묻어있어서 해바라기샤워기사용함 술마시고 가성비로 자고 가기 좋을듯,-1
음머묻어있었고 쫌 찝찝햇네요 방이제일뜨거워서죽을뻔함 답답하고,-1
가성비적으로 접근해야함,-1
환기가 안돼서 객실에서 냄새가 쉼합니다,-1
숙소 이미지에 완벽하게 속았습니다 주차장은 넓어서 주차하기는 좋았었는데 숙소 들어가자마자 느낀 점은 어 속았네 이런 느낌 침실은 보기에는 진짜 깔끔한 거 같았는데 그냥 평범 했고 침대가 정말 딱딱해서 몸이 찌뿌둥했고요 씻다가 알게 된 사실인데 방에 수건이 하나도 없어서 친구가 직접 받으러 내려갔더니 가져다주신다해서 계속 기다렸습니다 그리고 욕실 슬리퍼에서 자꾸 이상한 검은색이 나와서 씻는내내 찝찝한 기분이 들었습니다 다신 안 갈듯요,-1
객실 컨디션 매우 안좋아요 방음도 안되요 일회용으로 주는 샴푸 바디워시 매우 안좋아요 특히 욕실은,-1
가성비 청결상태는 많이 안좋아요,-1
진짜 년전 여관 수준 실제 년 전부터 운영함 화장실 신발신고 문을 나가야함 외풍이 있어서 겉옷을 입고 화장실 이용해야함 침대가 너무꺼져있어서 허리 불편함 추가요금내고 객실 옮기려 방을 확인하니 똑같아서 그냥 이용함 다시는 이용하고 싶지 않음,-1
네 아침에 바퀴벌레 마리 봤어요정말 상쾌한 아침 이였네요,-1
왠만하면 이런글 안남기는데요개선이 필요할것같아서 글남깁니다 에어컨소음이 너무 심해서 틀어놓고 있는것도 불편했고 한여름이라 덥고습한데 틀어놓고 잘수가없어서 힘들었습니다 에어컨자체도 너무 오래된거같았고요 침대나 청결상태는 괜찮았습니다 숙소몇군데 묶어보았지만 이런곳은 처음이었네요,-1
조금 오래된 시설,-1
오랜만에 다시 방문해봤는데 예전만큼 청결하지도 않고 시설도 관리가 잘 안된듯한 모습이었습니다 직원들도 무뚝뚝하여 친절하다는 느낌을 전혀 받지 못하였고 엘리베이터도 하나여서 대기 시간이 길어 이동하기 불편했습니다 다만 한옥마을과 객사 중간에 위치해있어 이동이 편리한점은 만족했습니다 주차장은 지하층까지 있어 나쁘진않으나 전체적으로 크진 않았습니다 그래도 위치가 좋아 다음번 방문시에도 고려해보겠습니다,-1
가격대비 만족스럽게 쉬다왔습니다 아침에 계신 사장님은 매우 친절하세요 단점은 주차장공간 때문에 발렛파킹해주시는데 차키를 맡겨야해서 조금 귀찮았습니다 방음이 조금안되기는 합니다,-1
청결은 뭐 모텔이니 그러려니 하는 정도입니다 시설은 좀 노후합니다 티비 셋톱박스가 정상적으로 작동하지 않어요 인터넷 연결도 잘안됩니다 컴퓨터도 맛이 갔습니다 침대도 별로입니다,-1
퇴실시간도 안됐는데 전화와서 나가라고 함,-1
보통입니다 가성비 숙소임,-1
소음이 너무 잘 들립니다 가격이 저렴해서 그나마 괜찮은 정도 숙소 위치는 너무 좋아요,-1
생각보다 방음이 너무 안됬어요 옆방 물내리는 소리나 씻는소리 다 들렸어요 군데군데 녹슬어있는곳도 있고 가운도 보풀이 너무 일어서 입을때 까칠까칠했어요 다음에 전주오더라도 여기는 안올거 같아요,-1
오후 시쯤 들어가서 샤워좀 하려는데 따뜻한 물이 안나옵니다 카운터에 문의 하니 분정도 물틀고 있으면 나온다고 하여 분 내내 알몸으로 대기 하다가 결국 미지근한 물로 샤워 끝냈습니다 시설 나쁘지는 않아요 하지만 청결하고 따뜻한물 원하시는분들에게는 완전 비추합니다,-1
여관방 느낌이에요 방문열쇠로 열어야해서 생각했던 호텔 느낌과 달라요 거미줄이 많아요 청소 하시는분들 천장까지 하시기는 힘드신가봐요 여기서 제일 마음에 드는건 외관디자인과 화장실 디자인입니다,-1
담배냄세 좀 났어요 아쉽,-1
젠 이용하면 항상 늦은 퇴실로 사용을 하는데 퇴실 시간 몇 시간 전에 청소 하시는 분이 마스터 키로 문 열고 앞에 신발 있는 거 보고 다시 나가요 사람 있는지 없는지 확실히 체크 해주고 문 좀 열어주세요 혼저 가서 잘 때면 그 소리에 놀라서 일어나고 다시 잠을 못 자요,-1
여러가지로 문제가 많아요 수건에 먼지가 그대로묻어있고 객실에 에어컨이 너무 약해요 컴터는 완전 오래된 년전 컴터작동은 되더군요 다른 비품은 그냥저냥 아쉬운데로 쓴다고 합시다 여자사장님이신지 툭툭내뱉는말투친절한 부분은 찾아볼수없는 분이더군요 여직원도 불친절 일하기 싫어서 움직이기도 싫은 티가 팍팍나는데생수한병주세요 하니깐 대답도 안하고보통 주문하면 병주는데 달랑한병 갖다주길래 더 주세요 하니 말을 무시하네요 일하기 싫으면 집에있지왜 일을 하죠 어이가 없어서참말이 안나옵니다 그리고청결상태가 왜이런지 청소몇년안한 모텔같아요청소신경안쓰나봐요 다른건 넘어가도 불친절한건 용납이 안되네요 써비스업인 숙박업에서 이런 불친절이라니,-1
우아동이 전주역이랑 가까워서 자주 여기서 노는데요 늘호텔은 이번이 두번째 방문입니다 저번에는 디럭스를 예매했는데 사장님께서 디럭스 트윈 방을 주신 것 같더라구요 그래서 남친이랑 좋은 시간 보내다 왔습니당 디럭스 트윈은 방이 좀 작긴 했지만 내부 상태나 청결엔 문제가 없었어요 이번엔 미니멀 디럭스로 예약을 했고 호 배정 받았습니다 일단 도어락이 배터리가 없어서 열고 닫을 때 마다 띠리리링 소리가 났구요 방은 굉장히 작았습니다 벽지도 지저분했고 화장실도 너무 오래된 느낌이었어요 세면대 배수도 안되고 바닥으로 물이 샜습니다 퇴실할 때 쯤엔 조명이 다 나가버려서 어둠속에서 샤워를 했습니다,-1
충전기가 없어요 월 중순 저녁인데 난방을 안해줘서 추웠어요 침대에 장판덕에 따시게는 잤어요,-1
장점수압이쌤 에어컨잘됨 단점 코를찌르는 담배찐내 침대딱딱함딱딱한거좋아하는분은장점일수도 아무리 저녁열한시쯤에 입실햇다하지만 열두시반넘어서 차를옆으로살짝옮겨달라는건아닌거같네요 나가서확인해보니 주차흰선라인밟지도않앗던데요 손님을 좀더생각해주셧으면좋겠네요 다음에 다시갈일은없을테지만 번창하세요,-1
어이가없네 무슨 쓰던 칫솔이 고스란히 세면대에 있습니까 방을 바꿔준다고요 다른 방은 다를 거라 생각할까요 소비자가 이거 보면 환불처리해주세요 기가막혀서 본사에 전화하기도 귀찮으니까,-1
늦게 전주방문길에 예약특가 가격이 착해서 박 했는데 유흥가 지점에있고 시설도 적응이 안되어 잠만자고 나왔네요,-1
사장님은 친절하신데 객실 컨디션이 진짜 좋지 않습니다 우선 세면대가 고장이 나있엇는지 물이 세어 말씀드리니 고쳐주셨지만 수리하는데 시간이 꽤 소요 되었기에 그건 손님이 체크인 하기 전에 미리 확인후 수리 하고 방을 제공 했어야 하는 부분이라고 생각합니다 청결 부분에서도 담배재가 욕실에 그대로 있고 책상에도 그대로 남아 있음에 놀랐습니다 침대시트도 얼룩이 있더라고요 물론 세탁을 하셨겠지만 너무 보이는 윗면에 있는 얼룩이라 객실 정비 체크했으면 좋았을텐데 하는 아쉬움이 큽니다 바닥도 깨끗하지 않아 맨발로 돌아다니긴 어려워요 욕실도 물때도 잔뜩 껴있어서 청결부분은 꼭 큰 개선이 필요해 보여요 욕조는 깨끗합니다,-1
코가 막힐 정도로 건조하고 먼지가 좀 많았어요,-1
청결합니다 처음에 들어갈때 정말 상쾌한 향기에 기분좋게 입실했습니다 그런데 자는 도중 정말 머리가 아플정도로 담배냄새가 계속 나더군요 밖에서 들어오는건지 화장실배관을 타고 들어오는건지 머리아파서 잠도 편하게 못잤네요 저녁부터 아침까지 계속 나네요,-1
제가 진짜 하도 어이가 없어서 리뷰 작성 합니다 퇴실시간도 안됬는데 잠깐 나갔다온사이 청소 해버리더군요 물건 몇개 없어져서 카운터에 말했더니 몇개 간신히 찾긴 찾았습니다 그 후에 뒤늦게 없어진 물건이 또 기억나서 전화를 했더니 없다고 하시더군요 그럴수 있습니다 이해는 하는데 사과 한마디 없으시고 뒤늦게 전화한 내탓인것 마냥 말씀하시고 심지어는 통화하다가 수화기를 아예 바닥에 내려놓으시더군요 잃어버린 물건이 가격이 비싼 것도 아니고 그냥 넘어가려 했는데 사과를 바란것도 아니고 전화기를 내려놓는건 좀 아니지 않나 너무하시네요 크게 실망했습니다 추천하지 않습니다,-1
직원이 제공하는 서비스는 크지않습니다 웬만한거 직접 와서 가져가라고 하네요 빗 면봉등 제공되지 않습니다 층간소음 심각합니다 에어컨 위치 침대 직빵이라 잘때 틀지못합니다 새 타월에 털이 나왔습니다 구립니다,-1
불편한점 욕실 문 위로 뚫려 있어서 샤워할때 따뜻한물로 씻어도 금방 춥다는점 침대에서 느껴지는 먼지인지 뭔지 이물질이 있어 까끌까끌한 점 리모컨에는 넷플릭스 인데 넷플은 안나오고 지니만 나오는 점 빼면 인테리어도 깔끙하고 넓어서 그냥 저냥 만족하고 나왔습니다,-1
저렴은 저렴 가격만큼 한루 숙박으로,-1
복도에서는 향기나고 좋은데 객실에 먼지가 좀 많았어요 침구는 깨끗했는데 커튼이랑 침대헤드쪽 더 신경써주셨음 좋겠습니다 헤드 구석쪽에 째그만 거미줄과 거미가 있더라구요,-1
바디워시도 없고 객실도 깔끔하지 않았어요 로션도 유통기한이 년 아쉬운숙소였어요,-1
처음 입구 들어 갈때는 괜찮았어요 뭔가 많이 꾸며 놓고 해서 관리를 질하고 있는 곳인줄 알았죠 그런데 방에 들어가서 창문 위 에 곰팡이가 잔뜩있었어요 그리고 천정 곳곳에도 곰팡이가 그때까지만 해도 그래 뭐 곰팡이 오래된 건물에 외벽공사가 잘 안되서 곰팡이가 있나보다 그래도 좀 닦아두지 코가 시큰거리것 같았지만 안보면 그만 이지 했어요 그리고 핸드폰 충전 하려고 봤더니 헐 충전기는 있는데 이게 코드가 없네 여기 투숙객이 이래놨나그래도 여기 청소하면서 이걸 못봤나 에이 몰랐나 보지 하고 그냥 피곤도 하고 해서 그냥 잤습니다 그리고 다음날 아침에 일어나서 씻으려고 했는데 물이따뜻한 물이 너무너무 오래 기다렸어요 너무 너무 오래 있다가 물이 따뜻해 지더라구요 샴프하고 린스하려고 봤더니 린스도 없네요 그래도 좀 나오려나하고 계속 눌러봤는데 안나오더라구요 그래서 그때 부터는 짜증이 나기 시작했습니다 이런건 청소 할때 보충 해 놓을수 있는거 아닌가요 이정도 쯤 되면 관리 안하는 곳이라고 생각 됩니다 방은 윗풍이 있어서 춥고 침대 속에서도 춥고 밤새 춥게 잤는데 아침에 일어나서 따뜻한 물도 잘 안나오고 린스도 없어그래서 나갈때 직원한테 꼭 말해야 겠다 싶었는데 프런트에 직원도 없고 제가 왠만하면 불만이 있어도 리뷰같은거 잘 올리지 않는데 이곳은 좀 관리가 필요한것 같아서 올립니다,-1
객실 상태는 나름 깨끗했어요 오래된 흔적들이나 냉장고 청소 그리고 샤워시설은 구식이였습니다 가성비는 괜찮았어요,-1
층간소음 정말 애기들있는가족들은 밑층으로 보내시길 돌아 다니다 저녁에 들어갔는데 위층에서 얼마나 뛰는지 건물 다 무너지는줄 게스트하우스 방음 도 안된다고 해서 다른데 찾다 호텔인데 한옥느낌이라 골랐는데 역시나 여기도 방음이 그닥 잘 안되네요 다른 방 문 닫는소리에도 쿵쿵거렸는데 그건 다 괜찮았는데 층간소음은 진짜 장난없음 날이 갑자기 추워져서 방에있는동안 너무 추워서 나갔다들어가는길에 보일러는 언제쯤 틀어주시는지 물어봤는데 알아서툴어드릴거라고 하셔서애타게 보일러 틀길 기다렸고요 하지만 건물도 내부도 전체적으로 다 깔끔했어요 깨끗했습니다 한옥마을 내에 있어도 시끄럽지 않았구요 저희가족이 묵은 숙소 위층 사람들 층간소음만 빼면 전체적으로 좋았습니다,-1
주말이라 바빠서 그러셨는지 분 기다려달라고 하셔서 이해하고 기다렸고 분뒤에 객실 키 받았어요 욕조있는 방으로 예약했는데 욕조 없는 방 주시면서 괜찮냐고 하셔서 또 이해하고 넘어갔는데 퇴실 시간에 대해서 다음 타임 일하시는 분과 인수인계도 잘안되있고 좀 실망이였습니다 자주 이용하는곳인데 그래도 불만이였던 부분에서 사과 잘해주시고 다음번에 이용하시면 더 신경써드리겠다고 대응을 잘해주셔서 괜찮았습니당,-1
좋네요 다만 주차장이 작아서 아쉽네용,-1
주변 모텔보다 그닥별로,-1
그냥 그냥저냥 괜찮앗어요 먹을게 좀더 다양해졋으면 좋겠어요 그거빼고는 시설도괜찮고 깨끗햇어요,1
전주에서 여기는 처음이었으나 다음과같은 장점이 있습니다 수압이 너무 좋았습니다 터미널 옆이라 위치가 좋습니다 침구가 너무 편하였습니다 전주에서 좋은점수를 주고싶습니다 아침에 조식은 컵라면과 토스트 삶은계란 씨리얼이라 한식이없어 아쉬웠습니다 다음에도 잘 부탁드립니다,-1
전에 깔끔하게 잘 이용했던 기억이 있어서 예약했는데 오늘은 조금 객실 청결이 아쉬웠어요 바닥 구석구석에 머리카락과 털들이침대 시트에는 빨았는데 안지워졌는지 모를 김치국물 얼룩까지프론트 전화 연결도 안되길래 크게 신경쓰이진 않아서 그냥 사용했습니다 늘은 이용할때 마다 느끼는 거지만 배수가 잘 안되는 것같아요 올때마다 세면대 물이 잘 안빠지네요오늘은 샤워기 수압도 너무 약했어요 그래도 그 외엔 깔끔하고 크게 불편한 점은 없어서 잘 머물다 갔습니다 바닥청소에 조금만 신경써주세요,-1
가성비로 따지면 별 만점이네요 화장실이 좁은거 빼곤 스타일러도 있고 매우 만족합니다,1
객실내부 및 에어컨 곰팡이 냄새가 심했으며 냉장고 소음 때문에 잠자는데 거슬림 또한 한옥체험한다 생각하고 이해하며 이용은 했지만 방음이 넘 안돼 담엔 한옥 이용은 안할거 같음,-1
좋아요 조아요 조앙 조아여 괜춘홍홍 자주와요 깨꿋 정수기아니여서 더조아요,1
먼지가 매우 많았어요이불에 눈 쌓인것마냥 먼지가 매우 쌓여있더라고요방 온도는 괜찮았어요 영화도 잘 봤습니당,-1
좋앗어요,1
연인끼리 좋아요 깔끔하고 주차도 여유로워서 좋았습니다,1
조아유 냉장고가 너무작아 쫌 아쉽긴했지만,-1
인테리어 이쁘고 다 새거라 꺌끔하고 심플해서 더이쁨,1
비품들이 오래되서 그런건지 작동이 안되는것들이 많았어요 화장실 청소도 깨끗하지 않구요,-1
시설도 깨끗하고 친절합니다 근데 방음이 잘안됩니다 가성비로는 좋은거같습니다,-1
드라이브인을 처음이용하는데 프라이빗하니 신기했고 방욕실이 깔끔했어요 조식이 있어 좋았는데 시반에 아직 준비초반인지 김치나 반찬류빵이 없어서 아쉬웠어요,-1
엄청 깔끔하지도 엄청 더럽지도 않네요 무난,-1
친절하시고 좋았어요,1
방에서 담배냄새가 남 와이파이 비번이 다름 다른 곳에 비해 이렇다할 장점은 없음 그저그럼,-1
장점 시설이나 청결은 완젼만족이구요 방향제가져다놓았음 퍼펙트일듯 이것만보면 재방문의사있음 단점카운터앞에 음료나 물이 텅텅비는데도 새벽이나 아침이냐 관리 도안하시는건심한듯 빵도있다고하곤 없고 그럴바엔 그런 서비스가 상시 있다고 적어놓질 마시길,-1
아기자기하고 깨끗해서 좋았어요 특히 이불이 뽀송하고 좋네요 그런데 한옥이라 그런건지 방음이 좀 안되더라구요 말소리랑 물소리까지 다들려서 기절하고잤지만 다른방분들이 매너타임없이 너무 소리가 크긴하더라구요 혼자여행아니고 친구나 연인이 같이오면 저역시도 시끄러웠겠죠 잘놀다가 갑니다 무튼 좋았습니다,-1
시설도 깨끗하고 좋았어요 단지 방이 좀 추웠어요,-1
월풀욕조가 있는 방을 골라서 숙박했어요 침대와 파티션으로 구분되어있고 욕조 출입이 편리해서 좋았으며 인용이라 좋았는데 문제는 화장실 변기쪽 문이 천장까지 막혀있지않고 좀 공중화장실같이 공간이 떠있어서 방음이니 냄새 방어가 전혀 안됩니다 잘때도 물떨어지는 물방울소리에 은근 신경이 예민해지더라구요 그거외엔 가성비 좋은 숙소입니다 에어드레서가 있어서 옷 냄새빼기 좋구요 흡연 냄새가 쩔어있는 방이 있는데 그건 방바이방입니다 나머지 침대 평범하고 화장실 욕실쪽 완전 공개되있어서 좀 눅눅할수있어요,-1
화장실 문짝이 없어서 뚫려있음 전 객실 라더니 년도 넘은 가 있음 역대 최악의 모텔,-1
가성비가 좋은 모텔입니다,1
항상 다니는데 좋은것같습니다,1
나름 청결하고 가성비가 너무 좋네요 잘 쉬다가 갑니다 감사합니다 나름 청결하고 가성비가 너무 좋네요 잘 쉬다가 갑니다 감사합니다나름 청결하고 가성비가 너무 좋네요 잘 쉬다가 갑니다 감사합니다나름 청결하고 가성비가 너무 좋네요 잘 쉬다가 갑니다 감사합니다나름 청결하고 가성비가 너무 좋네요 잘 쉬다가 갑니다 감사합니다나름 청결하고 가성비가 너무 좋네요 잘 쉬다가 갑니다 감사합니다나름 청결하고 가성비가 너무 좋네요 잘 쉬다가 갑니다 감사합니다나름 청결하고 가성비가 너무 좋네요 잘 쉬다가 갑니다 감사합니다,1
고장난 고데기는 왜 있는걸까요,-1
가격대비 만족스럽습니당,1
잘쉬다가갑니다앙,1
잘쉬었다갑니다 괜찬습니다,1
따뜻한 물이 안나와서 난감했어요 온수 점검 부탁드립니다,-1
사진으로 보는것과는 좀 달랐지만 넓고 좋았어요,1
오래된시설인건 알고갔지만부숴지고 망가진부분 수리도 안되어있네요참고하세요,-1
친절한 사장님 가성비 좋은 가격 감사합니다 방음이 잘 안돼서 소음이랑 방이 습해서 침구류랄지 습했던 부분은 아쉬웠네요 그 부분만 좀 더 신경써서 관리해주신다면 더 좋을것 같네요,-1
안에 깔끔하고 좋아요 햇빛도 잘 차단돼서 늦잠자기 좋구요 잘쉬다갑니다,-1
좀 노후된 시설이지만 컴터는 롤 잘 돌아가고 가성비 적인 면에서는 만족스러운 곳,-1
가성비 좋네여,1
직원들 서비스는 좋으나 시설이 오래되다보니 좀 아쉽네요,-1
캔음로물 여유있게 있어서 좋네요인테리어 청결 상태도 괜찮고요 기회되면 종종 이용할 계획 입니다,-1
시설 비교적 깔끔하구요 티비 피시 등등 최신형이구 들어가자마자 난방이 되어있어서 따뜻했어요,-1
하 룻 밤 묵 기 좋 았 어 요 사 장 님 친 절 하 세 요 재 방 문 할 게 요,-1
전주에 살지만 한옥숙박은 처음입니다 너무 고즈넉하고 방에 옷걸이며 작은 소품까지도 예쁘네요 사장님이 친절하게 반겨주시고 미리 에어컨도 켜주시고 들어가자마자 시원하고 청결했어요주차도 세세하게 봐주시고 저녁에 방앞에 모기향까지 모기하나 안물리고 왔네요 너무 행복하고 즐거운 추억이 되었습니다 생각보다 방과 화장실도 여유있고 카페테리아 이용은 못했지만 웰컴과일도 너무 맛있게 잘먹었습니다 너무 추천하고 또 방문하겠습니다,1
전주한옥뷰가 보인다고 하여 예약하였습니다 평일이라 그런지 저층예약하였는데도 고층으로 배정해주셨어요 체크인시 카드 번호를 요구하십니다 혹시나 다른요금 청구시 필요했나봐요 테라스가 있어서 한옥뷰를 직접 볼수 있었구요 단풍이 예뻣을때 가면 어땟을까 생각이 드네요 변기와 샤워부스가 나뉘어있던점이 좋았구요 수건도 넉넉했습니다 침대도 매우 푹신하여 꿀잠잤구요 근처에 감자탕집이 저녁식사로 딱입니다 매우맜있었어요 도보분입니다 담날 아침 샌드위치 배달받아 맜있게 먹었습니다 아침에 보는 한옥뷰도 최곱니다 욕조가 있는룸도 있는것 같은데 담엔 그곳을 이용해보고 싶네요 가장 싼 저층배정방을 예약해도 평일에 가면 고층으로 배정해준다,1
좋습니다 편하게 쉽니다좋습니다 편하게 쉽니다좋습니다 편하게 쉽니다좋습니다 편하게 쉽니다좋습니다 편하게 쉽니다좋습니다 편하게 쉽니다좋습니다 편하게 쉽니다좋습니다 편하게 쉽니다좋습니다 편하게 쉽니다,1
정말 분위기 넘 좋아요 화장실도 깨끗 엄마랑 왔는데 효녀노릇합니다,1
사장님이 친절하세요 조용한 숙소네요 잘잤어요,1
물 조절이 어려운 것만 빼면 다 좋은 것 같아요 일하시는 분도 친절해요 깨끗하고 좋았어요 깨끗하고 좋았어요 깨끗하고 좋았어요 깨끗하고 좋았어요 깨끗하고 좋았어요,1
호텔마루 조아요 깨긋하고 넓고 입욕제도 주고조아요 또올게요 감사합니다 번창하세요 호텔마루 조아요 깨긋하고 넓고 입욕제도 주고조아요 또올게요 감사합니다 번창하세요,1
리뷰가 거짓이 아닙니다 믿고 가봤는데 역시나 직원분들 친철하시고 침대 폭신합니다 다음에 전주 갈 일이 있으며 이곳에 투숙할 겁니다,1
새로운곳이라인지 아주좋고 편하네요 또이용하고싶네요 다음에 전주오면 또 이용할께요,1
우선 주말인데도 다른 모텔에 비해 완전 저렴했어요 아이들이 있어 특실트윈에서 숙박했는데 방도 넓고 좋아요 전주갈때마다 이용하는 곳입니다,1
넷플릭스 잘되고 유튜브도 잘되고 항상 좋은시간 보내고 있습니다 화장실 욕실도 분리되어 있어서 남친 있어도 편하게 잘 지낼수 있어요 사모님도 친절하시고 청소도 잘 챙겨주십니다 사장님 번창하세요,1
주말마다 갑니다,1
사장님이 매우 친절하시고 숙소도 청결해요 수건도 넉넉히 주셨어요,1
가격대비 괜찮은거 같아요,1
리뷰 처음인데 여자 사장님 저희 주차장에서 보자마자 매우나도 친절하게 맞아 주셔서 그냥 다 기분좋았구요 이 정도 가격에 이정도 괜찮습니다 깔끔해요,1
재방문 의사 입니다,1
저번에 방문했을때 방도 크고 깨끗한데 저렴하길래 재방문 했습니다 이번에는 방은 작았지만 웨이브 넷플릭스 티빙이 있어서 볼 것이 많아서 좋습니다 가격이 저렴한데 가 많아서 좋습니다,1
처음 가봤는데 청결은 엄청 좋습니당 카운터에서도 엄청 친절하세옹하지만 아쉬운점은 이제 새로 오픈 한 곳이라 그런지 수건에 뭐가 다 뭍어 있더라고요 세탁업체에 말씀 드려야 할 것 같습니당 손님 입장에선 쓰기 찝찝합니당,1
너무 편하게 잘 머물다 갑니당 예약대실 처음해봣는데 정말 편리하고 좋앗어용 담에또 방문 예정입니당,1
급하게 알아보느라 여기저기 알아봤는데요 주차도 가능하면서 한옥마을이랑 도보로 멀지 않은곳을 찾았는데 정말 딱보이더라구요 이틀전에 예약하고 하루전에 일찍가서 주차 가능한지 문의하니 가능하다시며 일찍와서 주차해놓고 놀다오라고 쿠폰도주시고 괜찮은곳 추천도 해주시고 숙소자체도 신축이라 어찌나 깔끔한지 물건들 제품들도 다 새제품 욕실사진을 찍었는데 없어졌네요 욕실 깨끗하면 더 볼것도 없죠 층에 믹스커피물차 같은것도 있고 전자렌지도있고 매우 괜찮았어요 할인되는 커피도 잘마셨습니다 모든면에서 완벽한 숙소였습니다 정말 감사합니다,1
역시 좋네요 깨끗하기도 하고 따뜻하고,1
잘이용했습니다 조와요,1
사장님도 친절하고 굉장히 청결했습니다 무엇보다 방이 무척 따뜻해서 좋았습니다 기회되면 꼭 다시 방문하겠습니다,1
좋아요 늘 잘 이용하다 갑니다,1
시설은 깨끗하고 벌레가 없어서 괜찮았어요,1
싼 맛에 잘 쉬다가 갑니다 진짜 가성비는 최고입니다 대실은 가운 없다는게 아쉽고 머리끈 없는 것두 아쉽고 카운터 전화하는데 세상에서 제일 바빠보이셔서 대답 안듣고 바로 끊으시는 거 좋았어요 자리에 안계셔서 입실도 분 늦게하고 좋았습니다 싼 맛에 잘 쉬다가 갑니다 진짜 가성비는 최고입니다 대실은 가운 없다는게 아쉽고 머리끈 없는 것두 아쉽고 카운터 전화하는데 세상에서 제일 바빠보이셔서 대답 안듣고 바로 끊으시는 거 좋았어요 자리에 안계셔서 입실도 분 늦게하고 좋았습니다,1
사장님도 친절하시고 주차장방 다 마음에 들었어요 전주오면 또 올게요,1
사장님께서 진짜 친절하시구 매우 좋았어요 조식 흑입자죽은 진짜환상적이였어요 그리구 신경도 많이써주시고 퇴실할때 폴라로리드로 사진찍어주시는것두 매우 좋았어요 걸어다니기에두 매우 좋구 정원이 매우 이뻐서 좋았어요 다음에무조건 또 올예정입니다,1
시설이 오래되긴 했지만 불쾌할 정도는 아니에요 침대도 크고 깔끔해서 잘 쉬다 가요,1
전주 출장와서 이용했습니다 라면 주는 강점이 좋습니다 우선 주처장 진짜 넓구요 바로옆 편의점에 먹거리도 만족합니다 침대도 푹신하고 물 음료도 풍족해서 자주 오는거 같습니다 냉장고만 시원했으면,1
좋아요,1
호텔 외관이 뭔가 이쁘게 생겨서 엄청 신기해요 터미널하고도 가까워서 접근성도 엄청 좋은 편이구요 호텔 로비 들어가면 깔끔한 외관이 먼저 반겨줘요 사실 관광호텔이라는 어감이 제가 느끼기에 뭔가 좋은 편은 아니라 큰 기대는 안했는데 생각보다 너무 괜찮았어요 그리구 아무 생각 없이 체크인하는데 방을 업그레이드 해주셔서 정말 괜찮았어요 그렇다고 모든 분을 해드리는건 아닐테니 이건 기대를 하지는 않는게 좋을 것 같아요 그리구 객실 처음 들어왔는데 향이 너무 좋아서 첫인상이 괜찮았어요 그리구 생각보다 객실이 넓어서 너무 괜찮았어요,1
우선 리뷰를 보고 찾아갔습니다 청결이 가장 중요하게 생각했는데 정말 깔끔하고 좋았습니다 화장실에 물때하나 없고 깨끗했어요 실내 룸도 조금 작긴했으나 아이와 함께 자는데 전혀 불편함 없었고 마루가 길게 뻗은게 아이가 다니기 좋았어요 출입구부터 조경이 잘되있는게 사장님께서 신경쓰시는구나 싶었고 입구에서 마주쳤는데 엄청 친절하시고 아이한테도 먼저 인사하고 말걸어주셔서 감사했어요,1
시설이좋고 사장님도 친절해요,1
사장님도친절하시고 방도 깨끗하고 좋네요,1
시설이며 청결 다 만족하고 잘 쉬다갑니다 토스트도 맛있게먹고 다음에도 이용할게요,1
접근성이 좋고 주차도 잘되고 좋아요,1
언제가도 친절해용 청소하시는 할머니들도 친절하시구요 마니 애용하는 모텔이여용,1
출장을 밥먹듯이 다니는 사람입니다 갑작스레 오게되엇지만 전주에서 너무 좋았습니다,1
최근 정말 자주 이용하게 된 숙소입니다 사장님이 너무 친절해서 기분이 너무 좋아요 요청사항도 너무 잘 들어주시고 사람 기분 좋게 해줍니다 그리고 객실 내부도 너무 청결하고 가격도 너무 착해요,1
방도청소가깔끔하게잘되어잇엇고요 여자로서이불이나수건에민감한데 깔끔해서 더좋았습니다 앞으로도애용할게요,1
가격에 비해 가성비 좋았습니다 이근처에 출장 가실일이 계시면 한번 사용해보시는것도 괜찮을듯 합니다 바로 앞에 편의점도 있었구요 근처에 식사하실만한것도 있습니다주차장 당연히 있습니다그리고 사장님도 친절하시구요 인테리어나 시설쪽으로도 생각보다 괜찮습니다 가보시면 후회는 안하실듯 하네요 가격에 비해 좋습니다 그럼 다들 좋은하루 보내시구요 편안한 밤 되시기를 바랄께요 굿럭,1
일단 사장님이 되게 호탕하시고 친절하셨습니다 다른 모텔은 대부분 예약자이름 확인하고 비품전달 해주시고 끝이였는데 황금은 사장님께서 기분좋게 인사해주셔서 더 기분 좋게 묵었던 거 같습니다 그동안은 사회적 편견 때문인진 몰라도 숙박업소 관리하시는 분들이 너무 친절하게 맞이해주셔도 뭔가 민망스럽지 않을까 생각했었는데 아니더군요 조용히 들어갔는데 밝게 인사해주시면서 기분좋게 맞이해주시니 되려 너무 기분 좋았습니다 그리고 깔끔하고 청결하다는 평이 많긴 했지만 반신반의 하면서 갔었는데요 괜한 걱정이였습니다 방에 딱 들어서는데 깨끗하다는 느낌이 나더라구요 다만 다른 층에서 환풍기를 통해 담배냄새가 올라온 것인지 잠깐 외출했다 들어가니 화장실에서 담배냄새가 심하게나서 담배냄새를 격하게 싫어하는 저는 담배냄새가 빠질동안은 화장실을 이용하기가 힘들었습니다 그 외에는 너무너무 만족합니다 여러 숙박업소를 방문해보았지만 시설도 가격대비 매우 만족스러웠고 넓고 깔끔하고 기회가 된다면 꼭 다시 묵고 싶은 숙소였습니다 일단 청결한 느낌이 방에 딱 들어가면 느껴지실 겁니다 그리고 사장님이 매우 친절하시고 호탕하십니다,1
전반적으로 만족합니다 가성비 정말 좋아요 사장님도 친절하세요 주차장도 층에 있고 바로 건너편에 외부주차장이 따로있어서 주차걱정은끝 편의점도 가까이있어서 너무 편했고 백반집도 많고 맛집도 많아요 룸컨디션도 좋고 룸도 넓고 쇼파에 테이블까지있어서 배달시키기도 좋았어요 넷플릭스도 볼수있어서 좋았고 객실상태 화장실 다 굿이었어요 청소도 잘되어 있었어요 큰침대가푹신해서 여독을 풀수 있어서 좋았어요 출장차 방문하면 정말 굿입니다 가격도 저렴하고 잘쉬다 왔습니다,1
사장님께서 시간에 관계없이 항상 반갑게 맞이해주십니다 노한 음료나 전자렌지등 편하게 사용하도록 별도의 공간이 있으며 문의사항등에대해 친절하게 응대해주십니다 다음에 다시 이용하겠습니다,1
시설좋아오,1
평일에는 가성비가 좋네요 주변에 먹거리나 이런것도 많고 잊지가 좋아요 물도 잘나오고요 담배연기가 안올리와서 정말 좋습니다 다음에도 또 전주 들으면 예약할게요 고생하세요,1
전주 방문할 때 자주 가는 호텔이에요 룸컨디션 괜찮은 편이긴한데 가끔 머리카락이 나오긴 해요 침대 밑에서 쓰레기가 나올 때도 있어요 스탠다드로 당일 예약하고 묵으면 층마다 있는 물품실 앞쪽 방들을 줄 때가 많은데 아침 시 정도부터 시끄러운 소리가 들려서 깨요 일층에 편의점 있고 마당김밥 있어서 좋아요 주차도 편리한 편이긴한데 주차장 입구에 호텔입구 표시가 잘 되어있으면 좋을 것 같아요,1
깔끔하니 굿입니다요,1
잘쉬었다가 갑니당 좋은숙소라서 잘쉬었다가 갑니다 너무나 깔끔하구 기분좋게 잤습니다 그리구 바로앞에 편의점이 있어 더욱 좋았구요 다음엔 여기로오겠습니다,1
침대가 푹신하진 않았지만 사용할만했어요.,-1
보통의 숙소 서비스였어요.,-1
근처가 위험해 보여서 불안했어요.,-1
조식이 제공되긴 했지만 인상적이진 않았어요.,-1
물걸레 자국이 그대로 남아 있었어요.,-1
배게가 목에 딱 맞아서 꿀잠 잤어요.,1
냉난방이 즉시 작동해서 쾌적했어요.,1
직원분들이 정말 친절했어요!,1
커피 머신이 있어서 아침이 즐거웠어요.,1
객실 내부 인테리어가 예술적이었어요.,1
불만은 없지만 다시 올지는 모르겠어요.,-1
숙소 분위기가 정말 차분하고 편안했어요.,1
룸키가 구형이라 불편했어요.,-1
숙소 내부가 향기롭고 청결했어요.,1
추가 요청에도 빠르게 응대해주셨어요.,1
어린이 전용 공간이 있어 가족 여행에 안성맞춤이었어요.,1
프론트 직원이 자리에 없었어요.,-1
와이파이가 작동하지 않았어요.,-1
에어컨 소리가 좀 있지만 자는데 문제 없었어요.,-1
숙소에 큰 문제는 없었어요.,-1
욕실에서 곰팡이 냄새가 났어요.,-1
건물이 너무 낡았어요.,-1
엘리베이터가 없어서 조금 불편했어요.,-1
객실 냄새가 심하게 났어요.,-1
기본적인 청결은 유지되고 있었어요.,-1
복층 구조라 아이들이 좋아했어요.,1
방음이 전혀 안 됐어요.,-1
에어컨 소리가 약간 크긴 했지만 참을 만했어요.,-1
방에 머리카락이 여러 개 있었어요.,-1
방이 조금 오래된 느낌이 있었어요.,-1
침구에서 햇볕 냄새가 나서 안심됐어요.,1
샤워기에서 찬물만 나왔어요.,-1
조식이 형편없었어요.,-1
방마다 개별 냉난방 조절이 돼서 편했어요.,1
건물 자체가 너무 낡아서 불안했어요.,-1
침구가 눅눅해서 잠을 제대로 못 잤어요.,-1
청소 상태가 완벽했어요.,1
주변 소음이 전혀 없어 조용했어요.,1
아침에 들리는 새소리가 인상 깊었어요.,1
별다른 특색은 없지만 기본은 했어요.,-1
딱 가격만큼의 서비스였던 것 같아요.,-1
방이 좁고 답답해서 오래 있기 힘들었어요.,-1
머무는 동안 불편함이 전혀 없었어요.,1
전반적으로 평범한 숙소예요.,-1
딱히 인상적인 점은 없었어요.,-1
체크인 과정은 무난했어요.,-1
화장실은 오래돼 보였지만 쓸만했어요.,-1
리모컨이 작동하지 않았어요.,-1
프론트 직원의 설명이 자세해서 감사했어요.,1
무난한 숙소였습니다.,-1
냉장고에서 썩은 냄새가 났어요.,-1
조명이 깜빡거려서 눈이 아팠어요.,-1
체크인도 빠르고 응대도 좋았어요.,1
환기가 잘 안 돼서 답답했어요.,-1
호텔 에서 걸어서 관광지 이용이 가능 한거는 좋음 그런데 너무 드러움 이불 침대 가구 등등 언제 청소 한지도 모를 정도로 먼지가 쌓여 있음 찝찝 해서 이불안덮고 잤더니 추워서 방 온도좀 올릴려고 하는데 조절안되어 추웠음 다신 이용안할듯함,-1
리뉴얼하다만 느낌입니다 외관만 한건지 가구도 다 그대로인것 같네여 가격대비 괜찮아요,-1
해당 숙소에서 하룻밤을 머물게 되었습니다 우선 보통의 호텔이라고 하면 티비와 침대가 마주보고 있어야 하는데 옆면을 마주하고 있더군요 이게 티비를 보라고 하는건지 이해가 되질 않았습니다 뭐 사실 티비를 보려고 간것도 아니어서 신경아 쓰이진 않았습니다 그런데 잠을 청하려고 침대에 누우니 실외기가 돌아가는 진동이 벽을 뚫고 객실이 울렸었습니다 베개에 머리를 대면 귀에 안마기를 꽂은 것처럼 소리가 머리에 울리더군요 그것때문에 잠을 자려고 하던 숙소에서 두시간동안 뒤척이다 잠에 들었습니다 마지막으로 아침에 일어나니 목이 칼칼했습니다 왜 그런가 살펴보니 티비와 옆면을 마주하고 있던 침대위에 에어컨의 바람이 저의 안면부를 향해서 밤새 불었기 때문이 아닌가 싶습니다에어컨에 가림막을 설치하는게 좋지 않을까 싶습니다,-1
방 벽지 곰팡이에 거미줄까지 있는건 좀 그렇네요,-1
난방이 잘 되지 않고 바람이 너무 많이 들어옴 새벽에는 보일러도 끈 것 같음 평점 보고 갔는데 전혀 아님 도대체 누가 평점 남기는 거야,-1
들어갔는데 머리카락이 좀 있고 그냥 집같았습니다 원정도라 숙박하기에는 괜찮았습니다,-1
컴퓨터에 게임은 많이깔려있지만 되는 게임이 없음,-1
방이 너무 작아요 방이작은데 청소상태도 엉망이였습니다 치워지지않은 담배와 물뚜껑이 그대로 있네요,-1
엘리베이터에서 내려서 부터 하수도 냄새가 너무 많이나요 잠을 잘수가 없었습니다 와이파이가 연결도 잘 안되고 후기가 괜찮아서 예약했는데 진짜 별로입니다,-1
그냥 무난했던 숙소예요,-1
그냥그렇네요가격은다른데랑비슷한데비해 시설은 별류 요즘워낙다좋아서 차라리 다른데가는게 나은거같네요,-1
리모컨이 안먹혀서 불이나 티비를 킬 수 웂었어요,-1
프론트 직원의 건조하고 냉담한 불친절 응대 최악의 조식 다시는 절대 가고 싶지 않는 전주의 이미지까지 완전 비추,-1
겨울에 가실분들 참고하세요 왠만하면 나쁜리뷰 안남기는데 저는 까탈스럽지도 않고 딱 두가지만 봅니다 화장실 변기 깨끗한지와 방이 따뜻한지 한겨울인데 맨발로 방바닥을 밟을수가 없이 차가워서 씻기가 힘들고 옷 다 입고 잤습니다 변기는 제대로 닦지않아 공중화장실 수준이더라구요 정말 최악이었습니다,-1
숙소 들어갔더니 바퀴벌레 시체 있어서 방 변경해달라고 연락드렸는데 원래 배정해줬던 넓고 소파있는 같은 방 주기는 커녕 소파도 없고 제가 본 방이랑 다른 의자 하나만 달랑 있고 내부도 더 좁은 안 좋은 방 주시네요 비즈니스 방 사진에 소파 없는 방 사진은 없는데요 그리고 둘이 있는 거 뻔히 아는데 의자 하나 있는 곳 주는 건 좀 그러네요 다신 안 올래요,-1
조용하고 가성비좋은 숙소,1
오후에 샤워하고 밤에 날 좋아서 조깅하고 땀이 매우 나서 샤워를 한번 더 하다보니 수건이 다음날 쓸게 부족할 것 같아서 요청했다가 아침도 아닌데 수건을 이라면서 받았네요 여러번 요청한 것도 아니고 한번 수건 받는 것도 눈치 보여서 다음에는 이용 자제할 것 같아요,-1
담배냄새가 너무 나고 냉장고가 작동을 안해요,-1
시설은 괜찮았으나 구석구석 먼지가 엄청나네요 욕실 세면대 물이 안내려가네요,-1
안녕하세요 항상자주 이용하는데요 이번에는 매우 아쉬움이 있었네요 보통 대실로 이용하다가 숙박하였는데요 청결이 많이 아쉬웠네요 수건을 펼쳤는데 머리카락잇고 바닥에 장갑이 떨어져 있고가성비적으로 나쁘지 않은데청결이 부족햇던거 같네요 주차는 비교적 좁지는 않고요접근성좋고 티비도 크고요근데 가 안돼서 제꺼 이용하려 했는데 그것도 자꾸 안돼서 그냥 미러링으로 봤네요 쫌 불편했어요 그거는 아무튼 그래도 푹쉬다 가요,-1
비주얼은 눈이 휘둥그레해 질 정도입니다 봤을때 깔끔하고 깨끗해보였습니다 결론은 화장실만 굉장히 깨끗했습니다 대리석 바닥은 시간이 지나도 냉골이고 침대에 전기매트도없습니다 층간소음 층간소음 층간소음 그나마 꾹 참고 잠든 새벽에 난데없는 화재경보기가 울리다니요 사과한마니없고 허참 침대는 겉모습만 깔끔해보이는지 온몸에 두드러기 세상못잊을만한 숙소네요,-1
가성비는 좋습니다 출장올때마다 오네요 특히 침구류 깨끗해서 좋아요 다만 체크인 하는데 여자 직원분 개념을 밥말아 드셨는가 잠깐만요 하더니 한참 문자를 하더군요 손님을 세워두고 불쾌했습니다 직원교육은 필요할거 같아요,-1
물도 더달라니깐 돈주야돤다하고 방이너무건조,-1
화장실트이고청결전기위험,-1
들어가서 누우려고 하자마자 벌레가 나왔는데 그냥 넘어갔음 가운도 없어서 단기 여행하는 사람도 여분 옷 필수 침대 옆에 세면대 있는데 방심하고 틀다가 워터밤 될 수 있음 제일 불쾌했던 건 충전기를 두고 왔는데 확인해주지도 않고 없다고 단정 짓고 끊어버림 말투 진짜 틱틱댐 근처 숙소 많이 가봤는데 여기가 최악,-1
모기를 마리나 잡았는데 아침에도 1마리 발견했네요 어디에서 모기가 계속 들어오는건지 먼지가 많이 날리고 객실이 청결하지 않습니다 시트에 죽어있는 작은 벌레가 붙어있었어요 위층에서 쿵쿵 소리가 들리긴 했으나 소음은 크지 않았고 수건도 넉넉히 줘서 좋았으나 객실 청결에 신경쓸 필요가 있어 보입니다 여러 모로 아쉬움이 많이 남았습니다,-1
하루잘쉬었다 갈수있는곳이네요,1
춥고 건조하고 좋지 않아요,-1
바쁘다고 청결이라던지 기본 서비스라던지 넘어가달라고만 표현하시고 제대로 해주시는게 없이 대책 마련도 해주지 못하네요 너무 아쉬웠습니다,-1
여기 진짜 별로 자고 다음날 씻을려니까 보일러 고장 났다고 따뜻한 물 안나온다고함아니 상식적으로 고장 났으면 미리 말을 해주던가 해야지 말도 안하고 퇴실시간 됬으니까 어차피 나가셔야한다고 정말 불친절,-1
한옥마을과는 가까워서 굉장히 좋았는데요 날씨가 더웠는데 중앙식에어컨이라 굉장히 더워서 사우나하는 느낌 다른방도 다똑같다고해서 참았는데 아침에 일어나보니 팔에 벌레가 군데나 물려서 가려워서 긁느라 혼났네요 모가도 아니고 진드기에 물린거같은데 룸바닥이 카페트라서 청소도 그렇고 에어컨도 그렇고벌레도 그렇고 비추합니다,-1
출장 많이 다니는 편이라 모텔이용을 많이 합니다 항상 느끼는거지만 또 사진과 리뷰에 속았네요 청결하지도 않고 사진과같이 깔끔하지도 않아요 제가 느낀점은 건물 외관만 좋은거 같아요 오래된건물에 리모델링 해놓은것같고 문열자마자 모텔 특유의 냄새 찐하게 나고 침구 냄새도 이상하고 수압이 얼마나 약한지 여자인 내가 머리 감는시간만 어휴 침대에 머리카락 막 떨어져있고 어쩐지 싸다 싶었는데 또 속네요 리뷰와 사진에 다른분들은 무슨생각으로 리뷰를 적는건지,-1
방 받기까지 분정도 대기했는데 들어가자마자 담배냄새가 매우 나서 전화했더니 이미 알고계셨다고 전에 대실고객이 피고갔다고 방 바꿔줄테니 다시 내려오라고 하셔서 기분이 매우 안 좋았어요 근데 방 다시 받기까지 분정도나 기다렸어요 전에 이용한 고객이 담배핀 걸 알았으면 그 방을 주면 안 되는 거 아닌가요 체크아웃 시간 연장 해주신다고 했는데 정해진 일정이 있어 기존 예약시간대로 이용했습니다,-1
그럭 저럭 묵을만 했습니다만 쓰레기통이 비워져있지 않았고 매립형 욕조가 인상적이였습니다 바디워시와 샴푸가 도브 제품이고 약간 곰팡이 핀 것 같이 까무잡잡한 느낌 있었지만 그냥 사용하였습니다 벽면에 데미지가 많은 편이지만 신경 안 쓰이는 정도이고 냉장고에는 물 두 개 음료 두 개 있습니다 침대 컨디션은 양호였어요,-1
난방은 좋았으나 침대가 딱딱함,-1
미리 찾아가 원하는 방을 말씀 드렸는데 예약날 체크인을 해보니 그 방이 아니였네요 호텔은 새 호텔이여서 깨끗하게 이용했지만 서비스 측면에선 만족하지 못합니다,-1
초성수기에 숙소예약이 늦어져서 선택의 폭이 좁았지만 한옥의 로망이 있던터라 사진보고 기대하며 숙소를 정했다 최대 인까지 가능하다고 해서 방크기가 넉넉한줄 알았다 도착해서 문을 여는데 아이들 실망하는 눈빛이 역력하다 딸아이는 자기방 반밖에 안 된다고 투덜투덜 정말 나도 매우 당황했지만 아이들을 다독였다 이불깔면 캐리어 놓을 공간도 없었다 잘때 난 화장실 문 바로 옆에서 자야했고 더 힘들었던건 화장실벽 누수때문인지 자고 일어났더니 이불이 젖어있었다 덮는 이불도 인 기준 까는 이불 개 덮는 얇은 이불 개라 몸에 열이 많은 남편과 아들때문에 에어컨틀고 자니 나와 딸아이는 오들오들 떨며 잤다 아이들에게는 단칸방 체험한다고 씁쓸하게 얘기했지만 년에 한번 있는 여름휴가를 망친 기분이다,-1
최악이예요 한두번도 아니고 남친아이디까지 하면 몇번갔어요 갈때마다 흡연하냐고 물어서 한다고 했고 그러면 사진과 다른방주시고 다른방주는게 한두번이 아닙니다 남친이 따지려는거 제가 진정시켰어요 그리고 이불이 커버와 솜이 따로 놀아요 덮을때마다 불편함,-1
잘 쉬었다 갑니다 가성비 짱,1
룸 이용했습니다 사양은 적어주신 사양과 동일해요 근데 램문제인지 문제인지 잔렉이 조금 있긴함 모니터가 좋아서 배그 하옵으로 할만할듯 최대단점 새벽에 뜨거운물이 안나옴 내내 안나오다가 아침 시부터 나왔음 시기 놓치면 씻지도 못함월요일 기준 그리고 목욕가운이 없음 다른데는 다 제공해주셔서 당연히 있을거라 착각했습니다 그냥아쉽 그리고 바닥마감재가 별로인가 원래 맨발이나 양말로도 곧잘다녔는데 바닥에 먼지인가 무언가 계속 발에 묻는 느낌이라 어쩔수없이 슬리퍼착용해서 다녔어요 근데 그 슬리퍼 마저도 진짜 닳기직전 막 내구도 요런상태라 이건 좀 교체해주셨으면 좋겠습니다 커튼은 암막커튼이 아니여서 아침에 햇빛이 스근하게 들어와요 암막있으면 좋았을텐데 아쉽 퇴실연장비용은 저렴해서 괜찮았어요 건물이 오래되가지고 그냥 오래된숙소의 단점 다 갖고 있어서 그부분이 참 아쉽습니다 그리고 냉장고에 물 두개가 있었는데 하나는 새거라 개봉할때 여는느낌이 있었는데 다른 하나는 힘을 안줘도 그냥 물병이 스르륵 열리더라구요 뭐지 재활용한건가 했습니다 아직도 원인모름 카카오맵에 유독 불친절하다는 리뷰가 많던데 직원분과 그다지 많은 이야기를 나누진 않았어서 불친절한건 모르겠습니다 그냥 시큰둥하십니다,-1
객실이 매우 추워요 전기장판도 고장나서 새벽에 매우 추웠고 감기 걸려서 지금도 고생중입니다,-1
방음이 너무 최악입니다 옆방 티비소리 대화소리 윗방 의자끄는소리 다들립니다 바로 옆에서 나는 소리마냥 그리고 주차장이 매우 부족한거 같고 객실이며 욕실이며 모서리에 곰팡이가 너무 심합니다 또한 세면대에서 물이 즐줄 새서 바닥이 많이 미끄러워서 위험했습니다 보수좀 잘해줬으면 좋겠습니다 저번에 묵었을때는 좋은기억이었는데 이번에는 너무 불만족 스럽네요 수압은 엄청 강력합니다 수압하나 인정이요 위치도 참 괜찮습니다,-1
처음엔 깨끗해 보여서 좋았는데요 방음이 전혀 안되어서 정확히 시분에 잠들었네요 티비소리 대화소리 심지어 술 따르는 소리가 들려서 도저히 힘들어서 프론트에 말씀드리니 투숙객이 이라고 소리지르고 가족여행이었는데 아 괴로웠네요 프론트는 친절했는데 방음에 문제가 많았어요 이 부분만 개선되면 좋겠어요,-1
안마의자 발쪽에 각질이 많아서 더럽고 환기가 잘 안되서 그런지 담배냄새도 납니다 화장실은 큰편이라 좋은데 욕조가 좀 더럽더라구요 늦게 가면 주차할곳도 없어서 밖에 주차해야되고 별로내요,-1
우선 사진을 믿고 숙소에 방문한다면 후회하십니다 저는 출장을 자주 다녀서 지방 여러 곳의 모텔을 자주 이용하는데 비용이 저렴한 곳을 중점으로 찾아다니다가 이 곳을 찾게 되었습니다 오래된 호텔을 개조하여 운영중인 숙소로 여러가지 문제점이 있으나 잠만 자고 온다면 크게 문제는 없습니다 장점 저렴하다 비흡연객실 단점 시설이 부족하다 컴퓨터넷플릭스충전기 비흡연객실 전 흡연자 주차공간 협소,-1
만천원이라는 저렴한가격에 이용했고 사진보고 가성비 좋겠다 싶었지만 막상 들어가니 사진보다는 조금 낡았습니다 눕기도 전에 베개커버에는 머리카락과 화장품이 묻어있었습니다 커텐이없어 찬바람이 들어왔고 바닥도 차갑고 내부 공기가 추워서 긴팔긴바지 입고잤어요 너무 추워서 난방좀 부탁드렸지만 침대에 전기장판있어서 잘땐 괜찮다는 말씀만 하셨습니다 문제눈 침대크기는 큰데 장판이 두사람이 누웠을때 몸의 반절씩만 따뜻한 쪽 누울수있는 정도의 작은 크기의 장판이었습니다 좋은 여행의 끝이 돈아끼려다 춥게자고나니 좀더주고 좋은곳 이용하는것이 나을듯 합니다,-1
시설은 조금 오래됐다는 생각이 들어요 세면대 물 안내려가고 화장실 냄세 방바꿔도 많이 나고,-1
전주갈때마다 대실시간도 좋아서 쉬다가는데 어제는좀 실망했네요 오후시쯤갔는데 오후시부터 난방이들어온다구 하시구 머 그거야 전체난방일수있으니 절약하신다하구 샤워하려하니 찬물 분넘게 틀어도 계속나와서 전화했더니 그럴일없다하시구 오셔서 트시더니 따뜻한물나온다면서 제가잘모르고 그랬단식으로 말씀하셔서 당황했는데 그래도 뭐 나가시면서 실험해보려 그랬다면서 말씀하셨긴 하셨는데 그냥 싼가격에 예약해서 저도 머라구는 못하겠네요 이번이 세네번째 갔던건데 어제는 좀실망했네요,-1
시설 깨끗하고 깔끔해요,1
사장님 불친절하시고 방도 너무춥고 샤워기 욕실 타일 넘미끄럽고 넘어질뻔 너무 안좋아요 두번다시 안가고싶어요 최악임,-1
컴퓨터가 느려서 약간 아쉽긴한데 방은 맘에 들어요,-1
맨바닥에 메트리스만 갈린방이였는데 조금 불편했어요,-1
그냥 평타정도하는듯,-1
저렴하게 예약했어요 방안에 창문을 열어놓으셔서 온기가 없어서 처음에 좀 추운거 빼고는 괜찮았어요 난중에는 따뜻했어요 저렴하게 잘이용 한거 같아요,-1
음음음음음음 침구에서,-1
출장으로 이용했고 서신동은 처음 예약했는데 차량 이용해서 이동하기에 편리했습니다 한옥마을 객사 신시가지처럼 가려는 곳이 특별하게 있다면 도보 이용은 어려운 지역이었습니다 그리고 넷플릭스와 안마의자 포함된 객실로 예약해서 잘 이용했습니다 조그 아쉬웠던 건 세탁이 되어있었지만 침대 시트와 이불에 얼룩이 일부 묻어 있었습니다 시각적으로 조금 보기싫은 부분이었습니다 전반적으로 출장에 이용하기에 괜찮았습니다,-1
객실 청소상태는 조금 아쉽고 시설은 가격대비 그런대로 만족합니다 재방문의사 있습니다,1
사장님이 친절하시긴 합니다만 시설이랑 청결이 좀 실망이네요 세면대 머리카락들과 변기에 물도 안 내려가 있었고 샤워기 걸이는 덜렁덜렁 늦은 시간 입실이라 그냥 잤지만 방은 넓은데 그게 다에요,-1
가격은 저렴한데 시설이랑청소 상태가,-1
건물은 오래 되었지만 가격대비 만족 합니다주위에 먹거리 식당이 있어서 편하게 식사하고 음주 가무도 하고 불편함 없이 하룻밤 보내고 왔어요 단지 창문을 열어놔서 인지 모기가 한마리 들어와서 불켜놓고 숨박꼭질 끝에 잡고서야 잠을 잘수 있었네요 가격대비 이만한곳 없을듯요,-1
평범한 인테리어 평범한 욕실 엄청 친절한 응대,-1
시설은 좋아요 테라스방에 방충망만 있으면 좋겠어요,-1
로비에 팝콘 및 다양한 먹거리 있어서 좋아요 단침대에서 냄새가방 바꿔달라고 하고싶었습니다,-1
다좋은데 준특실은 창문이 욕실쪽에있어서 너무답답해요 욕조에 목욕좀하려고 준특실한건데 창문이 흠이네요 방이 좀 답답한 느낌이에요 그리고 에어컨도 안되게해놓으셨던데,-1
깔끔 하고 좋아요 온수가 특히 잘 나와서 좋은 것 같아요 방이 살짝 추웠긴 했는데 그건 조작을 잘 못한 내탓인듯 군더더기 없이 좋아요,-1
가격대비 그럭저럭 만족합니다,1
깔끔하고 좋습니다 또 이용할게요,1
전주 터미널 근처에 있어서 위치도 괜찮고 전체적으로 무난무난한 숙소였어용,-1
전주에서는 여기만 이용하는 투숙하는 사람인데 처음으로 실망했어요 장애 있으신 분들 편하게 묵으시라고 편의성 있게 인테리어해놓은 것 같은 숙소를 주셨는데 화장실 들어가는 입구에 문이 없어서 욕조에 물 가득 받아놓고 들어갈때 현관쪽으로 물이 넘치던데요 그리고 냉장고 문열려고 잡아당겼더니 누가 부서놓은걸 대충 맞춰서 얹어만 놓으셨는지 손잡이가 떨어지고 준비되어있던 수건 전부 다 냄새도 났어요 씻고 드라이기 사용하려고 하니 드라이기도 접히고 펴지는 부분이 고정이 안돼서 자꾸 접히는거 손으로 받치고 사용해야했네요 호였는데 왜 이런방을 주신건지,-1
깨끗하고 좋았어요 다만 쇼파가 일 인용 한개이고 간이 의자가 개 있어서 둘이 마주 보고 앉아 있기에는 살짝 부족함이 있어 보였습니다 나름 디럭스룸인데,-1
좋아요좋아오오오오오옹,1
평일날 방문하였는데요 주차장이 마련되어 있어 주차해두고 걸어서 한옥마을 구경할 수 있어 좋았어요 날씨가 무척 추웠는데 방을 따뜻하게 준비해주셔서 들어가자마자 훈훈함에 기분 좋았습니다 전체적인 시설도 깔끔하고 여행중에 조용하게 하루 쉴 수 있었어요 이용하지는 않았지만 로비에서 다른곳보다 저렴하게 한복 대여할 수 있는 것 같았어요 한번씩 화장실 하수구에서 올라오는 냄새인지 악취가 나서 화장실 문은 꼭 닫고 있었어요 박 이용하는 동안 번정도 심한 냄새가 느껴졌어요,-1
저녁애는 따뜻한물나 왔는데 아침에는 안나와서 찬물류 씻어서요,-1
처음 전주 에서 모임있어서 숙소예약을 했는데 좀 실망 스러 웠읍니다 방은 좀 넒은데 방안 조명이 너무 어두웠읍니다 그리고 커피포트가 지저분해서 바꿔 주셨는데 작동이 안되었읍니다 그리고 티비도 방에비해 너무 작고 리모컨작동도 잘안되었읍니다 그리고 욕실은 수압도 약하고 뜨거운물를 사용하면 수압이 너무 약하고 잘나오지도 않아요 좀 실망스럽고 가격에 비해 너무 아닌거 같아요 그래도 사장님과 일하시는 분들은 친절 하십니다 그리고 주차장하나는 괜찬습니다 좀신경 써주시는게,-1
그냥그러네요,-1
깔끔하니 좋네요아이스크림도있긍 기분좋게 꿀잠잤네요,1
연인과 함께 갔었어요 전주 한옥마을에 위치해있어서 도보로 여행하기에 좋았고 주변에 장사를 안하시는지 조금 휑하긴 했지만 대체적으로 만족합니다 주차자리는 넓지 않은데 가까운 근처에 공영주차장이 있어서 괜찮아요 객실 상태 나쁘지 않아요 침대가 좀 불편하긴 해요 직원분은 살짝 무뚝뚝했지만 조금만 더 친절하면 좋은 기억을 가지고 다음에 또 방문할 것 같아요,-1
오랜만에 위너에서 숙박하게됬어요 사장님은 매번친절하세여 룸도 크고 좋았는데 욕조 물이 잘안빠지더라구요 그부분 신경써주시먼 좋겠네요 그래도 전체적으로 좋았습니다,-1
한옥마을은 걸어서 분 거리 정도 됩니다 둘이 쉬기 딱 좋네요 편의점이 바로 앞에 있어서 편했습니다,1
찾아가기 어려우며 생각보단 방이 더 좁았습니다 하지만 방이 깔끔했고 하루 묵는데 적당했습니다,-1
그냥저냥 묵을만하지만 컴터는 없다 치세요 그냥 안된다고 보세요,-1
숙박이 아닌 대실이었고 인이라고 더 서비스받거나 추가된것도 없으며 예약화면에도 전혀 공지되어있지 않음에도 불구하고 예약하실때 낸 금액은 인기준이라며 만원을 더 내라고 하더군요 날도 춥고 따지기 싫어서 그냥 내고 들어갔습니다 그리고 공지되어있기는 분명 시간대실인데 시간 반 후에 나오라고 하더군요 이건 무슨경우인지 굉장히 불쾌했습니다 안마의자와 스타일러때문에 예약하고 온거여서 시설은 만족했습니다만 이건 아니라고 봅니다,-1
급하게 예약한 곳입니다 연식이 있는 곳이라 키가 열쇠였지만 만원으로 저렴하게 묵을 수 있었습니다 스타일러가 있어서 겉옷을 보관하기 좋았습니다 입실하자마자 침대는 전기장판이 켜져있어서 굉장히 따뜻했고 객실 내부는 조금 추웠습니다 수압도 굉장히 세서 물이 많이 튀었습니다 구석에는 먼지가 좀 있었지만 전체적으로 무난하게 하룻밤 묵을 수 있었습니다급하게 예약한 곳입니다 연식이 있는 곳이라 키가 열쇠였지만 만원으로 저렴하게 묵을 수 있었습니다 스타일러가 있어서 겉옷을 보관하기 좋았습니다 입실하자마자 침대는 전기장판이 켜져있어서 굉장히 따뜻했고 객실 내부는 조금 추웠습니다 수압도 굉장히 세서 물이 많이 튀었습니다 구석에는 먼지가 좀 있었지만 전체적으로 무난하게 하룻밤 묵을 수 있었습니다,-1
한옥마을 둘러보긴 좋은 위치,-1
컴터없는안되는방이여서 방을옴겨주신 카운터남자분감사합니다 그냥 딱잠만조기좋은곳이에요 컴터도인터넷이매우느려서 왠종일 쑈햇네요,-1
시설 깔끔하고 좋아요 위치도 한옥마을 걸어서 구경할 수 있고다만 주차장이 협소하고 방음이 안되서 차소리 매우 시끄러웠어요 세면대 청소가 덜 된 건지 뭐가 묻어 있었음,-1
다른건모르겠고 조식을주니 좋네요 밥이랑토스트 씨리얼까지 잘먹었습니다,1
하루 잘지내고 갑니다 사장님이 친절하시네요 침구류 청결상태는 별로입니다,-1
사람이 많이 없었어서 방음은 괜찮았어요 청결 문제가 좀 걱정이었는데 깨끗해서 다행이었어요 방 마다 도어락이 있어서 안심했어요,1
가성비좋은 숙소네요,1
외관이 노후되 보이고 에어컨에서 물이 계속 떨어져서 룸체인지 해주셨는데 원래보다 더 작은 방으로 주셨어요 수압 약해요 청소도 상태도 여기 저기 머라카락이 비품구성이나 이불 냉장고 시원한거는 좋았습니다,-1
성급이라하긴엔 너무 애매한 그런 호텔이였어요방두작구위풍이쫌 심하구환기가잘안되구아 그래두 커피랑 수건은 아쉬움없이 썼었요음박을했는데이불은 한번교체해주었구요방두한번 이불교체할때 청소을해주었어요그전 라마다에서는 외출시 재정비을 알아서 해주었거든요그나마 직원분들이 워낙 친절하셔서 위안삼아 지냈어요,-1
시설릉 괜찮음 바닥 청소가 영,-1
연휴 맞아서 전주 갈일이 있어서 이번에도 워너비 이용했어요 디럭스룸 이용했는데 연휴라 공휴일 요금으로 결제했네요 근데 여기어때 어플에서는 연휴요금 적용 공지가 안떠서 긴가민가 했었거든요 항상 느끼는건데 다 만족하지만 가격이 쪼꼼만 낮았으면 좋겠어용,-1
이근처에서 퇴실이 가장 늦은 곳을 찾아서 예역을 진행했습니다 대부분의 호텔이 근처애서는 시 퇴실인데 전주호텔유는 시여서 늦게까지 늦장부리면서 자고 느즈막히 나갈 수 있어 좋았습니다 다만 불편한 점이 있다면 화장실 문이 거의 투명한 수준이라서 큰일 작은일 샤워 등 화장실에서 용무를 볼 때 함께 묵는 사람이 다 직관할 수 있어 매우 부끄럽습니다 그리고 기본 제공되는 로션 샴푸 등이 샘플이 아니라 그냥 통으로 덜렁 있습니다 비누랑 샤워타올도 덜렁 있습니다 세면대도 더러웠습니다,-1
모녀 여행차 방문한 전주에서 숙소 위치가 한옥마을과 멀지않아 여행하기 좋았습니다 비교적 청결한편이였으나 세면대와 바닥이 연결된 파이프가 끊어져있어서 바닥으로 물이 나오는데 바닥 배수구가 물이 잘 안빠지더라구요 그런데 알 수 없는 찌꺼기들이 짐을 다 풀었던 상태라 변경요청을 드릴 수 없었어요 대강 치우고 욕조에서만 씻었습니다 이 부분만 아니였다면 사장님도 친절하셨고 커피기계와 토스트 아이스크림 음료 까지 셀프코너를 세심하게 구비해주셔서 편히 지내다 왔어요 다음에 다시 전주에 오게되면 그때 또 방문할거에요,-1
사장님이 친절하시고 좋았습니다,1
깨끗하였으나 화장실에 물이 흥건하여 양말신고 슬리퍼신고 들어갔더니 양말이 젖었어요 그리고 침대 시트가 빵꾸가 나 있었습니다 침대는 많이 푹신했고요 그외에는 방도 넓고 괜찮았습니다,-1
인테리어는 조금 오래된듯 보였지만 깨끗하고 친절하셨어요,1
시설이랑 가격대비 괜찮고 재밌게 있다가 가용,1
깨끗해요 사장님도 친절하십니다 비가 많이 오는데 주차도 대신 해주시고 감사합니다,1
전주 한옥마을 바로 앞에 위치하고 있어서 호텔에 주차하고 여행 내내 편하게 뚜벅이 여행을 할 수 있었습니다 한옥마을 내 관광지와 근처 맛집들을 주차난과 요금에 대한 부담 없이 다닐 수 있었다는 게 가장 큰 장점이었어요 무엇보다 뷰가 미쳤습니다 한옥뷰 안 했다면 아쉬울 뻔했습니다 아침에도 오후에도 저녁에도 너무너무 예뻐요 사실 이것만으로도 숙박의 이유가 있었다 싶을 정도입니다 한옥마을 영화의 거리까지 도보 여행 가능하니 비슷한 루트 여행 계획이시라면 완전 추천입니다 저녁에 옆방 떠드는 소리가 간간이 들리긴 했지만 가족단위 손님이 많아서 그런지 금방 조용해져서 그것도 괜찮았어요,1
월요일부터 목요일까지 연박하면서 매우 편안하게 쉬다가갑니다 사장님이 친절하시고 아침에 나갈때 과일까지 챙겨주시고 매우매우 좋았네요,1
전주 출장시 이용하였습니다 근처 무인텔과 비교 좀 비싸다는 느낌이 들 수도 있지만 깨끗하게 정돈된 객실과 깔끔한 조식까지 충분히 상쇄되고도 남습니다 외부 주차공간도 넓어 대만족입니다,1
예쁘고 아늑하고 사장님도 친절하시고 전주에 가게 되면 또 방문하겠습니다,1
수압이 약해서 조금 아쉬웠지만 가격대비 좋았어요 남문시장과 한옥마을이 가까워서 좋습니다,1
조아용 갠차나영따듯해영조아영맘에듭니다갠차나영조아영조앙,1
주차장 넓어요 편히 쉬다가여 친절해요 주차장 넓어요 편히 쉬다가여 친절해요 주차장 넓어요 편히 쉬다가여 친절해요 주차장 넓어요 편히 쉬다가여 친절해요 주차장 넓어요 편히 쉬다가여 친절해요,1
출장으로 묵었는데 괜찮았습니다,1
신축 축하드려요 사업 대박나새요,1
처음 체크인할때 고양이들이 먼저 반겨주는대 넘 귀여워용 전체적으로 숙소 내부는 엄청 깨끗하였고 주방과 바베큐를 할 수있는 공간이 있어서 너무 좋은 곳이였던것같습니당 사장님도 친절하시고 코로나 시국에 많은 대변을 하지않고 체크인 체크아웃을 할 수 있는점도 좋았던 것 같아요 나중에 여름에도 방문하여 야외수영장도 이용하고 싶어용 화장실에는 수건 칫솔 샴푸 컨디셔너 샤워젤도 구비되어있고 수건도 넉넉하게 있었습니당,1
늘 만족스러워요 잘 쉬다갑니다,1
주차장도 좁지않고 객실 청소도 잘 되어 있습니다객실 자체도 크고 넓은편입니다시설도 불편함없이 잘 구비되어 있습니다가격은 주변보다 약간 비싼편이지만 전체적으로 나쁘지않습니다,1
올때마다 너무 좋은가격에 편하게 쉬고가요,1
한옥마을안에위치해서좋고 사장님친절해서좋고 방따뜻해서좋고 좋은점밖에없었습니다 또방문하고싶네요,1
대박 가격좋고 시설좋고 서비스좋고아이스크림이랑 커피 슬러시가 준비돼어있음 사장님 엄청 친절하십니다 손님오면 사장님 되시죠 하심,1
감성있고 깔끔하고 완전 조아용,1
방은 정말 깔끔하고 사진 그대로에요 하룻밤 정말 편안하게 잘묵었고 사장님이 너무 친절하셔용 아침 조식도 더무 맛있었어요,1
깨끗하고 사장님친절하시고 주변 산책하기두 좋아요,1
화장실이 조금 청소 상태가 아쉽긴 하지만 푹 잘쉬었습니다,1
주차장이좁은게흠이네요 그래도대실시간이길어서좋은거같아욥 잘이용하고감니다,1
잘자고 갑니다,1
직원들도 친절하고 청결 상태가 굉장히 좋았어요 샤워실과 침실 책상 등 모두 깨끗하고 먼지나 머리카락 등이 딱히 발견되지 않았어요 욕실 상태가 좋아서 만족했습니다,1
깨끗하고 깔끔해서 좋습니다,1
시설 및 청결살태 좋았습니다 스타일러가 방마다 있어서 정말 좋아요,1
사장님이 매우 친절하시고 조식도 적당하니 매우 만족합니당,1
조아웅아중리최고숙소,1
방컨디션이너무좋습니다 청소를 깔끔하게 잘하시는듯합니다 도보방문 예약으로조금 저렴하게 이용했습니다 바로인근에 공용주차장 엄청크게있어서 거기다주차하고가면 되니 다른분들도 조금이라도 그렇게 할인받아서이용하셔용,1
다신 오고 싶지 않은 곳이예요 엄청 으슥하고 분위기 탓인지 괜히 막 무섭고 그랬네요 불친절하시고 그러네요,1
깔끔한데 담배냄새좀 나요,1
깔끔하고 청결합니다,1
늦은후기 올리게 되었습니다 언제나처럼 편안하게 잘 쉬었다가 갑니다,1
한달에 서너번씩은 이용하는 곳입니다 점입니다,1
굿굿 아주만족합니다 다음에 또 방문할께요,1
저번주랑 두번 갔다왔는데 큐알을 못찍음 잘안보여용 뒤에 매우작아욤 테블릿은 야놀자만 있어서용 암튼 항상 잘 쉬다왔어용봄이라 벚꽂놀이에 지쳤음,1
항상잘다니고있는호텔 짱좋아요,1
좋아용조하요,1
갑자기 가게 됐던 곳 인데 깔끔하고 좋었어요,1
객사에서 쓸만한 모텔입니다,1
방 종류가 여러가지라서 괜히 딴 곳 안가고 즐길 수 있어서 매우 좋아요 위치도 술집 근처라서 놀기도 편하고 편의점도 가까워요 사장님도 친절 하시고 방도 매우 깨끗하고 룸도 써봤는데 사양도 나쁘지 않더라구요 담에도 올거같아요,1
있을 거 다 있고 스파 욕조에다가 샤워실과 변기가 유리로 나누어져있는 것도 좋았습니다 드라이기도 좋은 거고 방도 넓고 침대도 푹신하고 한겨울이었는데도 따뜻하고 다 만족스러웠어요 가격까지 만원 아래여서 뭐하나 흠잡을 곳 없는 숙소였어요 편하게 쉬다 갑니다 갑니다 다음에 전주 놀러오면 또 올거에요,1
전주오면 매번 가는곳인데 시설도 너무 깔끔하고 사장님도 너무나 친절하십니다 잘 쉬다 갑니당,1
전체적으로 층부터 층까지 다 청결했어요 방이 넓진 않았지만 적당했던 것 같아요 제가 사용했던 방은 세면대랑 바닥에 물이 잘 안내려가서 그건 좀 아쉬웠습니다 조식으로 바닐라라떼 만들어 먹을 수 있어요 사장님이 친절하셔서 편하게 이용할 수 있었습니다,1
청결하고 방도 따뜻해서 갈때마다 기분이 좋아여,1
오랜만에 왔는데 역시나 좋고 편한시설 잘쉬다갑니다,1
전주투헤븐트원좋아요,1
리뷰가 좋아서 갔는데 들어가자마자 화사하고 깔끔해서 너무 잘 쉬다 갑니다 물도 잘나오고 비데도 있는데 따뜻해서 너무 좋암어요 그리고 방도 진짜 따뜻했네요 저렴하게 좋은 숙소에서 잘 쉬다 갑니다,1
깨끗하고 친절합니다,1
방도 넓고 깨끗하고 괜찮았어요 가끔 전주가는데 재방문의사 있습니다,1
진짜 호텔도 좋고 조식도 미리 얘기하면 주시고 콜라나 음료 등등 무제한이고 방도 깨끗하고 넓고 엄청 좋습니다 편히 쉬고싶으신분들 추천드리겠습니다 혁신에서는 가장 쾌적하고 좋은곳이지 않을까 싶은생각이 들정도 또 가고싶을정도입니다,1