,text,label
0,우선 실수로 예약을 잘못했는데 여기어때 고객센터 측과 원만하게 대화에 응해주시고 서비스 제공해주신 점에 대해서 무척 감사하다는 말씀을 드리고 싶습니다 업체측 덕분에 좋은 시간을 보내서 진짜로 좋은 하루가 되었습니다 하지만 좋은 이야기만 쓰고 싶었지만 도저히 아쉬운 부분에 대해서는 꼭 아셨으면 해서 리뷰 남깁니다 우선 체크인했을 때 바닥에 물기가 마르지 않았고 창문도 열려있는 상태인 점이 마치 청소한 지 얼마 안 된 것 같아 보였는데 베개 밑 매트리스 커버엔 기름자국으로 추정되는 오염이 있었고 빨래가 덜 마른듯한 물비린내가 진동했어요 가지고 있던 향수를 뿌려보았는데도 나아지긴 커녕 조금 힘들 정도로 많이 났어요 제 개인적인 요청에도 긍정적으로 받아주셔서 진짜로 감사했습니다 다만 위에 말씀드린 부분에 대해서는 다른 방은 어떨지 모르겠지만 개선이 필요해 보여요,1
1,주말 가격이 좋습니다 큰 기대없이 하룻밤 지내기에는 좋은 숙소입니다,1
2,잘 쉬고 잘 자고 갑니다,1
3,모텔알바들이글을적나솔직하게글올리겠습니다 그냥 모텔이라기보다장급여관정도라보시면됩니다 가격은평일만원 여기야회원가격그런거없습니다 여기요금표자체 회원가격원이라고적혀있지만사실이아닙니다 또한 방자체도 엄청작아 침대빼고움직일공간없다고보시면됩니다 컴터두대는맞습니다 다른곳에비해 빠르긴합니다 욕실 서서씻기엔 상당히작아서 힘들구요 욕조 어른들어가기힘들어요 중학생이상힘들어요 발도못핍니다 전체적으로 판단해보면 장점다른모텔보다입실시간이빠르다 오후시입실가능 컴퓨터가 조금빠르다 단점공간이 완전좁다타모텔일반실보다적다 침대빼고 움직이기자체가힘들다 욕실서서씻기도힘들다 여관욕실도이보다크다 욕조 중학생이상은들어가서씻기힘들다 여기어때나온내용과다른점 가격회원가격그딴거없다 컴터와간격상당히좁아 두개동시할시 신경무척쓰인다 총평가 비추천 차라리평일대비 타모텔추천,0
4,방이너무춥고 여관같았어요 벽에 곰팡이쓸어있고 사진과는 너무 달라요,0
5,장점 객실 사진이랑 똑같음 단점 호만 그러는지 모르겠으나 에어콘 진심 교체하셔야 될거 같아요 심각함 낮기온 도가 넘는 이더위에 에어콘 한번 켰다가 충격받음 달달달달 경운기 소리가 도대체 에어콘에서 어떻게 그런소리가 날수 있는거죠 도로 놨다가 도 도로 올려도 그대로임 그리고 필터청소도 안했는지 썩은내가 진동해서 분도 못켜놓고 바로 껐네요 층이라 그런지 수압도 약하고 따뜻한물 시원한물 둘다 약함 큰베개에서 약간의 담배냄새는 덤 에어콘때문에 다신 가고싶지 않네요 아 티비랑 컴퓨터 연결도 잘 안되요 컴퓨터 본체 각도에 따라 티비 연결이 끊길수도있음,0
6,가격이 저렴한 숙소입니다 가성비는 최고라 할 수 있어요 간식으로 한강라면을 무료로 재공하고 있으면 원두커피가 무료 그리고 캔음료도 층에서 추가로 재공하고 있어 방에 입실전 챙겨서 올라가세요 인테리어는 최신식은 아니지만 그럭저럼 평범한 수준이고 수압과 온수는 빵빵한 상태입니다 이불과 시트는 중상에 우수한 상태였으며 초대형 로 넷플릭스 시청했는데 영화관 처럼 현실감 있어서 매우 흡족했던 경험이였습니다 화장실 상태는 중하로 지저분한 모습은 아니지만 인테리어 업그레이드가 가장 필요한 부분이 아닐까 조금 아쉬움시 있었습니다 하지만 가성대 대비 매우 우수한 부분으로 강력 추전 합니다,1
7,최악의 숙소 였습니다 청결 최악 여기저기 체모 화장실은 막혀있고 수건 냄세나고,0
8,딱히 그럭저럭이요 다른 곳은 아이 명 있어도 돈 더 내란 말 안하시는데 여긴 돈 내야된다며 받지는 않았지만그 소리를 왜 하는지 기분 별로 또 층 물 마시라고 놓으신거 아닌가요 마셔도 되냐니까 기분 나쁘게 개만 가져가세요 냉장고에 어떠한 음료 하나도 없으면서 물 먹는것도 눈치 봐야하는지 별로였습니다,0
9,객실 컨디션은 보통 욕실 컨디션은 좋습니다 외부와 차단이 잘 되는 편 패트리스는 라텍스 같습니다 연박 이용했는데 만원 추가된다고 합니다 여기어때에 설명 나와있다고 했는데 혹시나 해서 찾아봤는데 어디있나요 다음날 또 여쭤보니 이용안내에 있다고 얼버무리던데 이용안내에도 안나와있고사진첨부 도착당일 취소할 수 없어 울며겨자먹기로 결제했습니다 만원 더 차징한게 불쾌한게 아니라 사전설명없이 도착했는데 당연하단 식으로 대응하는게 불쾌했습니다,0
10,그저그런 정도 후기달기는 좀,0
11,다른방 소리까지 다 들리고밖에 문소리 윗층 발소리 옆방말소리잠을 제대로 못잤어요청결도 좀가격이 싸니까 그러려니 했어요,0
12,주차시설 잘되어있고 직원분 친절하지만 내부 숙소 청결상태가 매우 안좋았어요,0
13,퇴실시간도 안됐는데 전화와서 나가라고 함,0
14,딱히 무난하게 잘쉬다갑니다 급하게 예약해서 가긴했는데 나름 잘쉬었어요,0
15,카운터에 가격표가 있던데 그것보다 비싸게 예약을 했더라구요 트윈베드방 왜 더 비쌌던걸까요 밤 시경 입실했는데 그 시간에 누가 사용을 한건지 욕실바닥에 물이 많이 뿌려져 있더라구요 욕실 청결 상태 마음에 들지 않았고였고특히 세면대 테이블도 더럽고 게이밍 는 원하는건 없고 깔리지도 않고 셋이 갔는데 생수 달랑 통 수건도 인분 화장지도 쓰다가 떨어지구 누가 밤새 안마의자를 쓰는건지 엄청 쿵쿵거리고 아침엔 다른방 티비소리에 깼네요 사진 댓글과는 다른 방 컨디션에 속상했습니다 다만 티비와 는 좋았습니다,0
16,음 가격보고들어같는데 여기써있는가격하고 틀리네요 머 시설은중간 쯤이구요 자세한건 영수증 보세요 써있는데 원 받는다는 숙박 일반실,0
17,첫번째 방문시 친절하고 조용한 숙소로 인상이커서 두번째 방문을 했습니다 첫인상이 상당히 좋아서일까요 이번 방문엔 실망이 컸습니다 프론트직원분의 응대가 상당히 싸늘했습니다 예약자냐 이름이 뭐냐 키만 툭 전번 직원분은 차분한설명과 조식서비스에 키도 잘 넣어 주시며 웃는인상이셨는데 이번 직원분은 뭐하나 물어도 상당히 무뚝뚝하고 이곳이 평가가좋아 항시 만원인건 알지만 피곤하셔도 조금만더 친절해주세요,1
18,침대에서 머리 냄새나요 직원분들은 친절함,0
19,에어컨은 곰팡이 냄새가 너무 심해서 틀었다 끔 그리고 욕실은 천장에서 물이 새는지 떨어짐 솔직히 많이 실망함 관리가 안되는 숙박시설 같음,0
20,새벽시경 얩을통해 예약후 분정도후에도착하여 카운터에 갔더니 할머니께서 안주무시구 계시더군요 그래서 체크인후 타올두장만 더 주시면감사하겠습니다 말씀드렸더니 객실에 충분히 비치되있다말씀 하시더라구요그래서 제가 지금하구 낼 퇴실전 반신욕을 좋아해서 그러니 죄송하지만 타올좀 한장만이라도 부탁드립니다말씀드렸더니 그때부터할머니 인상이 제가무안할정도로 굳어지시더니 한장을 건네주시더군요건네주시고도 계속 반복해서 말씀하시길래 제가 안쓰면 그대로 두고오니 걱정마세요 하면서도 기분이넘 안좋더라고요물론 엘베탈때까지 웃으며 인사드리고 탓습니다할머니이시기에방입실후 넘 추워서 이리저리확인해보니 사진에 가벽뒤에 창문이잇더군요 근데 창문은 잠겨잇으나 틈사이로 찬바람이 넘 많이 들어오더라고요저 창문바로옆이 침대라 전기장판틀고 이불덥고누우면 이불밖얼굴은 차가울정도입니다 카운터 전화해서 지금해결 될문제도아니고 할머니의 카운터에서 느꼈던 기분때문에 인터폰 하기도싫었구요 다른객실은 모르겠으나 호 룸은 개선이 필요한것같고 할머니타올은 쩝,0
21,정말 리얼 솔직히 추워서 죽는 줄 알았어요 끝방이어서 그런 건지 원래 그런 건지 친구랑 둘 다 독감 걸려서 죽다 살아났어요 진짜 거짓말 안 하고 독감으로 일주일 고생했어요 진짜 너무 추워요 진심 지금도 추운 거 같아요,0
22,새벽에 자다 모기 인당 방 피빨림,0
23,사진보고갔는데넘 어두웠어요 전등 몇개도 안들어오구 프리미엄 객실인데 창문이 없더라구요뭐 없을수도있죠 화장실에 휴지도없더라구요네 뭐 비대니 괜찮아요 그러고있다가 앉아있는데 카페트에 누가신던 양말한짝이덩그러니너무해용 아침에는 세수하고 로션바르려는데 스킨로션이아닌 스킨 스킨이더군용뭐 그럴수있다고생각합니다 피곤하셨나봐요,0
24,시설깔끔했으나 방음이 도 안되네요 옆방소리때문에 새벽시부터 깨서 아침시까지 못잤음 조용조용한 대화부터 웃음소리 신음소리 싹다들리네요 이런곳은 아무리 시설깔끔해도 다시는 가고싶지않아요 인테리어 할때 경비아낄려고 방과 방사이에 걍 합판한장쓴거같음 방음 최악중에 최악,0
25,전화기 앞에 담배꽁초가 있어서 놀랬어요 청결이,0
26,초성수기에 숙소예약이 늦어져서 선택의 폭이 좁았지만 한옥의 로망이 있던터라 사진보고 기대하며 숙소를 정했다 최대 인까지 가능하다고 해서 방크기가 넉넉한줄 알았다 도착해서 문을 여는데 아이들 실망하는 눈빛이 역력하다 딸아이는 자기방 반밖에 안 된다고 투덜투덜 정말 나도 너무 당황했지만 아이들을 다독였다 이불깔면 캐리어 놓을 공간도 없었다 잘때 난 화장실 문 바로 옆에서 자야했고 더 힘들었던건 화장실벽 누수때문인지 자고 일어났더니 이불이 젖어있었다 덮는 이불도 인 기준 까는 이불 개 덮는 얇은 이불 개라 몸에 열이 많은 남편과 아들때문에 에어컨틀고 자니 나와 딸아이는 오들오들 떨며 잤다 아이들에게는 단칸방 체험한다고 씁쓸하게 얘기했지만 년에 한번 있는 여름휴가를 망친 기분이다,0
27,안녕하세요 항상자주 이용하는데요 이번에는 상당히 아쉬움이 있었네요 보통 대실로 이용하다가 숙박하였는데요 청결이 많이 아쉬웠네요 수건을 펼쳤는데 머리카락잇고 바닥에 장갑이 떨어져 있고가성비적으로 나쁘지 않은데청결이 부족햇던거 같네요 주차는 비교적 좁지는 않고요접근성좋고 티비도 크고요근데 가 안돼서 제꺼 이용하려 했는데 그것도 자꾸 안돼서 그냥 미러링으로 봤네요 쫌 불편했어요 그거는 아무튼 그래도 푹쉬다 가요,0
28,담배냄새만 안나도 살것 같아요,0
29,안마의자 에어드레서 다 있고 비품도 있고 티비 잘나오고 아래 팝콘도 있고 전기장판도 잘 되서 진짜로 다 좋았는데 이불이랑 베게에서 담배냄새가 쩔어서 새벽에 깼어요 피곤해서 바로자느라 몰랐는데 잠옷에도 냄새가 배서 결국에 아침에 에어드레서 다시 싹 돌렸어요 비흡연자에게는 비추고 흡연자분들에게는 추천드립니다,0
30,그냥 보통 싼맛에,0
31,시설이 좀 노후됬으니참고하세요,0
32,방음이 잘 안돼서 문쾅쾅 닫는 소리에 계속 깼어요 문 열고 닫을때 살살 닫히게 하는 그런거 설치하시면 더 좋겠네요 그리고 또 화장실은 완전히 닫히는 식의 문도 아니고 화장실 샤워기도 너무 낙후되어서 교체가 시급합니다 전주에서 가성비 있게 머물다 가요,0
33,늘에서 주차가 힘들엇을때 여기다 주차를 해주셨어요 저희는같응곳인줄알고 햇더가 분도 안되서 연락오셔서 차빼달라고 하시길래 빼드렷더니 누슨 노이호텔에 묵으라더니 노이호텔사람은 배째라는식으로 내가 그랫냐 사장이그랫다 오면 얘기해랔어이가 없어서 잇다가 전 나왓네욬같이할거면 하든가 말거면 말든가 사럼 놀리나잠은 노이에서 주차는 늘에사하라고 노이 일하는사람쓸거면 제대로 써랔,0
34,보통은 리뷰 작성 안하는데 서비스 직원들 각성하라고 리뷰 작성합니다 호텔 청결상태나 인테리어는 괜찮았습니다 체크인도 뭐 무난하게 했고요 거기까지는 문제 없었는데 체크아웃때 웰컴드링크 써도 되냐고 물어봐서 된다고 해서 음료 테이크 아웃해서 갈려고 하는데 음료를 골랐더니 아메리카노만 돼요 뭐 안내를 아메라카노만 된다고 해줬냐 그거도 아니고 알려주지도 않은 내용을 왜 그것도 모르냐는 식의 말을 들어야 하는지 모르겠네요 최소한 죄송한데 아메리카노만 가능하십니다 이정도만 말했어도 이 리뷰 작성 안했습니다 기분 상해서 그냥 안 먹는다 하고 주차장 나왔는데 프론트에서 제 차 정산 안해줘서 시간 원 뜨더라고요 그래서 주차 호출해서 왜 이거 등록 안되어 있냐고 물어보니 대뜸 호텔에서 잤냐고 묻더라고요 최소한 죄송합니다 부터 나와야 정상 아닌가요 제가 여기 꽁짜로 묵고 도망가는 사람인듯한 취급을 받아야 할까요 정말 최악입니다 서비스 상태 점도 아깝습니다,0
35,되게 매너 없어요 밖에 나갔다 오려면 열쇠를 들고 나갔다와야 하는데 그거 가지고 반말로 계속 뺐다 꼽았다하면 안돼 하고 반말했어요 기분나빠서 저는 다시 오고 싶지 않네요,0
36,호텔 연식도 연식인데 기본적으로 그냥 더러워요 베개에서는 누구인지모를 정수리냄새가나고 이불위에 누우니 먼지가 날아다니는거 보고 불쾌해서 안덮고잤어요 다신 안가고싶어요 사진리뷰 남기려고 사진찍는것도 솔직히 속 메스꺼워서 차마 못찍고 글로만 남깁니다 그냥 냄새나고 더러워요,0
37,기본적으로 침구류에서 냄세가 납니다,0
38,방에 이불에 담배쩐네가 나고 콘크리트벽이아니라 석고보드같은벽인것 같은데그래서 그런지 방에 외풍이 심하네요 무엇보다 불만인건 방음이 안되는건 그렇다치고 에레베이터 벨소리가 커서 밤새 사람들이 왔다갔다 할때마다 띵동띵동 밤새 제대로 자기 힘들었네요 바닥필름난방기에서도 자꾸 딸깍딸각 소리가 계속나고 다시 이용은 안할것 같아요 그리고 창문에 커텐이 없고 문풍지 창인데 밤에 건너편모텔불빛이 다들어와서 환한것도 숙면에 방해가 되요,0
39,춥고 좁고 별로예요,0
40,방이좀 춥습니다,0
41,저렴하게 이용했어요 가격생각하면 불만가지면 안될거같지만 그래도 내돈내고 이용했는데 좀 심한거 같네요 가격을 떠나 어느모텔 다녀도 이정도 위생상태는 처음입니다 그리고 중문없이 바로 문이라 소음 그대로 노출이고 다른방 담배냄새 그대로 들어와요 층간소음인지 옆방소음인지 웅성웅성 큰소리 안내는데도 신경쓰일정도로 소리가 커요 싼게 비지떡이란걸 몸소 느끼네요,0
42,외부에서 보는것과 실내시설 갭차이가 크네요하룻밤 묶는거랑 그럭저럭 만족합니다,0
43,가격 대비 가성비 괜찮습니다 혼자 츌장 다니는 저 입니다 혼자 출장 다니는 사람에게는 추천 딱 점 그 이상 그 이하도 아닙니다 세번째 숙박인데 가성비로 이용합니다 오래 된 건물이긴 합니다,1
44,일반실 이용했습니다 샤워호스와 내부 인테리어가 좀 무튼 잘 이용하고 갑니다,0
45,침대가 너무 불편안했습니다 방수패드가 웬말,0
46,골방임 입돌아가는줄,0
47,시설은 깔끔하고 좋으나 금연객실이라고 써있는데 담배 찌든 냄새가 최악이였네요,0
48,그냥 모텔 가세요 일회용품도 없고 시설은 낡았고 이름만 호텔임,0
49,사진과 너무다른 노후시설 에어컨도 안시원해서 땀흘리고쟘 근데 사진이랑 너무다른거 아닌가요,0
50,금요일숙박가격 굉장히 저렴한것만 장점이고 나머진 다별로였습니다 일단 시설은 굉장히 평범하고 컴터도 있고 이가격으로 있을건 다있기때문에 돈이 없고 그냥 숙박하는것에 대해 별상관없는 분들은 괜찮음 내부는 뭔가 원룸개조한거같은느낌나서 친구자취방마냥 친숙하고좋음 대신 방음은 안좋아서 위에서 신음소리 침대소리 씻는소리까지 다들립니다 청결은 수건에서 피다묻은 더러운 수건이 있고 그거보고나서부터 샴푸통더러운거보니까 샴푸도못쓰겠더라구요 비누도 오래됬는지 밑에 달라붙은 흔적들이있었어요 서비스면에서는 일단 가운이 없어서 아쉬웠는데 청결이 별로안좋은거보면 가운없는게 오히려다행일지도 그리고 시까지 퇴실이라써있어서 준비하고있었는데 시분에 전화와서 청소해야된다고 원래시까지라고 짜증섞인목소리로 뭐라고 하시는,0
51,자주가는 곳이에용,1
52,기본적인 샴푸린스바디워시는 항상 간당간당 이번에는 빈통에 가깝고 화장지도 바닥에 가까울때도 많음 생수요청시도 개까지만 제공됩니다 라는 멘트 시분되면 분도 어차없이 아가씨가 시퇴실이고 넘으면 추가비용발생한다는 기계적멘트 전화 수많은 모텔가봤지만 써비스 최악 기격대비 금액이 그나마 양호한데 여친 설득해 오지 않기로 결정 진짜기분 안좋아서 이젠 카누는 단절합니다,0
53,일단 들어가자마자 누가 몇시간 전에 사용했는지 담배 냄새 너무 심해서 숨쉬기가 힘들더라구요 환기를 해도 이미 방에 다 배었는지 워후 숨막혔어요 다 같이 돈 내고 이용하는 곳인데 다음 손님을 위해 이런 거 정도는 관리 좀 해줬으면 좋겠어요 솔직히 다시 이용은 안할 것 같아요,0
54,조용하고 다 좋은데 정규방송 시청만 가능하고 커피포트 테이블 청결상태가 나쁩니다,0
55,사진이랑달라서놀랬었음,0
56,갈때마다 물건을 두고 왔는데 한번도 찾은적이 없어요 오늘도 호 가운 밑에 담배 한보루를 두고 와서 전화를 했는데 통화가 안되네요 이번엔 부디 찾아주시기를,0
57,숙소 외관은 예쁘고 시골에 놀러온것 같은 느낌이였어요 근데 내부가화장실이 당황스러울 정도로 작았구요 씻을 수 있는 공간이랄게 없네요 그리고 바닥에서 못 주무시는 분들 이불은 깔려있지만 그냥 없는거나 마찬가지에요 너무 딱딱해서 자면서 몇번이고 깼네요 후기가 다 좋아서 믿고 간건데 전 그냥 그랬어요,0
58,객실 청결도는 딱 모텔임 업그레이드 해주셔서 욕조 있는 객실 이용함 화장실 문 미닫이문인데 닫으면 자기 혼자 스스로 열림 퇴실 시간 맞춰 나가려고 했는데 퇴실시간 지나지도 않았는데 미리 전화와서 퇴실하라함 기분 나빴음,0
59,지하라는게 미리 고지가 되어있었으면 좋았을텐데요습하고 공기가 넘 탁했어요 곰팡이 냄새도 났고요,0
60,늦은 퇴실인데 카운터에서 시간 착각 하여 더 빠른 시간에 전화 와서 깬 거 말고는 괜찮았어요,0
61,화장실 물 안내려감 변기 시간째 물 안채워져서 물 못내림 욕조도 배수구 꽉 막혔는지 안내려감 직원인지 사장인지 말했더니 수리 안되니 딱히 참아달라함 남들이랑 같은 돈내고 묵는건데 참아달라는 건 뭔지 별점 잘 안깎는데 여행하러갔다가 기분 상해서 깎음,0
62,바닥도 끈적거리고 좀 많이 그렇네요 사장님이 매우 친절했어요 근데 청결상태가 안좋네요 털이나 머리카락이 좀 많이 남아있었어요,0
63,저희 머리카락도 아닌데 시트에 있는게 찝찝하네요,0
64,숙소는 나름괘찮음 그런대 트윈패드로했는대 중 자녀랑와서 만원추가 아쉽음,0
65,예약하고 갔는데 사진과 많이 다르길래 잘못 온 줄 알고 보니까 스탠다드 방을 주심 전화해서 얘기하니까 는 청소가 안됐다며 차액 환불하고 프리미엄으로 바꿔주겠다고 하심 얘기 안했으면 돈내고 스탠다드 방 쓸뻔함 체크인할 때 말이라도 해주시지 아쉬웠어요 그리고 현관문 아래쪽은 왜 살짝 뚫려있던건지 의문,0
66,객실에 블라인드도 없고 이불은 세탁 하는건지 화장실 냄새 쩔고 아쉬운 커플룸 사용기입니다,0
67,사진이랑은 시설은 비슷했는데 들어가자마자 바닥에 먼지 굴러다니고 화장실에 거미줄 있고 침대 위 선반에 먼지 있어서 청소를 좀 더 신경써줬으면 좋겠어요 침대는 그나마 깨끗해서 잠은 잘잤어용,1
68,위치를 잘못보고 잘못 예약을 햇는데 취소도 안되고 저렴한 맛에 그냥 하루 묵엇내요 주차장이 따로잇는것도 아니고 그래서 문의전화햇는데 그렇다고 친절한것도 아니네오 주차가 너무 불편해요,0
69,청결상태좋치안았구요 방에들어가니 냄새가너무만이나요 서비스는 보통이네요 충전기도 달라고하니 머라고 궁시렁그러면서 갖다주시더라구요,1
70,시설은 생각보다 좋지만 가격대비해서는 별로인것같네요 다들 평점을 좋게주셔서 조금 놀랍지만 그래도 역가까운데 원하시면 괜찮으실듯해요,1
71,왠만하면 이런글 안남기는데요개선이 필요할것같아서 글남깁니다 에어컨소음이 너무 심해서 틀어놓고 있는것도 불편했고 한여름이라 덥고습한데 틀어놓고 잘수가없어서 힘들었습니다 에어컨자체도 너무 오래된거같았고요 침대나 청결상태는 괜찮았습니다 숙소몇군데 묶어보았지만 이런곳은 처음이었네요,1
72,들어가자마자 담배냄새가 너무 심했구요 이불에서도 냄새가 나서 힘들었어요,0
73,고심끝에 온 곳인데 너무 기대를 했나봐요 샤워하는데화장실전체가 물바다가 되는걸 보고 놀랬어요 한참시간이 지나서야 물이 빠지는데하수구 청소를 안하시나요 얘기하려고하는데 방전화기로 프론트 전화도 안되고 그래서 씻다말고 내려왔는데 방 얘기는 안하시고 자꾸 전화가 왜 안되냐면서 전화다시걸어보라는 말만 하시고 결국 옆방으로 바꿔주셨긴했지만 룸 컨디션은 완전 노후한 느낌에 세면대밑에 테이프 감긴거보고 깜짝놀랐습니다 그리고 샌드위치는 주시겠지했는데 안주실거면 왜 혜택에 적으신건가요 물론 침대는 다른 후기들처럼 푹신하고 따뜻했어요 장판이 있더라구요 정리하자면 호호 방컨디션은 치곤 노후합니다 여사장님의 대응이 좀 아쉬웠습니다 침대만 좋습니다 혜택에 샌드위치는 없는걸로 생각하시면 됩니다,1
74,생각보다 방음이 너무 안됬어요 옆방 물내리는 소리나 씻는소리 다 들렸어요 군데군데 녹슬어있는곳도 있고 가운도 보풀이 너무 일어서 입을때 까칠까칠했어요 다음에 전주오더라도 여기는 안올거 같아요,0
75,가성비 좋습니다 주차 좋고 근처에 식당 편의점 좋은데 다만 티비 리모컨이 상당히 느립니다 아침 빵이 리필이 되면 좋겠어요,1
76,시설이 조금 오래되고 먼지가 조금 있었지만 넓어서 괜찮았어요,0
77,호텔인데 닉값을 못하네요,0
78,화장실 유리벽이라 다 비침 실내 청소 상태가 엄청 깨끗하진 않음 실내가 상당히 어두움,0
79,이번이 벌써 번째 방문이네요 올 때마다 로비 비품 방향이 바뀌어 있네요 고심이 많으신 것 같습니다 룸 컨디션은 여전히 좋았고 스타일러 등의 관리도 잘 되어 있었습니다 항상 고객을 위해 조용한 서비스를 해주셔서 만족했는데 저녁 시가 넘어 룸을 잘못 찾아오는 것은 좀 실례인 것 같습니다 잠이 깨서 다시 잠 자기가 힘들었어요 전주 내려올 때마다 이용하는 곳인데 초심을 잃지않고 계속 잘 유지해주셨으면 좋겠습니다,1
80,겉은 굉장히 멀쩡해보이는데 화장실에 담배냄새 엄청 심하고 시설도 좋지않아서 적잖히 당황했어요 담배냄새 나서 방 바꿔줄수있냐고 물어봤는데 마스크도 안쓰시고 사장님 올라가실거라거 하고 오시지도 않고 딱히 잤네요 돈 더 내서 다른곳 주무세요,0
81,자는데 복도에서는 막 소리지르고 배정 받은 방 상태는 넷플릭스 사용하려고 비번 문의 하니까 안되는 비번 불러주고 그거 안되면 자기도 모른다고만 말하시고 드라이기는 바람도 약한데 켜지고 초 후에 멋대로 꺼지고 사장님 문의 태도 덕분에 이제 앞으로 이용할 일은 없을꺼 같아요 배째라 운영 잘 봤습니다,0
82,너무 오래된 모텔 느낌이 들었음,0
83,연휴때 급하게 잡았는데 한옥마을 걸을만한데 초행길이라 구비구비 가다가 택시탔네요 방은 따뜻하고 장판도 있어서 다행이였어요 방에 거울이 많네요 밤에 화장실가다가 깜짝 놀랐어요 화장실은 변기방 따로 샤워실따로 있어서 편했습니다 화장실 바닥은 장판이라 신발없이 들어가는 거라 조금 찝찝했어요 어메니티 사용하지는 않았지만 있습니다 가격만 합니다 저럄히 숙소 찾으시면 잠만잘꺼니깐 뭐 좋숩니다 주차시설도 괜찮아오 자리 많아요 끝,1
84,밖에서 갑자기 문이 열렸고 현관에 불도 들어오고 왜그랬을까 계속 생각드네요,0
85,깨끗한 시설 환경좋아요,1
86,가격 싼 맛으로 잘 만해요,1
87,방음이 잘 안돼있음 옆방에서 냉장고 여는소리 닫는소리 다들림 직원들에게 그닥 친절함을 느끼지못함 스낵바 이용하는데 음료수가 없어서 없다고 하니까 그냥 물 가져가라는 식으로 얘기하는 등 그닥 별로였음 다신 가고싶진않은 곳,0
88,트윈 방에서 밥 먹으면서 술마시다 술이 모자라 더 사오는데 아줌마가 만원을 더 달라고하네요 아니면 나가라고 왜 그러냐고 하니 잠만 자라고 소리를 지르네요 인기준 트윈방인데 명이 일 끝나고 술마시면 안되는 기준이 있냐고 물어보니 본인 마음이라는데 열받아서 전화로 싸웠네요,0
89,싼게 비지떡입니다 이불에 먼지가 많았구요 드라이기가 찌들어서 돌아가지도않고 에어컨 먼지가 가득하구요 샷시는 창이 하나밖에없어서 단열도안되고 유리도 싸구려인지 비누에 정체모를털도 있고 면봉도 없습니다 바닥도 장판인데 찐득찐득 하구요 냉장고 돌아가는소리가 차 지나가는소리네요 배개 뒤에는 김치국물 묻은자국 그대로구요 집안에 당연히 먼지가 많아서 코를 계속 훌쩍이네요 여기가면 죄인됩니다 최악이네요,0
90,여기 리뷰만 보고 좋아보여서 간건데 진짜 침대가 너무 안좋네요 침대가 안좋아서 허리가아파서 잠을 한숨도 못잤어요 허리 안좋으시거나 침대 예민하신분들은 숙박하기 어려울것같습니다 요즘 모텔들 침대부터 따지는데 다른 체인점과는 달라서 많이 아쉬워요 건물 외관이나 주차는 괜찮았구요 출장 다닐때마다 넘버는 체인이라 믿고 항상 갔던건데 전주점은 다신 안올것같습니다 청결도 중요하지만 잠자리가 편안해야 다음날 만족도도 높은건데 말이죠 여튼 신경좀 써주세요,0
91,리모델링한 모텔이네요 근데 담배냄새가 문을 열어놔도 안빠져서 잠을 잘 못잤어요 침구는 깨끗하니 좋았어요,0
92,몇차례 방문인데 이번에는 티비컴터욕실 그럭저럭 괜찮아요 근데 방음이 너무 안되네요 옆방에서 뭘하는지 소리가 다 들리고 창문밖에 소음도 다 들릴정도 에어컨 소리인지실외기소리인지 덜덜 직접 들어보셔야할것 같아요 특히 심하네요꼭꼭 그외나머지는 무난합니다,0
93,딱 가격만큼의 시설에 청결상태는 더신경써주셔야할듯,0
94,사진에서 보이는 것 처럼 똑같아요 깨끗한 편이었고 다만 콘센트가 여유롭지 못한게 아쉬웠어여,0
95,자주이용하는 곳인데 크리스마스 앞둔 주말이어서 그런지 청소상태가 좀 지금까지 몇 번 겪었던 화장실 변기 청소 후 변기물 안내리시는 듯 변기에 먼지와 머리카락 잠수중이어서 항상 처음 변기는 물 내리고 사용합니다 이번엔 샤워기 샴푸 주변 머리카락 붙어있었습니다 종이컵 위에도 먼지가 앉아있었구요 바쁜 곳 인줄 알지만 좀 더 신경써주심 좋을것 같네요,0
96,담배냄새가 안나는 방을 원했는데담배냄새가 좀 났음 방은 넓음,0
97,객실이 더럽네요 머리카락이 그냥 있어요 바닥에 얼룩도 있구요 찝찝하더라구요 청소를 청결하게 했음 괜찮을듯해요,0
98,장단점 주차 편해요 화장실 청결 좋아요 객실 청소는 점 드릴께요 분거리 롯데백화점 있어요 주변 음식점 까페 등 많이 있어요 리모델링 한 모텔 입니다 여 사장님은 무뚝뚝 하신듯 하지만 친절하신 것 같아요 발냄새 같은 캐캐한 냄새가 나서 밤새 창문열고 잠 을 잤네요그래서 많이 추웠어요,0
99,남자친구랑 급하게 잡은 숙소인데 진짜 너무 후회했어요 야자 브랜드값 너무 못하구요 침구는 구멍나있고 수압은 최악이고 도대체 월에 모기는 왜있는지 저녁내내 귀 주변에서 웽웽 거려서 다른데 잡고 빨리 나갈까 진짜 고민할 정도였어요 애인이랑 가시려고 고민하시는분들 애인한테 욕먹지말고 몇만원 더 주고 다른데 가세요 그냥 모든 물건이 다 세월의 흔적이 느껴져서 만지고 싶지않았어요 다시는 안가요 저녁 시 이후에 가니 주차 자리 없었어요 도보 특가로 예약한게 아니라서 옆에 공영주차장에 돈대고 주차해서 억울했는데 말씀드리니 현금 천원 돌려주셨어요일최대천원인상되었더라구요 가시는분들 말씀드리세요,0
100,따뜻하게 잘 쉬고왔어요,1
101,퇴실 시간 전 자고 있는데 직원이 문 열고 들어옴 바로 닫았다고 했지만 노크도 없고 초인종도 눌러보지 않고 곧장 들어올 수 있을까 정각에 퇴실 하라고 전화왔었는데 방에 있었다는 걸 알았다는 건데 들어온건 뭐지 내려가면서 층 로비에 말하니까 웃으면서 직원이 실수 했다는게 끝 앞으로 조심해주세요 하니까 그제서야 네 죄송해요 함 가장 기본적이고 중요한걸 다신 안갈듯 오픈한지 얼마 안됐다해서 갔는데 음 잘모르겠던데,0
102,직원분은 진짜로친절하시네요,1
103,호텔인줄알았는데 모텔이에요 롬 두개 예약해서 시쯤 체크인하러 갔더니 일찍와서 당황한듯한 표정과 말투 환기가 아직 제대로 안되었다길래 짐만 넣어놓고 시쯤 다시 입실했는데 담배냄새가 룸에 빼어 있어 머리아파 제대로 잠을 못잤어요 화장실 침구 방전체에 담배냄새 최악이네요,0
104,음방에 슬리퍼도 없고 벽에 방이 약간 추덥라구요,0
105,화장실에서 담배 쩐내나고 청소 상태가 안 좋았습니다,0
106,딱히 저냥가성비적으로 나쁘진 않았고 아이스크림 있는곳 첨 봣어여 기억에 남을듯,0
107,청결상태는 좋지 않지만 가격이 착합니다 참고로 로션은유통기간이 많이 지나있으니 확인하시고 사용하세요,0
108,숙소에 대 주차도 가능하다고 써있는데 가자마자 하는 얘기가 원래 대 주차 원칙이라고 합니다 그럼 소개글을 바꿔야죠 대주차 원칙이지만 대 주차는 프론트에 문의 이런식으로 분명 여자친구가 먼저 주차할때 시이후 남자친구도 주차가능한지 미리 문의를 했고 시쯤 오면 자리가 있을텐데 그 이후면 자리가 없을수도 있다 라는 답변을 들었습니다 근데 막상 시쯤 제가 주차하니 그런문의를 받은적이 없고 우리는 대주차 원칙이지만 선심쓰듯이 주차하라는 식으로 얘기해서 숙소 가자마자 기분만 팍상했네요 여자친구를 거짓말 한 사람으로 만들고 다시는 안 갈것같습니다,0
109,원래 후기같은거 작성을 잘 안하는데 자는데 추워서 제대로 잘수가 없었어요 그리고 아침일찍부터 공사장 소리때문에 더 피곤했던거 같아요 잠을 잘 못자서 천천히 누워있다 나가려고했는데 어플에는 체크아웃도 시까지라고 적혀있는데 원래 여긴 시까지라고 하셔서 결국 추가로 시간 결제하고 나왔습니다 시설은 그래도 깔끔했는데 아쉬운점들이 있었네요 겨울을 피해서 근처 공사끝날때 이용하시면 나름 가성비는 괜찮은거같아요,0
110,저렴해서 예약했더니 방도 춥고 청소도 엉망이고 티비도 않나오고 모두 않좋내요 다시는 이용 않합니다,0
111,한옥마을에서 거리도 가깝고 숙소도 청결하고 아침에 주시는 조식도 좋았는데 스파에 불빛이 안 켜져요 이 스파 숙소를 예약하시는 분들 대부분은 시진도 예쁘게 찍고 스파 즐기려고 하시는 분들일텐데 불빛이 안 들어와서 프론트에 문의했더니 프론트분은 알바생인지 아무것도 모르고 주인한테 연락해봤더니 고장난 상태라고 그러시네요 고장난 상태인걸 인지를 하고 계셨으면 고치시던지 미리 알려주시던지 하셨셔야죠 여행 와서 기분 망치기 싫어서 그냥 넘어갔는데 작은 돈도 아니고 이런건 잘 관리하셨으면 합니다,0
112,전주왓다가 우연히 들럿는데 그냥저냥 하루 잘묵엇습니다 근처에 편의점도 잇고 즐거운 시간 보내다 갑니다 화장실 욕조가 꺼져잇는데 신기햇어요 수압세구 잘묵엇다갑니다 전주방문잘하고갑니다,1
113,이곳은 오픈시 부터 방문 할때마다 거의 대부분 로비에 뭔가 이슈가 있네요 이번 방문에서 사용한 방은 안마의자 설치되어 있는 방이었는데 들어갈때 부터 예전과는달리 담배냄새가 심하게 났습니다 환기를 해도 사라지지 않단데 룸 컨디션이 너무 별로였네요 침대 시트에 노란 얼룩이 있는 것도 스타일러 내부에서 퀘퀘란 냄새가 나서 내부 살균 후에 사용한 점도 불만족 스러웠습니다 숙박업이라는게 항상 초심을 잃지 않고 룸컨디션을 유지하는게 가장 중요한데 벌써 변해가는 모습이 아쉽네요 다음 방문때 한번 더 보고 다른 숙소를 찾던지 해야겠습니다,0
114,페이백으로 했어용,0
115,구석구석 신경써서 청소해야겠어요 침대커버도 즉시 교체해주시고요,0
116,방이 많이 추웠어요 정기장판 하나에 의지하면서 잣슺니다 워낙 추운 걸 좋아하는 저로써도 너무 추웠어요 그래도 방은 깨끗햇는데 욕실은 조금 낡은 감이 있었습니당,0
117,위치 좋고 사장님은 친절 하지만 상당히 추워길에서 전기장판 켜고 자는 줄 사장님 이런 후기 서운해 마시고 보일러 공사 하심이,0
118,침구에 무슨 자국이랑 먼지가 많았어용 청결이 좀,0
119,그냥그냥그냥그냥그너읃,0
120,비수기 가격이 싸서 오긴했지만 두번은 못잘듯,0
121,화가나서 처음으로 리뷰 남깁니다 처음 들어간 방에서 담배 냄새 너무 났음 룸클린이 부족했나보다 해서 별 불만 없었음 근데 주인댁께선 방 바꿔달라고 한 게 큰 불만이셨나봄 새로 배정 받은 객실은 사진과 같아서 큰 불만 없음 같은 가격선에서는 중하급 침구류에 뭐가 뭍어있음 사진 참조 변기가 막혀있어서 뚜러뻥 빌리러 갔는데 손님인 제가 컴플레인한것도 아닌데 되려 혼났네요 제가 방을 바꿔달랬나요 변기를 뚫어달랬나요 그저 뚜러뻥 빌려달라고 한건데 룸클린 안된게 제 잘못도 아니고 컴이랑 스타일러는 잘 썼습니다,0
122,개미나와요 그리고 엘리베이테 한개라서 불편하고 주차장 작음,0
123,담배냄새가 너무 심해서 비흡연자에게는 비추 입니다,0
124,가성비로 지내기 상당히 좋앗습니다,1
125,생각 보다 아쉽긴한데 나쁘지 않았습니다,0
126,중앙난방이라 추위타는 저희는 좀 추웠어요 욕실은 넓었는데 변기가 앉으니 삐걱거려서 혹 깨지는거아닐까 싶었고 변기주변에 노란오줌자국이 군데군데 있어 저희가 물청소를 한후 썼어요 침구도 누런속이불이 그냥 드러나 있었고 만원짜리 호텔이 만원짜리 모텔보다 못하다싶었네요 방음은 전혀안되구요 냉장고에도 물두병이 전부 다만 직원분은 친절하셨고 한옥마을 안에있으니 차놓고 밤풍경보러 걸어다니기는 좋았어요 그치만 두번다시찾지는 않을듯 싶네요,0
127,음 수건은 집에서도 이렇게 오래 쓰지는 못할 정도로 오래되서 얇아지고 헤지고 바로 옆에 공영주차장이라 차량 소음심하고 사람들 통화하는 소리 대화소리 다 들리고 가격적인 메리트가 있는것도 아니고 단지 객리단길과 접근성 좋은거 말고는 장점이 아무리 찾아봐도 안보이네요 재방문의사 제로,0
128,응대는 친절했지만 사진과는 달리 객실시설이 좋진않았다 다른사람에게 추천해주고 싶진 않다 그러나 온수가 콸콸 잘나온점은 참 좋았다,0
129,정말 개짜증 수도물 막히고 담배냄새에 이불은 더럽고 난방은 안됨,0
130,방이 좀 드러워용 화장실에 두루마기 휴지도 없고 비누는 쓰던거에 상태도 안좋고 방이고 복도고 담배냄새가 이런상태 방을 돈받고 파는건 선넘네용,0
131,인터폰 작동 안되어서 불편사항 통화자체가 샤워기 물 수압이 졸졸졸이예요 린스까지쓰면 샤워시간만 분더 추가될듯 에어컨 냉매가 없나봐요 드라이기 불 날꺼같아요 파지지직 생수 추가시 원 수건도 부족한데,0
132,청결부분이 좀 지저분하구요 음료물은 재사용한거같이 들어있구요 무엇보다 방이조금 추워요,0
133,그냥 몇천원 더 주고 다른데 가겠습니다 그냥 딱 그 가격만큼 합니다 인사했는데 말 한마디도 안하고 방 카드 던지는 프론트 빨간색 옷입은 여자 직원부터 계속 망치로 두들기고 박는 소리가 삼십분 이상 나서 시끄러워서 프론트 연락햇더니 전화 계속 안받아 결국 모텔 전화번호 찾아내서 폰으로 전화하니 거울이 떨어져서 한다며 다 끝났다는 말만 하고 죄송한다는 말 한마디도 안하는 이런 곳 두번다시 안올래요 근데 다른 분들은 평이 참 좋네요,0
134,처음 방문하는데 재방문 의사는 없습니다 객실 안내받고 갔는데 변기는 막혀 있고 방은 엄청 추웠습니다 친절한지도 모르겠고 딱히 다시 방문하고 싶지는 않네요 그래도 시간은 길어서 좋았어요,0
135,매트리스는 더러웠고 이불은 오줌을 누가 지렸는지 누렇네요 침대쪽 벽은 진짜로로 벽돌 마감 되었네요,0
136,재방문 의사 없습니다,0
137,객실 사진보다 더 괜찮아서 나름 만족했어요 컴퓨터도 하나인즐 알았는데 두개더라구요 하나는 스피커가 아예 고장나서 소리가 안나왔지만 덕분이 여자친구랑 게임 잘 하다 가요 카운터 직원들은 전체적으로 불친절 하더라구요,0
138,객실마다 담배냄새가 심한곳이 있고 아닌곳이 있는것 같아요 그거 말곤 딱히 싼맛에 가는감성,0
139,사진에는 노화되어 보이지는 않는데 일단 층 로비 너무 좁고요 건물이 많이 노화된건지 시설자체가 전혀 좋아보이진 않았고 방문 열자마자 이상한 담배찌든 냄새가 역대급으로 심하게 나서 충격받았고 당혹스러웠어요 침대는 엉덩이만 걸터앉아도 삐그덕 거리면서 소리가 심하게 났어요 웬만해선 가격 생각해서 그럴 수 있다 생각하는데 방문 열자마자 이상한 담배찌든 냄새가 역대급으로 심하게 나서 충격받았고 당혹스러웠어요 침대는 엉덩이만 걸터앉아도 삐그덕 거리면서 소리가 심하게 났어요,0
140,일단 청결상태는 안좋았습니다 까는 이불과 덮는 이불 베개 등 여러 사람이 사용한 후 관리가 잘 되지 않았는지 누렇게 생겨서 매우 찝찝했습니다한옥이라 소음은 크다고 주의는 해주셨지만 옆 방의 코고는 소리가 너무 생생하게 전해져 새벽에 결국 찜질방으로 옮겼네요 잠만 자고 가면 괜찮겠거니 했는데 위생상태나 소음문제 너무 실망스럽습니다,0
141,진짜 불친절하고 안에 사진이랑 다르고 싼 이윤 있어요 이 글을 보시는분들 예약하지 마세요,0
142,주차 너무 불편하고 화장실에서 샤워하는데 방으로 물 뿌려짐 깜짝놀람 침대 다젖음 충전기도없고,0
143,방도작고안마의자욕조있어서 선택햇는데 막상들어와보니욕조도없고청결도별루고 드라이기는 곧 고장날듯 소리가 장난아니구 샴퓨린스도샘플만있구방은엉청춥고 스프레이젤도없고앙정말별루에요 엉청후회됩니다 글구방이 상당히상당히 추워요,0
144,월전주영화제 숙박시에입장가능 스위트룸만원 일찍드롸 자고싶으면 만원 내라고 하시니 이 어쩌란 마리요,0
145,내부는크고좋은데 객실상태가 너무지저분하구요 다시는 안갈꺼 같아요,0
146,객실의 관리가 잘 되는 곳입니다 사진과 객실이 비슷합니다 세스코 시스템으로 쾌적합니다 아쉬운 점은 관리인 부부가 서비스 마인드가 부족합니다 차보고 사람을 판단하는,0
147,침대가 진짜 편함 쥬차장 불편항것만 빼먘,0
148,이불덮다가 이불커버 올라가서 정리하려는데 무슨빨지도 않는지 누구것인지도 모를 털들이 속에 가득하더군요 진짜 토나올뻔했습니다 그리고 눈이있으시다면 커튼은 진짜로 상당히한것아닌가요보셨으면 정리하시는것이 상식일텐데 저대로 그냥 어우 어이가없어서 다신안갈것같아요 그리고 화장실에서 하수구냄새나요,0
149,사장님 진짜로 친절하시고 시장 한옥마을 다 가까워서 좋습니다 다만 상당히 더러워요 방 휴지케이스 등 먼지가 뿌옇고 화장실은 곰팡이도 곰팡이지만 분명 닦으면 지워지는 물때까지 넘 심했어요 관리 좀 하셔야할듯요 친절하신만큼 룸 컨디션도 최상이라면 더 좋을듯 싶습니다,0
150,전주로 여행을 하게 되어 하룻밤 묵을 숙소 예약했는데 위생 상태며 냄새 침구 상태가 매우 좋지 않아 바로 나왔네요 직원분도 얼굴 다 가리시고 말 한마디도 하지 않으신채 키만 전달해주시는게 좀 찝찝했습니다 환불 처리는 안된다하여 환불 처리도 안 받고 다른 숙소 다시 예약했네요,0
151,저렴한 가격때문에 예약했구요 직원분 친절도는 떨어짐 입실했는데 방 컨디션 그닥 에어컨 청소 좀 해주세요 제발 숨쉬면 병걸릴꺼 같아요 곰팡이 최악 휴 침대 매트리스도 불편 변기 고장난줄 알고 난감 똥 마니 싸는분들은 수압 약하니 주의 샤워기나 해바라기 노후됨 음 시설이 아쉽네요,0
152,좋았어옼토토토토톹토토토토토토토토토토토토토토토톹토토토토토토토토토토토토톹톹,1
153,제발 청소좀 깨끗하게 했으면 좋겠습니다 사진에 보듯이 침대 머리 위에 창문에서 먼지 덩어리 떨어질까 겁니요 로션스킨 뚜껑은 왜 없는거죠 쓸수는 있는건지 때 국물 좔좔 정말 최악입니다,0
154,와 오늘 월 일인데 잠을 못자서 자려고 그나마 대실시간 긴곳 찾아갔는데 처음 받은 호가 에어컨이 안되서 호로 옮겼는데 자고 시 분쯤 퇴실하다보니 호에 왠 경찰들이 몰카나와서 왓다네요 나는 남자혼자와서 볼것도 없는데 안올리겟죠 처음에 받은방에서 분도 안되서 옮겼는데,0
155,청결이 잘 안되구 방음도 잘안되네요,0
156,들어오자마자 담배냄새에 냉장고 안에 치킨무랑 먹다 남은 음료 캔 있어서 좀 불쾌했어요,0
157,사진과 너무 다릅니다 침대 밑 타인이 사용한 화장지와 커피캔이 뒹굴고 있고 입실하고 시간이 지나도 추워서 룸 난방 온도 올려달라고해도 따뜻해지지 않네요 그리고 입실한지 시간쯤 지난 저녁 시쯤되니 만원 할인 들어가네요 여튼 비추합니다,0
158,오랜된 느낌가성비좋아하루묵었음주변에많이있음,1
159,출장가면 항상가는곳 근데핸드폰 충전기도 불량이고 많이 안좋아졌네요,0
160,제가 지방 출장을 많이 다니고 모텔을 많이 이용합니다 하루숙박 했는데 세상에 이런 모텔이 다 있나요 엘리베이터가 없고 가장 높은 꼭대기층에 배정받아서 개층을 올라다녔고 그렇다고 방이 좋은것도 아니고 가보시면 아실거예요 다시는 안갑니다,1
161,담배 냄새 조금 나는 거랑 벌레 있고 침대에 뭐 묻어있는 거 빼면괜찮았어요,0
162,프론트에 안계셔서 전화햇는데 어 밑이야 라고말하는 손님 응대에 당황햇구요 팝콘되어잇지도 않구 팝콘 없어요 있는 방도 따로있구요 화장실 곳곳에 세면대욕조 머리카락인지 붙어잇더라구요 방 형광등 메인등 깜빡깜빡하길래 눈 아파서 껐는데 나중엔 켜지지도 않더라구요 싼값을 한다고 하기엔 이정도 가격엔 다른데서 만족판곳이 있어서 애매하네요,0
163,여전히 불친절 참 댓글좀 보세요 사장님 에어컨소음큽니다 이번에도 다른방인데도 크던데 그리고 컴터는 키보드자판이 안되고 관리는 하겠지만 이댓글로 남기는건 보셔야 차후관 리리가 조금은 되지않을까요 푹쉬다가긴합니다만 신경좀 써주세요,0
164,화장실은 넓어서좋은대 수압이너무약해요 그리고바닥도 더러웠어요 그거빼곤 무난합니다,0
165,다른건 전부 무난했으나 침대 시트 교체가 안되어있었어요,0
166,사장님 말씀하시는게 어딘지 모르게 기분이 나쁘긴한데 화낼정도까진 또 아님 금액대비 금액만큼인거같음,0
167,침대시트이 구멍이 엘레베이터 기본 분기다려야 합니다 청결하고 깨끗합니다,0
168,급하게체크아웃하니라사진을찍어두지못했네요 조식기대하고갔었는데그날따라뷔페식안한다고해조금아쉬웠네요 전주한옥말근처라 잘놀고쉬고왔네요 새해더욱번창하세요,0
169,엘리베이터가 한개여서 불편했던것 빼면 가격에맞는 숙소입니다 위치가 한옥마을과 객리단길 사이에 있어 이동하기좋아요,1
170,룸 상당히 추워요새벽에 일어나서 전화하니 잠깐 따뜻한 기운이 도네요 체크인 할때 중앙제어 미리 얘기해 주셨으면 합니다 번째 방문인데 이제는 안갈려구요,0
171,주변이 시끄러운거빼곤 괜츈해요,0
172,괜찮아요 안에는 좀오래되긴햇지만 그거에 비해서 깨끗하게 유지중인거같아요 화장실환풍시설아아쉽죠,1
173,객실 상태 좋았어요 내부에서 스파를 즐길수있어 좋았습니다 편히 잘 쉬었다 갑니다,1
174,가격에 비해 방도 넓고 안마의자 있어 너무 좋았는데 화장실 청결이 안좋도라구요 신경 좀 써주세요 전 사람이 이용했던거 같은데 화장실에 머리카락같은게 있더라구요,0
175,주차장이 넓고 주변에 먹을곳이 많아서 좋았습니다 방음이 좀 안되고 쓰레기가 덜 치워져 있었습니다 그 외엔 아주 만족합니다,1
176,주말이라 바빠서 그러셨는지 분 기다려달라고 하셔서 이해하고 기다렸고 분뒤에 객실 키 받았어요 욕조있는 방으로 예약했는데 욕조 없는 방 주시면서 괜찮냐고 하셔서 또 이해하고 넘어갔는데 퇴실 시간에 대해서 다음 타임 일하시는 분과 인수인계도 잘안되있고 좀 실망이였습니다 자주 이용하는곳인데 그래도 불만이였던 부분에서 사과 잘해주시고 다음번에 이용하시면 더 신경써드리겠다고 대응을 잘해주셔서 괜찮았습니당,1
177,아주 좋았고 또 다시 이용할 거 같아요,1
178,괜차나여,1
179,위치는 좋우나 청결상태는 쏘쏘,0
180,좋아서 번째 이용했는데 배게 주변 머리카락같은게 있어서 조금 그랬어요 그외에 나머진 특별한거 외에 잘이용했어요 방이크고 버블스파를 할수있다는게 큰장점인듯,0
181,아담하고 조용해서 완전 푹자고 나왔습니다,1
182,사장님은 친절하셨지만 방에 구석진 곳도 아니고 훤히 보이는 부분에 과자껍질 같은 비닐 쓰레기가 보일 정도로 청소 상태가 아쉬웠네요 신경 써주시면 감사할게요,0
183,가격도 저렴하고 지내기괜찮습니다,1
184,대체적으로 무난함,0
185,일단 숙소가 안쪽에 있어 조용하고 청결 상태도 딱히 문제가 될만한 점은 찾지 못했구요 리뷰들 본것들중 가장 많이 지적됏던 엘베 냄새가 걱정됏는데 이젠 그런 걱정 안하셔도 될듯해요,1
186,출장으로 방문하게되었습니다 진주쪽 출장은 많지않아서 여기저기 찾다보니 이곳만한곳이 없더군요 입구쪽부터 왠지 잘골랐다하는 생각이들고 주차도 어렵지 않게 성공하고 체크인 완료하고 바에 들어와보니 역시 외관 못지않게 깔끔스레 정리정돈 잘되있고 출장을 다니다보니 요즘엔 스타일러는 기본적으로 있는거 같더군요 살균이로 두시간 돌려놓고 샤워한판하고 물도 잘나옴니다 이젠 자려고 침대 누워보니 포근한게 잠도 잘올것같네요 내일 출장 마무리 잘하고 집에빨리 가고싶네요,1
187,직원분들은 친절해요 시설은 노후,0
188,괜찮은거같아요 비데가 벗겨질려는거만 빼곤 그럭저럭 가격대비 좋습니다,1
189,조아아아아았습니다,1
190,건물은 오래되었지만 청소 상태는 좋았어요 주차자리는 대지만 여유있게 대가 딱 좋을 것 같아요,1
191,생각보다 좁고 답답했어요 리모델링이라 그런지 주인분들이 친절을하시더구요,0
192,가성비 좋고 길게 있고 싶을때 이용하기 좋은 숙소네요 시설이 조금 오래되긴했지만 어딘가가 부서지거나 한것은 아니고 오래되서 때탄 느낌이 전체적으로 드는 느낌이네요 그거 빼고는 좋습니다,1
193,오래된 느낌었으나 청결함 그러나 일회용품 종류가 좀더 있었음 좋았을것 같음 충전기도 비치해두면 좋을듯,0
194,리모델링해서 시설도 깔끔하고 다 좋습니다만 주차가 조금 불편해요 주차장 간격이 상당히 좁아서 신경쓰이는부분은 어쩔수 없네요,0
195,위생이 별로예요 별로예요,0
196,화장실과 방의 경계가 반쯤 허물어진 서구적인테리어 입니다 리얼사운드로 들으실분들은 가세요 개인적으로 화장실 빼곤 청결도 괜찮았습니다 화장실 미끄러워서 넘어졌어요,1
197,호텔과 모텔의 사이 정도의 시설인거 같습니다 방도 넓은 편이고 침대가 일단 상당히 편해서 만족스러웠어요 나름 깨끗하게 방역도 하신다고 하고 근데 침대시트에 얼룩이 진게 영 찜찜했습니다,0
198,넷플릭스도 되고 이용할수 있는 컨탠츠가 많아서 가성비가 아주 좋아요 하지만 화장실 타일에 낀 곰팡이 만큼은,1
199,그냥 잠은 잘만하네요,0
200,역시나 착한가격 퇴실시간도 여유로웠고 항상 좋아요,1
201,생각한것 보다는 좋은 시설이였어요,1
202,따뜻했으면 좋겠어요하하,0
203,편하게 잘 쉬다 갑니다 저렴한 가격으로 이불커버가 좀 해져서 찢어져있었지만 괜찮았어요 그리고 객실 셋탑박스 맛 간 듯해요 넷플릭스 들어가는데 계속 전원이 꺼졌다가 다시 켜지 리더라고요,0
204,보통이예요 그럭저럭,0
205,잘 사용 했습니다 감사합니다,1
206,사정이 있어서 사용하지 못했습니다 하지만 안내문자를 잘 보내주셔서 나중엔 다시 꼭 실제로 이용해보고 싶은 곳입니다 경기전과 한옥마을까지 이동하기 편한 거리입니다,0
207,한옥마을과도 가깝고 게스트 하우스보다 편하게 이용가능해서 예약하고 들어갔는데 침구커버는 교체가 안된 듯 머리카락과 오래 쓴 냄새가 났어요 침대가 아주 푹신하고 사이즈도 엄청 큰건 맘에 들었어요 침구류에 신경 더 써주시면 좋을것 같아요,1
208,대실시간이 길어서 이건맘에드는데 시설이 그냥저냥 그러고 프런트에 사장님이안계셔서 다른손님들이랑 마주쳐서 민망했고 침대의 이불에 머리카락이 많이있네요,0
209,깔끔하고 좋네요 침구류 역시,1
210,대실 했는데 진짜로 딱 가격 값 하는 숙소였습니다,0
211,깨끗한편이였는데 건물이 오래된건지 담배냄새가 너무심하게 베어있어서 좀 당황했어요 다른곳보다 가격이 저렴해서 가격보고 가시는거면 괜찮고 혹시나 가족이 함께 묵으실곳을 찾으신다면 신중히 선택하세요 서비스는 괜찮았어요,0
212,출장 이용했는데 솔직히 영,0
213,들어갈 때 담배냄새가 남아있어서 좀 그랬어요 그리고 냉장고가 작동이 안되는지 안에 있는 음료수가 다 시원하지 않았어요 그것 말고는 잘 쉬다 왔어요,0
214,매우 저렴하고 깔끔해서 좋았는데 화장실은 청소를 안하신건지 변기에 누가 파스때서 버린게 있어서 당혹스러웠네요 그거빼곤 다 좋았습니다,1
215,좋아요 굿입니다 다음에도 이용할게요,1
216,좀 시설이 후져요 근대 가격이 싸서 그럭저럭 이용했어요,0
217,전주에 일이 생겨 우연히 들렸던 곳이었는데 주차공간은 나쁘지 않은 편이라고 생각이 듭니다어려움없이 주차할 수 있었던 것 같아요 주변에 식당이나 편의점도 제법 있어서 식사하거나 간단하게 필요한 것들을 사는데에는 불편이 없어요 한강라면이라고 있어서 즉석에서 기계로 끓여먹을 수 있는데 그 점이 독특했고 방 컨디션은 그냥 하루 자는데 크게 불편함은 못 느꼈습니다 조금 노후화된 느낌은 있지만 가격대비 나쁘지 않다고 생각드는 게 라면이 있어서 그것은 인상에 남는 것 같아요,1
218,별루,0
219,깨끗해요 화장실이 깔끔해요,1
220,일단 객실은 깔끔할정도가 아니고 눈이부셧어요 다만 예약시간보다 분먼저도착햇는데 카운터비어잇고 시간맞춰오래서 차에서기다렷다가 시간되서갓는데 그이후로 분 더 늦게오시고 미안한단말도 없엇어여,0
221,전주역과 전주한옥마을 중간에 위치 모텔앞에 편의점이 있고 먹거리 상권이 형성되어 있어 이용하기 편리합니다 이벤트룸 활용음료 토스트 팝콘이 로비에 비치넷플렉스 숙박시 시퇴실,1
222,싼 가격에 만족합니다 모기가 있어서 잠을 설쳤네요한옥마을 도보로 가능하고 상가거리에 있어 괜찮네요,1
223,방이 조금 습해요 사진보다 좀 좁아요,0
224,주변 상권이 조금 떨어지고 주차장으로 들어가는데 대형버스가 있어 위험했습니다 버스가 입구에 있으니 매우 위험합니다 수압이 너무 좋은거는 감사드립니다 시설도 그렇게 나쁘지 않아요 전반적으로 이 호텔은 나쁘지 않아요 전주에 여행오시는 외국인들이 많아 호텔도 좋아지는거 같습니다 갑자기 국지성 게릴라 폭우가 와서 우산 렌탈을 의뢰하였는데 단체손님들이 전부 빌려같다는 이야기가 조금은 아니다 싶었습니다 숙소에 맞추어 우산을 가지고 있어야 좋은호텔입니다 전부 젖어서 조금 실망 앞으로 개선 부탁드립니다 그리고 바디소프등은 회용으로 부탁드립니다,1
225,수건이랑 매트리스 커버 위생이 좋지않았습니다,0
226,후기도 좋고 가격도 저렴해서 방문했는데 가격은 저렴하였으나 방구석구석 너무 지저분했어요 화장실도 쥬스인지 뭔지 물로 씻겨내려가더라구요 입구에서 부터 방에들어갈때까진 좋았으나 방청결상태보곤 실망하였고 프런트에 코드없어서 여쭤봤더니 치웠다고하며 서비스불친절로 좀실망했습니다,0
227,주차장 좁아요 시설은 나름 깔끔합니다,0
228,컵라면도 주시네여편하게 이용했어요,1
229,전주 출장중에 찾은 타임모텔일단 주차장시설은 건물에대정도 가능한듯하고 숙박요금은 다른곳보다저렴하고인테리어를 새로해서인지 객실은 깔끔하네요오래된 엘리베이터는 좀 답답한 면이 있음주변에 모텔이 많지만 가성비쩌는 모텔이네요 사장님에어컨 청소좀 해주세요담배 냄새가,0
230,숙박업소 많은곳에 일반모텔 이었어요 시설은 조금 노후되었으나 청결하게 관리해서 사용하는데는 불편함없이 잘 사용하였습니다 여기어때 예약으로 저렴하게 숙박했는데 가성비 좋은 곳이에요,1
231,화장실이 문 없이 개방형이라 조금 불편하긴 했어요 청결이나 인테리어는 그냥그냥 무난합니다 편하게 이용하고 나왔어요,0
232,제가 사진을 잘못찍기도 하구 눈이 많이 와서 걱정속에 움직이느라 사진은 못찍었지만 친정엄마모시고 딸과함께 갔는데 친절하고 깔끔하고 따뜻해서 엄마도 좋아하셨어요,1
233,어제 이용한 고객입니다 내부 모습은 현재 올려진 사진과 거의 동일한 모습이구요 실내도 아늑하고 난방도 잘되어 따뜻하고 온수 물도 잘 나오고 외곽에 있는 곳이라 조용하고 방음이 그럭저럭 잘 되는거 같아서 좋았고 욕실 화장실 깔끔히 정돈된 모습이라 보기 좋았습니다만 아쉬운 점은 수건놓는 상자가 지저분해서 큰 수건은 마음에 들지 않았고 쓰고싶지 않았고 욕조도 조금은 지저분하여 물로 몇번 치우고 사용했네요 또 선반쪽에 있는 머그컵 사용하려고 보니까 너무 지저분해서 세척에 신경 쓰쎠야겠네요 그 외에는 만족스럽게 잘 머물다가 갑니다,1
234,스타일러만 좋앗어요,0
235,새건물이라서 전체적으로 깔끔합니다 침구도 깔끔하고 어메니티도 잘 준비되어 있습니다 그 외 단점을 말하자면은 주변에 머 없습니다 차타고 다니셔야 합니다 조식은 추천드리지 않아요 대부분 외지인들이니 그 시간에 그냥 잠 더 주무시고 밖에서 드시는것이 좋으실 거 같습니다 진짜로 말 그대로 간단히 준비된거고 프론트 앞 협소한 공간에 다닥다닥 붙어서 인 테이블도 없어 가족들 함께 먹지도 못합니다 난감합니다 프라이빗 하지 않아요 직원들 손님 응대도 아쉽습니다,1
236,우선 안내해주신 직원분들 모두 친절하셨습니다 체크인하자마자 숙소로 들어갔는데 처음 맡아본 쩐내 같은것이 났어요 담배냄새는 아니었는데 냄새가 좀 심해서 환기를 시켰지만 냄새가 빠지진 않았어요 하지만 화장실하고 침대등 기타 공간의 위생상태는 좋았습니다화장실 수압과 배수상태도 만족스러웠어요 다만방음이 너무 안됩니다 이날 잠 거의 못잤어요옆방의 말소리와 코고는 소리까지 들리고 도로변에 나는 소리가 전부 들렸어요 귀가 밝으신 분들은 귀마개를 준비하시는게 좋을 듯 합니다 그외에 한옥마을에 도보로 갈 수있어서 좋았구요 주차시설도 편했습니다 방음과 방에서 나는 쩐내가 아니면 다 만족스러웠습니다,0
237,여친과 일 기념으로 전주 한옥마을에 가기로 하고 우선 숙소는 가성비 좋은 모텔에서 지내기로 했어요 우선 숙박비 한옥마을과 거리 스파 이렇게 개가 중요하다고 생각하고 검색하니 제이즈호텔이 가장 적합했어요 도착하니 주차장이 아주 컸어요 다만 톤 트럭이 많이 주차가 되어 있었는데 숙박객인지는 잘 모르겠어요 엘레베이터 버튼을 눌렀는데 안내려오길래 보니 내려오고 있는데 숫자가 잘보이지 않는거니까 다들 참조하세요 여기서 한옥마을까지 차로 분정도 소요됩니다 특히 여기 사장님인지 직원분이신지 모르겠지만 너무 친절해요 암튼 진짜 여기어때 강추,1
238,잘묵고갑니다 괜찮음,1
239,종종 이용 하는 편 이예요 잘 이용 했어요 주차장이 곳 넓어서 만족스러웠어요 큰티비 베리베리 굿 굿 전기장판 상당히상당히 좋네여 간단한 식탁도 있고 잘 이용 했어요,1
240,가성비 조어요 깨끗한 편이에오 근데 다른사람이 버린 렌즈가 있엇어용 그치만 저렴하고 위치가 좋아서 또 올 의향 잇슴다 가성비 조어요 깨끗한 편이에오 근데 다른사람이 버린 렌즈가 있엇어용 그치만 저렴하고 위치가 좋아서 또 올 의향 잇슴다 가성비 조어요 깨끗한 편이에오 근데 다른사람이 버린 렌즈가 있엇어용 그치만 저렴하고 위치가 좋아서 또 올 의향 잇슴다 가성비 조어요 깨끗한 편이에오 근데 다른사람이 버린 렌즈가 있엇어용 그치만 저렴하고 위치가 좋아서 또 올 의향 잇슴다,1
241,가성비 좋네용 잘 쉬었다 갔습니다,1
242,출장차갔는데깨끗하고 조용했음 조금외졌음,0
243,깨끗하고 괜찮네유 굿굿,1
244,전주여행갓다가 잘 쉬다왔어요 호엿는데 고데기가고장낫더라구요 교체하셔야될것같아요,0
245,객실상태는 괜찮은데 상당히 불친절해요,0
246,좋아요 가격대비 좋네요 이이스크림도 있고 좋아요 물도 잘나오네요 또 이용할거예요,1
247,이불이 조금 더러운데 좋아요 시원하구 대실 시간 굿,0
248,연말이라 여자친구랑 묵으려구 숙박했어요 위치도 전북대나 시내 한옥마을 신시가지 모두 차량으로 분내외 걸리는 좋은 위치였구요 건물은 새로 지은거라 내부 외부 모두 깔끔했어요 그런데 인터넷에 문제가 있어서 와이파이도 안되구 올레티비 다시보기 서비스도 이용을 못했네요 개선이 필요해 보입니다,1
249,그럭저럭 입니다,0
250,위치는좋았으나 침대가너무딱딱했어요,0
251,모텔은 깨끗하고 좋습니다 침대상태 양호하고 깔끔하네요스타일러스가있어 저녁먹고 고기냄새쩌든 옷들도 뽀송해졌어요 바로 앞에 편의점이 있어좋았습니다모텔가까이에 편의점은 필수로 필요하다 생각합니다 다만 큰차길과 가까워 차량소음이 새벽까지도 계속들리고 유흥시설이 주변에 있어 시끄럽긴하네요그리고 카운터앞 전자렌지주변은 정리가 필요한듯합니다그걸제외하고는 여행와서 편히쉬고가는것 같습니다 가성비좋은 모텔이 아닌가싶네요 다음여행오게되면 또 찾게 될것같습니다,1
252,저렴한편에 가기좋은거같아요 주차공간이 넓어서 짱입니다 다음에도 가려구요,1
253,일단 위치가 상당히 좋다 한옥마을과 벽화마을하고도 가깝고 서울의 명동같은 곳과도 가까워서 놀기좋았다 객실에 들어가자마자 깔끔하고 분위기잇어서 놀랐다 상당히 마음에들었다 다만 아쉬운건 샤워기가 쪼꼼 더러웠다는점이 아쉽다,0
254,방은 더울정도로 넘넘 따뜻하네요 청결상때는 약간 신경 쓰셔야될듯요 생수랑 음료는 넉넉해서 좋네요,1
255,전주오면한번씩 가는데,0
256,국국규굿굳 괜찮았어요 괜찮았여요,1
257,카운터분은 되게 친절하신데 방에서 냄새가 조금 나는게 아쉽네요,0
258,리모컨으로 조명이 안되서 불편하고 시설이 좀 된거같아요 한강라면과 토스트 커피는 먹을만 합니다 번정도 숙박했는데 딱히 딱히 합니다 리모델링만하면 다시 이용하고 싶네여 김사합니다,0
259,딱 잠만자기에 좋습니다 다른 시설물 이용하긴 조금 아쉬웠어요,0
260,솔직한 후기 남겨봅니다 왜 다들 후기에는 좋은글들만 가득한지 모르겠음 오기전 사진때문에 기대를 많이했나봄 시설은 사진보면않됨약간은 처짐 숙박비는 시설대비 적당 쥔장사장님친절 전체적으로 시설이 아쉬웠던건 요즘 좋은 숙박시설들이 많아짐으로 비교됬고 개인적으로 약간의 실망감,0
261,항상 잘 이용합니다 시설 청결 괜찮고 무엇보다 가격이 저렴해서 항상 애용합니다,1
262,다른 가게랑 주차장을 같이 쓰는 거 같아요 주차 하려고 들어갔는데 자리가 없어서 이중주차하고 중간에 연락와서 내려갔다왔어요 건물 들어갔을 때 가봤던 다른 모텔들이랑 다르게 생겨서 신기했어요 객실 들어가자마자 식초냄새같은 쿰쿰한 냄새가 나서 싫었는데 또 있다보니까 적응됩니다 주말이라 방이 없는 곳이 많아서 어쩔 수 없이 갔는데 또 이용하진 않을 거 같아요 다른 가게랑 주차장을 같이 쓰는 거 같아요 주차 하려고 들어갔는데 자리가 없어서 이중주차하고 중간에 연락와서 내려갔다왔어요 건물 들어갔을 때 가봤던 다른 모텔들이랑 다르게 생겨서 신기했어요 객실 들어가자마자 식초냄새같은 쿰쿰한 냄새가 나서 싫었는데 또 있다보니까 적응됩니다 주말이라 방이 없는 곳이 많아서 어쩔 수 없이 갔는데 또 이용하진 않을 거 같아요,0
263,일단 출장가서 이용했고 근처 맛있는 식당이 꽤나 있어여 검색하시면 근처 맛집 나올거임 나쁘지않는 가격에 구성좋고 역시 전라도는 맛있네여 여기동네가 시설이 다 오래 됐어요 하지만 사장님께서 관리 잘하셔서 어느정도 유지 잘되고 있는듯 그리고 근처 편의점 널렸음 참 좋아여 단점은 큰 길가쪽이라 시끄러워여 그건 단점이네여 그래도 가성비좋게 다녀왔어여 다시 방문하고 싶네여 전주역이랑 멀지 않아여 최다 장점 인듯,1
264,시설은 좋은데 담배 냄새 나는 방을 주셔서 교체 요청했어요 방도 많은데 굳이 냄새 나는 방을 주신 이유가 뭔지 궁금하네요 페브리즈를 뿌리셨다는건 담배 냄새가 난다는걸 아셨다는건데도 굳이 주신게 더 이해가 안갑니다,0
265,잦은 출장으로이 지역에 방문할때 머무르는데 만족합니다,1
266,카운터에 계신 아주머니가 너무 불친절하네요 싫으면 다른데 가라는식으로 말하네요 기분 드럽고 불쾌하네요,0
267,이번에도잘이용했습니다,1
268,넷플릭스가안되는데 객실 안에있는 전화기안되고 네이버전화로 연결해도 안되고 여기어때 전화번호로도 안되고 끝까지 전화연결이 안돼서 남편이 프론트갔다왔어요 만실이여서그런지 전화로 걸면 재끼시는거 같습니다,0
269,출장왔는데 계속 이용중입니다,1
270,전주에 일찍도착해서 체크인 시간까지 어디있어야하나 걱정했는데 여사장님께서 흔쾌히 오라고 하셔서 이 무더위에 살아있을 수 있었어요 감사합니다 방은 게스트하우스답게 아담했어요 이불과 방은 사장님께서 미리 환기시켜놓으시고 정리해놓은 상태라 아주 깔끔했습니다 불편한 거라면 화장실이 좁아 세수보단 샤워하는게 편하고 냉장고가 밖에 놓여있어 뭘 꺼내러 갈때마다 문을 여닫으니 벌레들이 들어오는데 벌레잡을만한 도구가 없어 그게 좀 애먹었어요 여름이라 나방 모기 거미들이 잘 들어오는데 벌레를 잘 못잡는 투숙객분들을 위해 전기채라도 있었으면 좋겠드라고요,1
271,뷰가 좀 아쉬웠어요 리모델링이 좀,0
272,사진대로인데 세세하게 노후된 흔적이 많네요 샤워기도 고장이라 그렇고 냉장고 선반도 무너지기 전 가격이 저렴해서 가성비는 괜찮다생각합니다 큰 기대없이 이용하심 좋을듯요 근처에 먹을 곳 많고 주차장 넓어요,1
273,굿굿굿굿굿숫굿숫숫굿,1
274,바닥이 따뜻해서 너무 좋았구요 시설은 전체적으로 낡았긴했어도 깨끗하고 좋았어요,1
275,상당히 깔끔하고 방도 넓었어요 하지만 넷플릭스가 너무 느렸어요,1
276,전반적으로 그냥그럼,0
277,안마의자가 좋았고 나머지는 평범,0
278,전주오면 여기서 잡니다 가격대비 깔끔하고 청결합니다 강추,1
279,이 가격에 쉬기에는 최고입니다 솔직히 출장 와서 저렴하게 쉬니 참 좋네요,1
280,오래된곳이지만 가격대비나름괜찮습니다 그냥 요즘최신시설은 기대하지마시구가세요,0
281,사진보다 시설이 노후화되었네요 다음에 전주 올 때는 다시 묵을 지는 생각해봐야겠네요 모텔 근처에 저녁을 먹을 곳도 꽤 있어서 술 먹고 자는데도 문제가 없었네요 잘 먹고 쉬고 갑니다,0
282,인테리어해서 괜찮은거같은데 숙박시간 전화로 물어보길래 의아햇는데 그시간에 맞춰 대실 손님을 받는건지 잘 모르겟는데 바로들어가서 그런지 청결상태와 냄새는 솔직히 좀 실망이었어요 다른건 다 괜찮았습니다,0
283,시설 깨끗하고 너무 만족스러웠어요 당일날 갑자기 예약하게 됐는데 가성비도 좋고 만족합니다,1
284,그럭저럭잘만해요,0
285,외관과 주차장 및 인테리어 준수합니다 내부 시설도 가격대비 무난하고 나쁘지않은데 청결도는 점수를 많이 드릴 수가 없네요 화장실 안에 천장과 개수대 변기가 꽤 오래 청소하지 않은 흔적이 많았습니다 베개 밑에 낮선 머리카락도 눈에 띄었네요 담배냄새도 많이 나서 환기도 조금 신경쓰셔야할 것 같습니다 옷에 담배냄새가 나서 좋지 않았습니다 이부분은 제가 금연실로 요청했어야는데 말하지 않은 제 잘못이니 이용하시는 분들은 필히 금연실을 꼭 요청하시길 바라겠습니다 청소만 조금 더 신경 써주신다면 가격대비 나쁘지는 않다 생각합니다 사장님은 친절하시고 좋아요,0
286,바닥에 먼지가 발바닥에 좀 느껴지는데 심한 건 아녜요,0
287,장점 수압 좋음 따뜻하긴 함 단점 특실이라기엔 방이 작음 인테리어가 인터넷에서 보는 오래된 인테리어 화장실 비데가 누선되는지 앉으면 따끔거려서 처음엔 뭐지 했는데 코드 뽑아보니 괜찮음 컴퓨터 작동 안됌 켜지기는 하나 아무것도 안눌리고 클릭도 안됌 등 끄고 키는것도 리모콘으로만 가능 벽에 붙은거로는 작동안되고 심지어 리모콘으로 벽에 붙은 작동기 방향으로 해야 작동되고 다른 방향으로 하면 먹통임 냉장고는 물밖에 없음 봉지커피를 왜 냉장고에 넣어둔건지 이해 못하겠음 화장실 샤워기는 오래된 여관방에서나 보던거임 대학 동아리 첫 엠티갔을때 오래된 여관방 화장실 샤워기 창문 열면 벽뷰나 마찬가지,0
288,겉은 리뉴얼된 느낌이였는데 숙소 내부 담배 냄새가 좀 나는듯 했습니다 물론 느낌일수도 있는데 조금 오래된 그럼 냄새가 났구요 그외 스타일러나 내부 제품들은 좋았습니다 티비 리모컨이 정상작동 하지 않아 넷플릿스 시청이 조금 불편 했습니다,1
289,아이스크림이랑 간식류도 잇고 주차할때나오셔서 봐주시고 영화보기도 잇고 괜찮네요 담에 또 갈께요,1
290,특실 했는데 가격도 주말인데 저렴이고 무엇보다 빠른 시간에 들어와 쉴수 있눈게 맘에 들었습니다,1
291,카운터 직원이 질문을 해도 대꾸도 안하고 불친절했음 숙소도 홍보 많이 하길래 기대하고 갔는데 별로였고 특히 고사양이라길래 갔는데 한 대는 고사양인거 인정 근데 나머지 한대는 상태 완전 안좋았음 오버워치나 기본 검색 이런 것도 렉 엄청 걸리고 화질도 안좋고 컴퓨터 설정하느라 한시간 보냈는데도 상태 안좋아서 제대로 게임 하지도 못함 기분 잡침 다시 재방문 의사 절대 없음 그나마 장점 뽑자면 깨끗한듯,0
292,음 이 주변 모텔들은 시설이 다 비슷비슷한 것 같아요 그래도 싼 가격에 대실 시간이 엄청 길어서 넷플 보면서 뒹굴뒹굴 할 수 있었어요 출장 나와서 잠깐 쉴 때 들려도 나쁘지 않을 듯,0
293,쏘쏘요 잠깐 왔다가는거 괜찮아요,1
294,깨끗하고 좋았어요 화장실 분리되었지만 변기있는곳은 너무좁네요 그것만빼면,0
295,가장 큰 장점은 넓은 객실에 깔끔하고 모던한 인테리어라고 생각해요 프론트에서 헤드셋 대여도 해주셨어요 친절하시고 깨끗한 침구와 고사양 게이밍 컴퓨터가 있어서 편안하게 휴식할 수 있어요 새로 뜯은 하나의 칫솔에 이물질들이 있어요 사진을 찍어두었어요 아침 프론트에 아무도 안계셔서 말씀 못드렸는데 신경써주시묜 감사할것 같아요,1
296,엘리베이터가 없어 층까지 걸어올라가는게 힘들었어요 미리 알고 있었지만 생각보다 더 방음이 안되네요 침구류 특히 베게커버 신경써주시고 변기 청소가 제대로 안되어있었어요 위치는 유명한 곳은 도보이동 거의 가능해서 좋고 주차장있어 편안했습니다 주인분 친절하셨어요,0
297,세가족이 전주군산 여행을 준비하면서 한옥숙소도 고려대상이였지만 방개화장실개란점이 꽤 메리트로 다가왔습니다 독채란점도 프라이빗하게 느껴져서 좋았습니다 일정을 마치고 도착한숙소의 첫느낌을 그대로 워딩으로 옮기자면 와별장같다주차장넓다 정원은 생각보다작네였습니다 년에 사업자등록이 나온것으로봐서 그전까지 살림집 또는 별장으로 사용된것같습니다 룸컨디션 어제까지 누가살던집 같습니다 집곳곳에 개인살림살이 흔적들이 있습니다 청소상태는 양호합니다 침구류식탁싱크대바닥청소상태 안방화장실 수압은 약해서 화장지 넣으면 막힐것같습니다 화장실에는 넉넉하게 수건이 비치되어있으며 비누치약샴퓨바디워시있습니다칫솔없습니다안방에침대쿠션은 괜찮았지만 층에있는 층침대는 어른들보다는 어린아이 동반시 괜찮을것같습니다 와이파이신호 잡힙니다 서비스 시쯤되니 몇명이 몇시에오는지 문자메세지가 왔습니다 도착하면 현관문바구니에 열쇠있습니다 체크인 체크아웃 비대면으로 이루어집니다 위치 한옥마을에서 차로분 걸어가보니 남자걸음분 걸립니다 주변에 아무것도없습니다 한줄평별장입니다세가족이상 평일기준가격으로 추천합니다,1
298,냄새가 좀 나긴 했지만 이용 할만 했습니다,0
299,신식은아니지만 사장님이 너무 친절히 잘 대해주셨습니다 잘쉬다갑니다용,1
300,일 연휴기간이라 평상시보다 방값이 많이 비싸네요 고민고민하다 가격도 좋고 후기도 좋아서 하운드로 선택했습니다 층 주차장은 아주 만족합니다 넓고 주차하기 편합니다 직원분들은 친절하지만 추가인원이 있어 추가요금내고 이불신청했는데 갖다주지않아 두번이나 애기를 했습니다 욕실은 제일 맘에 들었습니다 넓고 아주 깨끗합니다 수압도 아주 좋습니다 방은 좀 아쉬워요 방은 크고 침대도 넓고 도 아주크고 좋습니다 근데 침대쿠션이 좀 딱딱하네요 테이블이 없어 침대에 앉아야합니다 화장대밑에 수리흔적이 아주 지져분합니다 천장 조명하나가 뜯어져있습니다 화장대 거울이 고정안됐습니다 전기코드가 멀어서 헤어드라이할때 거울을 볼수없어요 좀 아쉬움이 남지만 만족합니다,0
301,애용중 오늘도애용합니다 조아요 이젠편함 넘나리,1
302,깨끗하고 따뜻했어용 방음도 잘되있고 베개도 푹신해서 잠을 푹 잤습니당 잘 쉬었다가요,1
303,전주에 일이 있어서 급하게 에비뉴 호텔서 숙박을 했는데 음 욕실 들어가는 문은 미닫이식 문인데 밑부분이 빠져있어서 문을 열때마다 문이 넘어갈까봐 불안했고 화장실은 이상한 냄새가 나고 청소 신경좀 쓰셔야겠네요,0
304,주변시설과 가까이 있어 편리해요,0
305,이렇게 담배냄새가 많이나는 숙소는 처음,0
306,좋아요 가격도 좋고요,1
307,좋아요 이용잘 하고있어요,1
308,직원 친절하구 침대 개있는방이라음 좋아요,1
309,사진이랑 비슷했구요 처음 들어가자마자 꿉꿉한 냄새가 좀났어요 담배냄새는 아닌데 잘모르겠어요 하얀이불 좋아해서 사진확인하고 가는데 사진이랑 달라서 좀아쉬웠어요,1
310,편하게 잘쉬다가 갑다,0
311,화장실에 물기가 덜 말라있어서 좀 아쉬웠지만 전반절으로 깔끔했습니다 특히 배달 시킬 수 있는 곳이 근처에 많아서 선택지가 다양한 게 커버가 됩니다 별관보다는 신관이 확실히 좋을 거 같아서 다음번엔 신관 이용 해야 겠어요,1
312,장점 매트리스 깨끗함 티비 크고 가능 단점 전 이용자의 담배냄새 냉장고 소음 도로 소음 에어컨 소음 심함,0
313,무난하구 좋아요에어컨도 잘되구 물도 컴퓨터 약간렉있지만 괜찮아요,1
314,처음 신발장 들어가자마자 머리카락에침실 바닥에는 정체 모를 빨대가 떨어져 있었고 사용하지 않은 욕실 배수구에도 머리카락이 많았습니다 그리고 화장지는 두칸중에 하나만 거의 다 쓴게 있었고 빗은 원래 이용하지 않지만 역시 머리카락이 너무 많이 엉켜 있었습니다 유명한 체인이라 전주 여행때 예약했지만 너무 많이 실망스러웠네요 이미 짐을 다 풀었던터라 방을 바꿔달라고 하기도 그래서 그대로 이용했습니다 청소에 신경 많이 쓰셔야 할 것 같아요,0
315,그냥저냥 이용했어요,0
316,객지에서 관광왔다가 너무 피곤해서 대실했는데 가격대비 이용시간 가성비갑이네요 그리고 모텔 이미지 사진이랑 똑같은데 느낌적인 분위기가 홍보사진은 다르다고 느낄수있지만 가격이랑 사장님 친절로는 확실히 좋다고 할수있네요 날씨때문인지 몰라도 아쉬운점은 침구가 많이 눅눅하다는 습한느낌이 있어서 쉬는동안 차에서 개인 담요 가져와서 덥고잤다는거랑 바로앞전에 방에사람이 빠진건지 몰라도 환기가 안됫는지 담배냄새가 너무심했어요 환기랑 침구만 신경 조금더 쓰시면 정말 더좋은 숙박업체가 될꺼같네요,1
317,화장실 청소를 안하셨는지 여성청결제 쓰던게 올려져있고 욕조에 머리카락이 너무 많아서 물이 잘 안내려가요 그거 말고는 다 잘 썼습니다,0
318,천안역이랑 가깝고 새건물이라 좋았어여 특히 침구가 맘에 들었어요 행사로 저렴하게 하루 잘 묵고 나왔네요,1
319,가격대비만족하고 시설깨끗한편이에요,1
320,여기는 다른건 다 좋은데 객실에서 온도조절이 안되서 밤에 너무 춥더라구요희망온도를 설정을해도 온도가 안올라감,0
321,출장으로 하루숙박 무난합니다,0
322,여기는 현금만 받나봐요 카드를 내미니까 원이아니라 원받았어요 그런것 좀 미리 써주시면 좋을텐데 아무리 창문을 닫아도 밖에소리까지 다들리구 시설은 진짜 넓고 깨끗하더라구요,1
323,깔끔합니다 그리고 인테리어도 훌륭합니다 시설은 전반적으로 깨끗합니다 가격도 나쁘지 않네요,1
324,사장님 친절하십니다 가격대비 만족하였습니다,1
325,솔직한 평으로 시설 괜찮습니다 주차장도 조성을 잘해뒀고요 로비에도 먹거리를 다양하게 구비해둬서 좋았습니다만 미리 예약을 하고간방이 없다고 다른방을 주신다는데 모텔측 불찰로 인해서 다른방을 내줘야하는 상황이면 업그레이드를 해주는게 고객불만이 없지 않을까요 다운그레이드 시켜놓고 싫으면 취소해라란 식의 응대가 사람 어처구니없게 하더군요 어플 이용자분들은 전화를 해보고 가시길 권해드릴게요,1
326,침대 진짜 역대급이네요 건물이 좀 오래되긴 했어도 뭔가 느낌 있었어요 잘쉬었다 갑니다,1
327,겉만 보고 판단하지 말자 솔직히 처음엔 주말인데 싸니까 예약했어요 근데 생각보다 괜찮아요 주차장 넓지 에어컨 잘 나오고 수압도 좋고 는 없지만 유튜브도 볼 수 있고 암튼 주말에 만족하고 나왔습니다,1
328,괜찮은거 같은데 욕실에서 머리카락이,1
329,사장님 친절 넷플 웨이브 티빙 다 다되서 조아요,1
330,음베게가 너무 높아서 목 꺽이는거 같았어요 목 너무아픔 진심 이걸 어떻게 베고 자라고 놓은건지 말도 안되게 높았어요 매트리스도 엄청 딱딱하고 불편해서 잠이 잘 안왔어요모텔보다 못한 수준 객실안에 씻는 도구가 배치가 안되어 있던데 입실전에 어메니티 안내를 해주시던지 안내를 하시고 판매를 하시던지 따로 자동 판매기 같은게 안보였는데 제가 못찾은 걸까요 안내를 못받은 걸까요 딱히 편의점에서 클렌징오일이랑 폼클렌징 한만원 내고 샀네요 리모델링 해서 재오픈 한걸로 알고 있는데 인테리어 말고 이런부분 신경 전혀 안쓰신게 보여서 좀 많이 마음에 들지 않았고였어요 딱히 딱 잘 꾸며놓은 모텔 수준 정도가 맞는거 같네요,0
331,생각보다 만족스러웠어요,1
332,객실이 엄청 깔끔하고 귀엽네요 아기자기하고 따뜻하고 좋습니다 잘쉬다가네요,1
333,깔끔하고 서비스도 아주좋아요,1
334,쾌적하고 굿이었어요 담에또 이용의사있음,1
335,방 넓고 티비 에어컨 잘 나옵니다,1
336,깨끗하고 사장님께서 친절하십니다 그리고 조식이 맛있어요,1
337,침구 너무 편해서 좋아요,1
338,상당히 예쁘고 아기자기해서 힐링 되는 숙소 눈 떠서 나른한 상태로 먹는 조식도 상당히나 맛있었고 객실도 청결하고 이불 향기도 상당히나 좋았습니다 사장님이 손님으로 최대한 배려해주시는 모습이 상당히 감사했습니다 나중엔 결혼해서 올게요 사장님,1
339,위너는 믿고 숙박하는 곳입니다 제가 이용했던 룸은 창틀까지 깔끔해서 기분이 좋더라구요위생적으로도 깔끔하니 만족했어요 위너는 믿고 숙박하는 곳입니다 제가 이용했던 룸은 창틀까지 깔끔해서 기분이 좋더라구요위생적으로도 깔끔하니 만족했어요 위너는 믿고 숙박하는 곳입니다 제가 이용했던 룸은 창틀까지 깔끔해서 기분이 좋더라구요위생적으로도 깔끔하니 만족했어요 위너는 믿고 숙박하는 곳입니다 제가 이용했던 룸은 창틀까지 깔끔해서 기분이 좋더라구요위생적으로도 깔끔하니 만족했어요,1
340,입실시간도 시 퇴실시간 시까지 완전 미쳤어용 침대도 높고 푹신하고 화장실도 깨끗 티비도 크고 따뜻하고 완전 푹 쉬었어요 드라이기가 덜덜거려서 아쉬웠지만 좋았습니다 최고에요,1
341,자주 가는 곳입니다 인치 티비를 침대에 넷플릭스를 볼 수 있으니 정말 좋아요 굳이 극장 안가도 되고 치킨 배달시켜 편히 영화보며 호캉스를 즐겼네요 전주역 한옥마을 중간이여서 두곳다 분안에 갈 수 있어 교통도 좋아요 다음에 또 갈게요 방 업그레이드 감사합니다,1
342,넘 좋아요 자주사용해요,1
343,주차 자리가 많지는 않지만 외부에 주차 가능한 곳이 있습니다 방 넓고 좋아요 박했는데 침대 시트 교체해주시고 수건이랑 일회용품도 채워주셨습니다 재방문 의사 있습니다 주차 자리가 많지는 않지만 외부에 주차 가능한 곳이 있습니다 방 넓고 좋아요 박했는데 침대 시트 교체해주시고 수건이랑 일회용품도 채워주셨습니다 재방문 의사 있습니다 주차 자리가 많지는 않지만 외부에 주차 가능한 곳이 있습니다 방 넓고 좋아요 박했는데 침대 시트 교체해주시고 수건이랑 일회용품도 채워주셨습니다 재방문 의사 있습니다,1
344,직원분들 엄청 친절하시네요 숙소도 넓고 깨끗해요 모텔촌이라 뷰는 조금 아쉽지만 편안하게 쉬다갑니다,1
345,수압빼고 고칠게 없을정도로 좋은 곳이었는데 수압이 고쳐졌네요 물이 콸콸 나와요 정말 좋고 감사해요,1
346,객실 청결상태가 매우 만족스럽고 전주에 다시 온다면 여기에 숙소를 정하고 싶네요,1
347,방이 조금 추운 것 빼고는 너무 조았습니당또오께영 방이 조금 추운 것 빼고는 너무 조았습니당또오께영 방이 조금 추운 것 빼고는 너무 조았습니당또오께영 방이 조금 추운 것 빼고는 너무 조았습니당또오께영,1
348,전주 여행왔다 들린 숙소인데 만족스러웠어요 따듯한물 잘 나오고 수압도 괜찮아요 바디워시가 없어요 후기에 보면 손님들이 사용을 잘 안해서 안채우신걸로 다셨단데 그래도 사용하는 사람들을 위해 채워주셔야할것같아용 사장님 친절하셔서 잘지내다 갑니다,1
349,숙소도 깔끔하고 무엇보다 조식이 상당히 맛있어요,1
350,사장님이 친절하시고 룸 상태가 깨끗해서 좋았어요 자주 이용하려구요,1
351,전주 한옥마을 자주 들러서 가는 대전인입니다 전주 처럼 점점 인프라가 커져가는 지역에 걸맞는 숙박업소네요 홍보 잘하면 외국인들 독점이 가능한 시설입니다 가격이 상대적으로 쎈만큼 경쟁력도 충분히 있는 퀄리티네요,1
352,객실 상태도 아주 좋고 이틀 여기사 잤는데 좋았어요 층에 아이스트림이랑 빵이 배치되어있어서 좋아써용,1
353,완전 좋아요 번화가라 접급성좋고 시걸 깨끗하고 자주 이용하는데 항상 만족합니다 방 넓고 넷플릭스 되고 가격 좋고 진짜 가성비갑이라 다른데 이용 못해요 굿둣둣 정말 좋습니다 항상 이욘할 정도입니다,1
354,깔끔하고 나름 괜찬았어요,1
355,좋았습니다 다음에도이용,1
356,여자친구랑 한옥마을 객사 여행와서 잠깐 들렸는데 너무 깔끔해서 놀랐습니다 사진은 한옥마을 방문해서 먹은 사진입니다 자차로 한옥마을 분이면 방문가능해서 너무 가까웠습니다 아중역에서는 레일바이크를 이용해볼 수 있어서 전주를 즐기다가 가네요 전북대학교도 한옥컨셉으로 되어있어서 깜짝 놀랬습니다 아중리 숙소하면은 여기 인 것 같네요 늘 이용하겠습니다 다만 담배냄새가 살짝 나는것 같아서 아쉬웠지만 보일러도 되어서 너무 좋았네요 따뜻하게 이용했습니더,1
357,깔끔하고 넘 좋어요,1
358,중화산동에 자주오는 숙박업체인데 다른곳보다 저렴하지만 하루 편하게 묵고갈수있는 방이라 자주애용합니다 사장님이나 알바하시는분들도 다 친절하셔서 올때마다 기분좋고 침대도 편해서 잘자다갑니다,1
359,하운드는 일단 외관에서부터 깔끔함이 뭍어나옵니다 모텔이라기보단 깔끔한 호텔이 더 어울리는 그런 곳이구요 전주 내려와서 처음 이용했던곳이 하운드였는데 직원분들도 친절하시고 내부인테리어도 모던하고 깔끔한데다 층로비에 복도까지 뭐하나 빠지는부분이 없었어서 첫 느낌으로 참 좋았던 기억이 있어 다시 재방문하게 되었네요 이번에도 역시나 점원분께서는 친절 그 자체셨고 다음날 아침부터 보일러실이 문제가 있었는지 찬물밖에 나오지않아 참고쓰다 퇴실시간전쯤 도저히안되겠어서 말씀드렸는데 조치를 해주셨는지 따순물이 그다음부턴 잘 나와서 서비스 측에서 고객들에게 참 잘 대응하시는구나 라는 생각이 들었고 동시에 고객의 입장에선 대우받는 느낌이 물씬들어 성수기라 가격만 미쳐날뛰지않으면 앞으로는 계속 하운드를 이용할거같아요 그리고 세상에서 제일예쁜 제 여자친구가 조식이 최고였대요,1
360,전주 박 일 여행으로 검색하다가 예약하게 되었어요 아늑 호텔 상당히 좋아요 오 오 깔끔합니다 조금만 걸어가면 먹을 곳 있어요 방에 스타일러 있어서 맘 편히 맛난 거 먹으러 갈 수 있어요 직원분들 친절해요 전주여행 왔는데 기분 좋게 하루 지내고 갑니다 일회용품은 구매해야 합니다 원 저녁에 들어와서 룸서비스했는데 방에서 차 하기 좋네요 화장실도 상당히 깔끔하고 물 잘 나오고 만족합니다 드라이기도 바람쎄개나와서 딱 제 스타일이었어요 충전기도 있어서 좋아요,1
361,항상 만족하는 서비스 훌륭한 시설입니당 만족 만족,1
362,올해 전주 여행에 처음으로 묵은 다빈 호텔은 체크인할때 주차장이 매우 넓어서 주차 걱정없이 아주 편안하게 주차를 할 수 있어 상당히나 좋은 곳이며 호텔 시설도 상당히나 좋아서 상당히나 편안하게 지내다가 간 곳이에요 그리고 객실도 매우 넓고 침대도 아주 좋아 편안하게 잠을 자게 되고 객실 욕실 화장실 청결 상태도 매우 깨끗해서 집처럼 상당히나 편안하게 지내다가 갈 수 있는 호텔이에요 아울러 한옥마을 남부시장과 가까워서 도보로 이동해서 편안하게 관광을 할 수 있는 숙소라 다음에도 또 방문하고 싶은 곳이에요,1
363,상당히 깨끗합니다 전 객실 금연이라는 문구가 기억에 남네요,1
364,전주 여행 첫날에 묵었습니다 위치는 애매한듯 하면서도 한옥마을과 남부시장 모든 곳에 인접해있어서 분에서 분 정도면 생각 해놓은 모든 주변의 맛집에 갈 수 있었습니다 들어가자마자 신윤복 화백 스타일의 그림이 반겨주어 여자친구가 아주 좋아했습니다 시설 또한 리모델링 한지 얼마 되지 않아보여 매우 깔끔했고 사장님 또한 친절하셨습니다 화장실이 조금 쌀쌀하다는 것이 흠이라면 흠이었습니다 가격 대비 한옥 느낌을 내는데에 이만한 곳이 없다고 생각합니다 다음에 전주에 놀러 오게 된다면 다시 한번 묵고 싶은 숙소입니다,1
365,시설정말 맘에 드네요 잘 쉬다 갑니다,1
366,전주 롯데백화점 주위라서 찾기 쉬웠고 서울에서 출발해서 일부러 대중교통 이용해서 여행을 다녔는데 시외버스터미널에서 가깝고 전주 맛집과도 멀지 않아서 버스를 타고 다니기에 편했습니다 숙소에서 조식을 챙겨주셔서 맛있게 먹었고 고구마 샐러드를 빵 달걀까지 챙겨주셔서 아침식사가 아주 든든했습니다 객실 상태도 깨끗해서 좋았습니다,1
367,진짜로 좋아요 방이 아기자기한게 하얀게 아주 마음에듭니다 다음에 또또 재방문하겠습니다,1
368,매번 이용하는 숙소입니다 이 근방 다른 숙소들에 비하여 침구가 제 기준에서는 매우 준수하고 편안 하다고 생각합니다 객살 컨디션 또한 준수 한 편이고 가끔 다른 숙소에 방문하면 담배쩐내가 나는 곳이 있는데 여기는 그런 악취 일절 없구 노트북도 대여해주셔서 넷플릭스도 시청이 가능합니다 다만 중문이 없어 약간의 소음이 올라오는데 참을 만합니다 아 발렛도 해주시구요,1
369,청결상태어메니티가격서비스 모두 훌륭합니다,1
370,방도 따뜻하고 상당히 잘 있다가 갑니다,1
371,위치는 한옥마을 입구 건너편으로 접근성 좋습니다 딱 네명이 잘 공간입니다 화장실도 깨끗합니다 수건도 넉넉히 있네요 숙박하면 아래 카페 커피 할인도 됩니다 체크인 전에 주차도 가능하고 별도의 주차장도 있어서 전주 올 때 느꼈던 주차난을 전혀 못 느꼈습니다 사장님도 주차도 직접 안내해주시고 할인이나 명소 안내해주시고 친절하세요 가족들과 오랜만에 전주여행으로 숙소 고민했는데 굿입니다 전에는 한옥마을 안 숙소를 이용했는데 새 건물인거 같고 좋습니다 남부야시장 한옥마을 도보 이동 가능합니다,1
372,역시 청결하고 친절하시고 루나 정말 좋아요,1
373,좋아요 좋아 초여름 이른 더위가 왔음에도 이곳에서는 에어컨 안켜고도 꿀 잠 잤습니다 방마다 특색있는 그림들은 덤으로 재미가 있네요 층은 전통그림 층은 현대미술 팝아트 느낌이네요,1
374,전 차량을 이용안해서 주차장은 잘 모르겠으니 패스 객실은 혼자지내기에는 좀 크다 생각될 정도고 욕실도 컸구요 그에비해 는 좀 작았고 도 있는김에 해봤더니 잘 작동되구요 침대 앞에 요상한 의자가 하나 있구요 전체적으로 괜찮았어요,1
375,시설이 너무 깨끗해서 너무 좋앗어요,1
376,조아용 에어컨도 잘 나오고 새로 리모델링해서 주차장이랑 로비 룸도 다 깨끗합니당 아 샤워기 수압이 완전 시원시원하게 나와서 만족스러웠어요 조식도 주시는 것 같던뎅 늦게 일어나서 퇴실하기 바빴지만 다음엔 먹어보려구용,1
377,객실은 깨끗하고 가 커서 좋았어요 조식으로 한강라면 계란 스프 잘 먹었습니다,1
378,친구들과 잊지못할 시간을 가지고자 박을 계획했습니다 로비에 계신 직원께서 친절하게 체크인을 도와주셨고 객실 내부는 깨끗해서 좋았습니다 다만너무 난방이 좋아서 너무 더웠고 반신욕을 할수있는 욕조가 너무 뜬금없이 있어서 당황스러웠어요 그리고 드라이기 사용이 조금 불편했습니다 잘쉬고 좋은추억 지닌채 잘 쉬다갑니다,1
379,호텔 사진에 있는 그대로입니다 한옥식으로 찾아보다 예약했는데 깨끗하고 인테리어도 좋았고요 직원분이 참 친절하셔서 기분도 좋았습니다 물도 시원하게 잘나와서 좋았고 층에 카페가 있어서 커피마시기도 편하고 투숙객에게 주시는 서비스 생맥주잔도 너무 좋았네요한옥마을도 가깝고 남부시장도 가까워서 차는 주차장에 세워놓고 박일동안 도보로만 다녔습니다 살짝 아쉬운점은 침대높이가 좀 높아서 어르신들은 좀 블편하게 생각하실 수도 있겠다는 생각이 들었습니다 장모님이랑 와이프랑 같이 갔는데 장모님은 별로 불편하지 않다고 하시네요 전주에 오면 재방문 입니다,1
380,댓글과 달리 담배 냄새는 엘베 타고 나서 조금 나고 방 안에서는 냄새 하나도 나지 않고 편안했어요 방안 분위기도 좋고 대체로 만족했어요,1
381,상당히 좋아요 정말 냄새도 하나도 안나고 상당히 깨끗해서 좋았습니다,1
382,남자친구랑 주년 여행으로 전주를 가려고 숙소를 알아보다가 여기 리뷰가 너무 좋아서 찾아오게 되었어요 사장님이 진짜 너무 친절하시고 재밌으신분이었어요 박을 하면서 낮에는 숙소에서 술도 마시고 사장님이 추천해주신 짜글이집 진짜 너무 맛있게 먹었어요 사진이 저것밖에 없네여 왱이도 꼭꼭 먹어야 해요 길거리야도 너무 맛있어서 두번이나 먹었는데 마지막날에 못먹고 가서 살짝 슬펐어요 숙소도 너무 깔끔하고 이불도 다른 숙소 보다 좋았어요 화장실도 생각보다 컸어요 지도로 한옥마을 소개해 주시는데 무계획으로 와도 아주 재밌게 놀 수 있어요 문자 답장하는게 늦었지만 정말 잘놀다 갑니다 다음에도 전주오면 꼭 여기 숙소로 올꺼에요,1
383,처음갔는데 상당히 맘에 들어서 일연박하고나왔습니다 모캉스하기에 상당히나도 좋았습니다 맛있는 식당도 바로 앞에있고 들어가면 안나오고싶네요이번휴가철에도 기회가댄다면 들리도록 하겠습니다,1
384,급 놀러온거라 늦게 방 잡았는데 사장님이 상당히 친절하시고 편의도 많이 봐주셨네요 감사합니다 시설도 리모델링을 해서 깨끗해서 좋았어요 전주 오면 또 이용할께요,1
385,친절하시고 깨끗하고 너무좋아요 다만 번화가랑은 좀 거리가 있어서 차타고 분정도 걸립니당 자는데 난방이 잘되서인지 엄청 후끈하고 더워서 창문열고 잤어요 주차장도 넓고 입실시간도 빨라서 최고입니당다음에 전주가면 또 이용하려구요 이 친절 이 청결 그대로 유지해주세여친절하시고 깨끗하고 너무좋아요 다만 번화가랑은 좀 거리가 있어서 차타고 분정도 걸립니당 자는데 난방이 잘되서인지 엄청 후끈하고 더워서 창문열고 잤어요 주차장도 넓고 입실시간도 빨라서 최고입니당다음에 전주가면 또 이용하려구요 이 친절 이 청결 그대로 유지해주세여,1
386,전주여행을 계획하고 숙소 고민을 정말 많이 하고 호텔원으로 박 연박 예약했는데 너무 만족합니다 직원분 매우 친절하심 호텔이라 금연에 객실 매우 청결함 지하주차장 넓게 잘 되어있음 에어컨 공기청정기 청소 잘되어있어 매우 깔끔 침구류 매우 좋아서 꿀잠 가능 시간이나 잤어요 조식도 기대했던거 보다 훌륭 레이트체크아웃 주변에 먹을곳 많음 객실 업그레이드 해주셨고 연박이라 청소 기대 안했는데 저희 외출했을때 청소랑 침구류 교체도 해주심 사실 주요 관광지들이랑은 거리가 조금 있어서 고민했지만 방문해보니 여자친구와 잘 선택했다고 좋아했습니다 여행도 자주다니고 호캉스도 주에 한번 정도 다니는데 가격대비 최고의 숙소였습니다,1
387,담배냄새 안나고 향기롭습니다 침구류가 깨끗해서 잠이 잘 옵니다 샤워기 물이 잘 나와서 샤워하기 편리합니다 사장님이 친절하십니다 쌀 과자 주셔서 맛있게 먹었습니다 가격대비 깨끗합니다,1
388,사장님 안녕하세요 토요일에 전주 방문할 일이 있어 하루 묵고 일요일에 퇴실하였습니다 객실 상태는 전반적으로 깨끗하였으며 화장실 역시 깨끗하였습니다 무엇보다도 사장님이 너무 친절하십니다 기분 좋게 입 퇴실하게 되어 너무 만족스러운 박 일이었습니다 오늘도 즐거운 하루 보내세요 감사합니다,1
389,사장님이 정말 너무 친절하시고 객실도 너무 깔끔해요 디자인도 깔끔해서 거부감이 없어요 근처 숙소들 많이 이용해봤는데 비교했을 때 이 가격대 중 여기가 제일 퀄리티 높아요 주말마다 전주에서 숙소를 이용하는데 애용할 것 같아요,1
390,시설 깨끗해서 맘에들고요 침대도 폭신하니 푹 잣어요 올만에 좋네요다음에 또오겠습니다 수고하세요,1
391,오랜만에 터미널 마리를 갔는데 여전히 좋더라구요 깔끔하고 실내도 화장실도 침구류도 티비도 도 커진것 같드라구여 잘 쉬었다가 갑니다 그리거 고질적 문젠데 리모콘이 티비랑 잘 안돼요 고텨주세요,1
392,한결 같은 서비스에 만족하고 있습니다 매번 전주에 가면 숙박하고 있는 곳입니다 항상 손님이 많은 것은 다 이유가 있겠죠 스타일러에는 빈 옷걸이는 절대 놓아 두고 가동하면 안됩니다 소음이 심하더군요 아차 실수,1
393,위치가 전북대 바로 앞이라 좋아요 근처엔 낙후된 곳밖에 없는데 시설도 괜찮아요 베란다도 있어서 편하네요 넷플이 바로바로 티비랑 연동되서 좋습니다 바로 밑에 세븐일레븐 있어서 들렸다기 최적화되있습니다,1
394,깨끗하고 조용해서 좋아요,1
395,좋아서 매일 가욬,1
396,깨끗하고지은지 얼마안되었나봐요 새건물 냄새가 나요 바닥 대리석있고 안마기 엄청 잘 이용도 했어요 엄청엄청 깨끗해용 친철해요막걸리 거리 몰랐는데 친철하게 잘 알려주세요 덕분에 좋은곳 가서 인연도 만들고 긋긋,1
397,침대푹신하고 줗아요 티비도 커서 넷플릭스 보기 좋아요 에어드레서가 있어서 좋아요 리모델링한건지 내부가 깨끗해서 좋아요 주차장도 넓어서 주차하기 좋습니다 다음에도 또 올께요,1
398,항상 깨끗하고 좋아요,1
399,잘쉬고 조식도 잘먹고 갑니다,1
400,예약하고 가니까 이름얘기하고 바로 들어가니 간편하고 좋으네요 커플도 굉장히 빨라서 좋았어요,1
401,잘쉬다갔네요 수고하세요,1
402,조용하고 청결하고 편안하고 하루 잘 쉬었다 갑니다 감사합니다,1
403,좋아요 오늘도 좋아요,1
404,가성비 굿 편히 쉬었습니다,1
405,중화산동에서 진짜로 제일 젛아요 완전 깨끗하고 샤워필터도 있고 너무 좋아요 편의점도 바로 앞에 있고 사장님도 친절하시고 티비도 크고 넷플릭스도 되서 진짜로 좋아요또 갈거이용,1
406,가격대비잘쉬다왔습니다,1
407,설연휴 가족여행으로 전북 전주로 택했다 한옥마을 전주난장 전동성당으로 다니다가 맛난 물갈비까지 먹고나니 피로가 몰려들었습니다 미리 예약한 루엘호텔에 체크인하고 들어가니 기대했던 이상의 멋진 호텔이었습니다 청결함은 기본이고 최근 완공된 호텔이라서 그런지 은은한 조명과 자동커튼 등 최신 시설이 갖추어져 있었죠 직원들의 친절함은 전주 최고의 호텔로 자리매김할 완벽한 조건을 갖추고 있었습니다 전주관광가시면 꼬옥 들러보세요,1
408,프론트 직원분도 친절하고 신축이라 깨끗했어요 아직 층 상가도 비어 있고 루프탑도 오픈하지 않은 점은 아쉽네요 한옥마을 경기전 바로 앞이고 주차장도 있어 좋아요,1
409,갑작스런 전주 출장에 내려가는 기차 안에서 숙소를 찾아보다 후기가 괜찮길래 반신반의하고 예약한 곳인데 침구가 넘 편안해서 적잖이 놀랐네요 여기저기 살펴보니 청소 상태도 매우 양호한 것이 관리가 잘 되고 있는 곳이란 생각이 듭니다 마땅한 비지니스 호텔이 없는 곳에 출장가면 청소 상태나 불편한 침구 때문에 숙소 잡기가 어려웠는데 여기라면 안심이 될 듯 평일에 가격이 좋아서 큰 방을 잡았더니 거실도 별도로 있고 해서 가족끼리 여행할 때 사용해도 좋을 듯 싶어요 저녁에 고기 먹어서 옷에 냄새가 뱄는데 객실에 비치된 스타일러도 잘 썼네요,1
410,아주 좋았습니다요 앞으로도 많이 애용하겠습니다,1
411,평일이어서 업글해주신거 같아여 근데 세면대 욕조 바닥 모두 배수 잘 안됨 배수관 이물질 녹이는 청소 함 하셔야할듯요,1
412,두번째 날도 잘 묵고 갑니다 깔끔한 룸에서 좋은여행 하고 갑니다 다음 전주여행도 아지트 재방문 할게요 번창하세요,1
413,주차장부터 객실까지 정말 깔끔합니다 한옥마을과 가까워서 좋습니다,1
414,가격도 착하구 깨끗하고 잘쉬다가요,1
415,전주역에서 분정도 거리였습니다 방이랑 이불이 너무 깨끗해서 좋았습니다 조식도 맛있고 친절하게 해주셔서 다시 이용하고 싶어요,1
416,트윈인데 가격도저렴하고 깨끗하고 매우만족합니다,1
417,잠깐 하루 묵을 곳을 찾아보다가 가격도 저렴하고 덕진공원 근처에 위치도 좋고 방도 생각보다 크고 대학가근처여도 방음도 잘되서 조용하고 욕실이 상당히 좋아서 놀랐네요 잘 쉬고 갑니다,1
418,예정 시간보다 분 먼저와서 기다려야하나 걱정했는데 도착시간부터 시간 대실 해주셔서 상당히 좋았습니다 방 컨디션도 매우 깔끔해서 좋았습니다 다음에는 숙박도 해야겠어요,1
419,티비가 조금 더 컸으면 좋겠어요 욕실은 좁은데 방은 넓었어요,0
420,제 전주 여행이 즐거웠던 건 숙소가 한몫 했을 거예요 이름과 잘 어울리는 외부 인테리어에 고급스러운 방 내부 인테리어 깔끔하게 청소되어 있는 상태였어요 침대는 푹신해서 잠도 잘 잤고요 호텔모텔들의 고질적인 문제인 담배 냄새 등이 올라온다 거나 하는 문제는 없었습니다 욕조는 부드러워서 스파 부럽지 않았어요 맛있는 조식에 친절한 직원요리사 분들까지 너무나 행복했던 기억으로 남았습니다 진짜로 감사드려요,1
421,년지기 친구들과 처음으로 떠난 여행이라서 더 신경써서 찾아봤어요 그러다가 한옥 미쁨을 알게 되었고 전반적인 인테리어나 편의시설 조식 등이 마음에 들어 선택하게 되었어요 비록 조식은 먹지 못했지만 아주 푸짐하게 준비해 주셨고 사장님도 친절하셔서 진짜로 좋았어요 다음에 또 전주 오게 되면 여기서 묵을 예정이에요 뷰도 진짜로 예쁘니 꼭 한옥 미쁨에서 묵으시는 걸 추천드릴게요 명이서 묵었는데 화장실이 개나 있어서 더 좋았어요,1
422,언제나처럼 편안하고 따뜻했습니다 침대도 편안하고 넷플도되는데 이 가격 세면도구도 챙겨주시고 친절하십니다 그러나오늘은 담배냄새가 좀 심했어요 그리고 리모콘버튼이 조금 느렸숩니다 이것만 빼면 완벽 잘쉬고갑니다 가성비좋고 착한 공간 잘 쉬고갑니다,1
423,한옥마을과 아주 가깝게 위치해있어서 걸어다니기 좋아요 만들어진지 얼마 안되었나봐요 주변에 낡은 건물이 많은데 비하녹은 깔끔하더라구요 인원추가했는데 매트를 아주 두꺼운 거를 주셔서 바닥에서 자는 느낌이아니고 매트리스 깔고 자는 거라 아주 잘 잤습니다 에어컨 잘되고 화장실 깔끔합니다 주차장 따로 구비되어있어서 아주 편리해요 한옥마을 여행하시려는 분들께 강추합니다 부모님이랑 같이 왔는데 상당히 좋아하셨어요 다음에도 재방문 의사 있습니다,1
424,가장 기본적이며 깔끔하도 갓성비인 모텔 디자인도 인테리어고 좋고 무난하게 조명도 좋은 곳 마리는 항상 가본 이상은 해서 기분이 조효니다 갈깨마다 조만산 또 방문하세습니당 벙칭하세요,1
425,시설이 깔끔하구 친절하셔서 좋아요,1
426,친구가 놀러왔는데 코로나때문에 집으로 가지도 못하고 예약하고 이용하게되었는데 괜찮았습니다 수압도 괜찮았고 공기중에 먼지도 많지않았구요 다음에도 친구랑 온다면 또 이용하겠읍니다,1
427,넷플 잘나오고 잘쉬다갑니다,1
428,최고입니다 최고입니다 객실 새거 같이 깨끗 합니다 종업원 친절 합니다 위치 좋습니다 자주 오고 있어요 최고입니다 최고입니다 객실 새거 같이 깨끗 합니다 종업원 친절 합니다 위치 좋습니다 자주 오고 있어요,1
429,주차장 자리도 널널하고 방 내부도 깨끗해요 프론트에 계신 직원분도 친절하셔서 더 좋았네요 뜨거운 물도 잘 나오고 침대도 푹신해요 아늑하게 잘 자고 갑니다 전주 최고 가성비 숙소인듯,1
430,저렴하고 깨끗하고 좋았습니당,1
431,숙소위치가 한옥마을까지 걸어서 한 분정도면 충분히 도착할 수 있어서 좋았고 한옥마을 내부에 있지 않아서 저녁에 관광객들 때문에 소음때문에 문제가 전혀 없었습니다 그리고 숙소내부는 혼자서 충분히 넓게 사용할 수 있고 티비는 넷플이나 유튜브가 되서 만족스러웠어요 화장실의 경우는 엄청깨끗해서 만족했습니다 사장님이 친절하시고 저녁에 숙소 밖에 나가면 고양이가 있는데 귀엽더라고요 근데 단점은 한옥숙소 특정상 옆방소리가 조금 나는건 감소를 해야하는것 말고는 없습니다 가성비도 좋아서 나중에 전주온다면 여기서 또 잘 것 같아요,1
432,외관은 오래됐지만 방 은 상당히 편하고 티비도 크고 특히 조식 서비스 상당히 만족스러웠어요 맛도 좋고 푹 쉬고 갑니다,1
433,방 깔끔하니 괜찮습니다 스타일러도 만족하구요 티비도 침대 바로앞에있어서 보기 편했네요 화장실이랑 샤워실이 나뉘어져있어서 좋았습니다 욕조도 크고요 제일좋었던건 정수기 있어서 물걱정 안해도 좋네요 잘 쉬다갑니다,1
434,급하게 예약햇는데 만족스럼게 잘 잤습니다,1
435,구웃구웃구웃구웃구웃구웃구웃구웃구웃구웃구구웃구웃구웃구웃구웃구웃구웃구웃구웃구웃구웃구웃구웃구웃구웃구웃구웃구웃구웃구웃구웃구웃구웃구웃구웃구웃구구웃구웃구웃구웃구웃구웃구웃구웃구웃구웃구웃구웃구웃구웃구웃구웃웃구웃구웃구웃구웃구웃웃구웃구구웃구웃구웃구웃구웃구웃구웃구웃구웃구웃구구웃구웃구웃구웃구웃구웃구웃구웃구웃구웃구웃구웃구웃구웃구웃구웃구웃구웃구웃구웃구웃구웃구웃구웃구웃구웃구구웃구웃구웃구웃구웃구웃구웃구웃구웃구웃구웃구웃구웃구웃구웃구웃웃구웃구웃구웃구웃구웃웃구웃구난웃구웃구웃구웃구웃구웃구구웃구웃구웃구웃구웃구웃구웃구웃구웃구웃구웃구웃구웃구웃구웃구웃웃구웃구웃구웃구웃구웃웃구웃구구웃구웃구웃구웃구웃구웃구웃구웃구웃구웃구구웃구웃구웃구웃구웃구웃구웃구웃구웃구웃구웃구웃구웃구웃구웃구웃구웃구웃구웃구웃구웃구웃구웃구웃구웃구웃구구웃구웃구웃구웃구웃구웃구웃구웃구웃구웃구웃구웃구웃구웃구웃구웃웃구웃구웃구웃구웃구웃웃구웃구난웃구웃구웃구웃웃구웃구웃구웃웃웃구웃구웃구웃,1
436,역쉬 여기만큼 깨끗하고 편안한 침대가 없네요 잘 쉬었어요 또 오겠습니다,1
437,신축이라서 그런지 시설도 좋았고 청결해서 마음에 들었습니다 방에서 천변이 보이니 상쾌하니 좋네요 그리고 백화점도 바로 옆에 있어서 편리했고 또 밤에는 조용해서 푹잤습니다,1
438,진짜 좋아요 주차장 넓고 먹거리 많고 시간 여유롭고 방 깨끗하고 진짜 좋습니다,1
439,가족과 전주로 여행시 사용했었던 숙소입니다 비교도 하고 타사이트와도 비교하다가 여기어때 쿠폰사용해서 가장 저렴하게 사용했어요 가성비는 최고입니다 더블사시즈가 두개라 넉넉히 인가족이 사용할수있어요 호텔은 중학생이상이면 따로방얻어야하고 같이 있어도 기용추가가 있어서 지방 여행가면 저녁먹고 시이후에 들어와 담날 오전에 나가니 아깝죠 여기 카마호텔은 한옥마을과는 조금 떨어져있어 조용하고 한적했었던것 같아요 친절하시고 환한 느낌의 숙소입니다 굳이 단점을 쓰자면 이불의 바스락 소리가 조금 거슬리고 새벽에 물소리 좀 나고 층간소음이 좀 있긴했었어요 근데 큰 문제되지는 않았어요 다시가게되면 또 갈께요,1
440,가성비 좋습니다 다시 오게 될 듯,1
441,방이랑 화장실 모두 깨끗했어요 전기장판도 있어서 따뜻하게 잘 잤어요,1
442,아주 좋습니다 최고였어요,1
443,종종 이용하는데 깔끔하고 좋아요,1
444,좋아요좋앗좋으욪아요,1
445,만족스러운방이었습니다 잘사용하고갑니다 매번 사용하네요 잘쉬다갑니다 감사합니다,1
446,사장님 너무 친철하시고 객실 깨끗하고 여러모로 맘에 들어요 다음에도 나주 내려오면 여기묵을 생각입니다,1
447,최고최고최고최고쵣고,1
448,깨끗하고 조용한데 에어컨이 시원하지 않아,0
449,깔끔하고 대실시간이 길어서 만족스러웠어요 티비가 커서 영화관 온 기분이에여 스타일러도 있어서 옷보관도 용이합니당 주차공간도 넓고 직원도 친절해서 편하게 이용했습니당 좋아요 깔끔하고 넓어요 쾌적해요 친절해요 넷플릭스 잘나와요 에어컨 잘나와요 온수냉수 잘나와요 깨끗해요 편해요 티비 잘나와요 와이파이잘되요 충전 잘되요 자주애용합니다 좋아요 깔끔하고 넓어요 쾌적해요 친절해요 넷플릭스 잘나와요 에어컨 잘나와요 온수냉수 잘나와요 깨끗해요 편해요 티비 잘나와요 와이파이잘되요 충전 잘되요 자주애용합니다 다음에 또 이용할게요,1
450,신랑과 계획없는 전국일주 신혼 여행을 계획하던 중 들렸던 전주 처음 가보는 곳이라 설레고 불안하기도 했는데 좋은날 주인 이모님께서 확정 예약이 늦어 미안하다며 무료로 룸도 업그레이드 해주시고 떠나는 날 추억을 남겨야 한다며 사진도 여러 컷 찍어주시는 모습에 너무 마음 따듯하고 행복했던 숙박이었어요 방도 너무 깔끔하고 온돌 바닥처럼 뜨끈뜨끈해서 밤새 숙면 취했구요 전주 오시면 좋은날 들려보셔요 이모님 이것저것 배려해주셔서 너무 감사합니다,1
451,잘쉬었다가 갑니다 피씨가있는 방을 선택했는데 컴퓨터가 너무나 좋았습니다 모든게임이 다 렉없이 돌아가는거같아요 티비도 크도 너무 좋은숙소네요잘쉬었다가 갑니다,1
452,처음 방문해봤는데 사진 그대로이고 깨끗해요 사장님도 친절하셔서 좋아용,1
453,정말 호텔이 따로없네요 인테리어 모던하고 예뻐요 가격에비해 시간이엄청길어서 좋았어요,1
454,저번주에 가족끼리 전주놀러가서 온돌방사용했는데 부모님이 바닥이 뜨끈뜨끈 해서 잘주무셨다네욬 잘쉬었다 가네욬,1
455,가격도 저렴하고 시설도 깔끔 합니다 편안하게 잘 쉬고 가요 사장님도 친절하시고 주변에 맛있는 집도 많이 있어요 일층 프론트 앞에는 커피도 있고 주차할 공간도 넉넉히 있어서 아주 편안 하였습니다 주변에 있는 호텔 중에서 여기가 제일 외관도 예쁘고 마음에 들었어요 같이 온 친구들도 다들 마음에 들어 하여 좋았습니다 장실도 아주 깨끗합니다 친구도 좋아요 전주에 일하러 왔는데 덕분에 편안하게 일을 하고 갑니다 다음에 전주에 와도 또 이곳에서 살 거예요 감사합니다,1
456,야간에 계셨던 남직원분이 너무 친절하셨어요 환기한다고 창문을 열어놔서 방이 습했는데 바로 처리해주시고 층에 있는 씨리얼이랑 빵도 짱 맛있게 먹었어요 방도 깨끗하고 수압도 좋고 침대도 푹신하고 부족한게 없는 숙소 잘 자고 갑니다 다음에 또 가고싶어요,1
457,위치도 좋고 엄청 깨끗해요,1
458,마리올레 좋여용너무,1
459,바로 옆이 전북대여서 맛집찾기도 편하고 덕진공원이랑도 가까워서 그냥 편하게 쉬러오신분들은 맛있는 저녁먹구 산책 좀 하다 오시면 좋은 위치예요 시설도 깨끗하고 에어컨이 발 쪽에 있어서 추위 안타고 시원하게 잘 잤습니당,1
460,깔끔하게 잘정돈된 방안에서 푹잘자고 갑니다감샤합니다,1
461,행복한여행의시작과끝이엇습니다 아기자기하고너무너무이뻣습니다,1
462,세상 착하고 가격도 착하고 사장님 상당히나 친절하거 만족함,1
463,리모델링해서 담배 잡 냄새 없고 욕실도 깨끗합니다 하나 아쉬운건 고장난 헤어 드라이기 귀찮아서 말 안했습니다 주위 만원 가량 저렴한 곳 몇군데 있습니다 냄새에 민감한 사람들은 절대 투숙하지마세요 고생좀했네요,0
464,딱히 딱 모텔 괜찮았어용,0
465,주차장도 넓고 시설도 마음에 들어요 화장실도 깔끔하고 인테리어도 군더더기없이 깔끔해서 좋습니다 서신동이라 접근성도 너무좋네요 잘쉬다갑니다 다음에 또 재방문 하도록 하겠습니다,1
466,직원들도 친절하고 조식도 맛있고 아들이 컴퓨터랑 욕조에서 잘 놀았어요 아이들이랑 같이 가도 될 것 같아요 아기들도 잘 지낼 수 있는 곳이에요 다음에도 다시 전주 오면 여기에 다시 묶고 싶어요 다음에도 올게요,1
467,룸이 좀 작기는 했지만 조용하고 사장님께서도 친절하시고 전반적으로 좋았습니다 서까래가 참 인상적이었어요 다음번에 전주에 다시 여행하게되면 다시 재방문하겠습니다 번창하세요,1
468,객실은 청소상태가 좋은편이라 청결하고 화장실과 세면대 그리고 샤워부스가 한곳에 모두 있는 구조라 굉장히 넓습니다 거기다가 기대하지도 않은 스타일러까지 완비되어 있었습니다 출장으로 숙박한거라 꼭 필요했던 아이템 이었는데 기분좋게 쉬다갑니다,1
469,첫번째론 너무 조용하구요방안도 깨끗합니다사장님도 너무 친절하시고요어디하나 흠잡을곳이 없는 곳이구요전주 올때마다 오는곳으로 너무 편안하고 좋습니다,1
470,잘 쓰고 갔습니다 좋아요,1
471,괜찮습니다 가성비가 좋아요,1
472,화장실이 조금 추운거 빼고 괜차나요,0
473,또 이용했어요 가운은 카운터에서 달라고 해야하구요 컴퓨터가 잠시 모니터가 화면이 안들어와서 말씀드렸더니 친절하게 고쳐주시고 잘 이용했습니다 보쌈시켜먹었는데 소파도있어서 편하게 앉아서 잘먹었습니다 이번방은 호였는데 욕실이 크지만 좀추웠어요 잘 쉬다갑니다,1
474,가격대비 방도 깔끔하고 스타일러도 갖추어져있고 무엇보다 인치 큰 티비가 있어 넷플릭스보기 완전 좋아요 침대에 편히 누워 호캉스 즐기기 최고죠 안마의자도 여독을 푸는데 도움을 많이 주죠 월풀욕조에서 반신욕으로 건강 챙기죠 주변에 도보로 이용 가능한 식당치킨집과 술도 한 잔 할 수 있는 곳이 많아 인프라 좋죠 맛집도 꾀있죠 번화가는 아니지만 모든인프라 다 이용가능하며 주변환경이 조용하니 좋습니다 또한 전주역과 한옥마을 차로 에서 분이면 이용가능하고 객사 둘레길도 분 남짓이면 이용가능해 위치적으로도 아주 좋아요 그래서 항상 오게 되는 곳이랍니다 테이블도 적당해 펼쳐 놓고 술 한잔이나 야식 먹기에도 좋습니다 가격대비 컨디션도 좋아요 이른 체크인시간과 여유있는 체크아웃 시간은 여독을 풀만큼 잠도 잘 수 있어 고마웠어요 특히 이번에 방업그레이드 감사했어요,1
475,고속버스터미널불교회관 정류장에서 내리면 굉장히 접근성이 좋았습니다 늦은시간까지도 대실을 운영하는 궁엑스오 호텔은 보기드문 야무진 호텔입니다 방 키 받아서 올라갈 때 간식도 가져가라 하셔서 빵 가져가서 먹었는데 맛있었습니다 침대의 기본적인 청결도나 방의 컨디션은 가격에 비해 엄청 잘 나오는편입니다 평일 대실을 이용하면 시간인데 마감시간도 늦게까지 운영하시고요 이용료도 착한편입니다 시까지일 때 또는 시까지 일 때 있는걸로 알고있습니다 요일에 따라 변동되는것 같습니다 고속버스를 이용하는 타지역 사람들도 이용하는것 같지만 전북대학교와 고속버스터미널 사이에 있어서 대학생 커플들도 이곳을 방문하면 딱 좋을듯합니다 제가 다녀온 방에는 안마의자가 있는 방을 고르지 않있는데도 안마의자가 있었습니다 평일이라서 사장님께서 방을 업그레이드 해주셨던것 같아요 제가 방문하고 느낀 단점은 방에 테이블이 없다 정도와 바닥장판이 어쩔 수 없이 시간의 흔적이 남아있긴 했습니다 보일러를 떼우면 열기 때문에 생기는 흔적들 근데 솔직히 이정도는 쉬는데 문제 하나도 없고 하나도 거슬리지 않습니다 먼지가 눈에 보인다거나 그런부분은 못느꼈습니다 제가 청결한 방을 받았을 수도 있지만 친절하게 응대해주시는걸로 보아서는 청결이슈를 말씀드린다면 더 깨끗한 방으로 교체해주실 것 같네요억지만 아니라면요 편히 잘 쉬었습니다,1
476,갑작스레 예약하고 갓는데 입실시간 보다도 빨리도착햇어요 그럼에도 불구하고 사자엄께서 친철하게 안내해주시고 좋앗습니다 객실 인테리어도 맘에 들고 더욱 좋앗던건 스타일러가 잇엇고 티비도 대형화면이어서 모처럼 힐링하고 푹쉬다왓습니다 번창하세요 사장님,1
477,굿 굿 좋아요 생각보다 좋은시설에 화장실이 제일 마음에 드네요 모든 숙박업소가 이런 화장실이었으면 좋겠네요,1
478,연속으로 이용중 방바닥이 상당히 뜨거워요,1
479,좋앗던기억이잇습니다,1
480,굿굿 전주 놀러와서 박했는디 스타일러도 있고 시설도 깔끔하고 매트리스도 굿 엄청 꿀잠 잤습니당 감사합니더,1
481,좋아용 좋은가격에 잘 묵고 갑니다,1
482,좋았네요 정말로,1
483,정말 좋은곳입니다 몇번 가도 아주 좋은 곳입니다 시설도 깔끔하고 누구도 가기 좋은 곳으로써 쉬기도 괜찮고 하루씩 있다 가기에 아주 편합니다 누구 한번 쉬러 가보세요 후회안해여,1
484,역시대실은코자자모텔이죠,1
485,깨끗하고 아늑합니다,1
486,좋아요오요오요오요오요오,1
487,진짜로로 완벽합니다 깨끗한 숙소 편리한 위치 완벽한 사장님 따뜻한 자쿠지 모든 것이 완벽했어요 감사합니다,1
488,몇일전에 숙박했는데 방이 깨끗하고 시설도 괜찮아서 재방문 했습니다 이 번에도 편안하게 잘 쉬었다 갑니다 카운터에서도 재방문 했다고 친절히 맞아주시고 다음에 또 전주에 출장가면 재방문 하겠습니다,1
489,편안히 재밌게넉넉하게 쉬다 왔어오,1
490,몇번째묵는지 모르겠음 가장 깔끔하고 티비도 커서 영화보는거같아서좋음,1
491,가성비 갑 숙소입니다 화장실도 욕조도 있고 많이 넓었구요 침대도 불편함 없이 잘 잤습니다,1
492,가성비 최고의 모텔,1
493,요새도 날씨가 무척이나 더워 숙소를 잡았네요 저렴한 가격에 대실 시간도 길고 깔끔한 시설과 푹신한 침대까지 잘 쉬다갑니다 넷플릭스도 되서 제대로 힐링하고 왔네요 다음에도 또 이용할게요,1
494,새로 오픈해서인지 방은 깔끔하고 넓어서 쉬기에 좋았습니다 샤워기 물이 조금 수압이 낮긴했지만 크게 불편하지 않았어요 주차장은 부족한거 같았지만 사장님이 잘 처리해주셨네요 다음에 또 이용할게요,1
495,전주에서 데이트 하면 항상 이용하는 에이치 에비뉴 입니다 전주역이랑 가까워서 좋구요 탟타면 분이면 가서 늘 이 동네에서 놀아용 저번에 대실시간이 길어서 한번 예약해 봤는데 룸 상태도 좋았구 에어컨도 빵빵하게 잘나오고 청결했고 티비도 커서 여기로 쭉 예약하고 있습니다 일단 제일 좋은 점은 대실시간이 길어서 재일 좋그요 화장실도 청결하고 지금까지 사용하면서 문제 있었던 적은 없었습니다 츄천드리는 곳입니다 로비가 엄청 크고 사장님 인상이 좋으셔요,1
496,깔끔하고 좋네요 컴퓨터도 잘돌아가고 잘 쉬었다 갑니다,1
497,사장님이 친절하셔서 기분좋게 입실했었어요 숙소 도착 후 주차 안내해주셔서 주차하고 오는데 갑자기 소나기가 엄청 내렸는데 사장님께서 우산들고 마중 숙소 내부도 깔끔하고 한옥답게 고즈넉한 분위기랑 소품들도 있어서 좋았어요 마당 같은 공간에 고기 구워 먹을 수 있는 공간도 있었는데 저흰 숙소 근처에 유명한 연탄불 고기집이 있어서 포장해서 먹었어요 숙소 바로 근처에 시장도 있고 아울렛도 있어서 구경도 하고 숙소 티비는 넷플릭스도볼 수 있어서 좋았어요 그리고 덮는 이불이 진짜 시원해서 좋았어요 질감도 다른이불과 다르고 잘 쉬다 가서 좋았습니다,1
498,전주숙소중에 최고에요,1
0,방은 넓었지만 인테리어는 평범했어요.,0
1,욕실에 준비된 어메니티가 고급스러웠어요.,1
2,숙소 분위기는 무난했어요.,0
3,숙소 근처가 너무 어두워서 위험했어요.,0
4,방이 넓고 깨끗해서 기분 좋게 지냈어요.,1
5,정돈 상태는 그럭저럭 괜찮았어요.,0
6,인테리어가 고급스럽고 예뻤어요.,1
7,딱 1박용으로 괜찮은 곳이에요.,0
8,방 안에서 담배 냄새가 났어요.,0
9,냉장고에서 냄새가 났어요.,0
10,수건이 더러워 보였어요.,0
11,체크인 시간이 너무 지연됐어요.,0
12,침구류가 깔끔하고 푹신해서 만족했어요.,1
13,건물 외관부터 고급스러운 느낌이었어요.,1
14,침대 시트가 축축했어요.,0
15,온돌방이 따뜻해서 숙면을 취할 수 있었어요.,1
16,밤에 약간 추웠지만 참을 만했어요.,0
17,위치가 외지고 찾기 힘들었어요.,0
18,전주 여행 중 가장 만족스러운 숙소였어요.,1
19,어린아이와 함께 지내기에도 안전했어요.,1
20,에어컨이 잘 작동해서 시원했어요.,1
21,이불에서 먼지가 날렸어요.,0
22,아늑하고 따뜻한 분위기였어요.,1
23,방문이 덜 닫혀서 찬 바람이 들어왔어요.,0
24,기대하지 않으면 만족할 수 있는 수준이에요.,0
25,분리형 욕실이라 쾌적했어요.,1
26,주변이 조금 어두운 느낌이 있었어요.,0
27,냉방이 좀 강했지만 조절 가능했어요.,0
28,기본적인 조명은 있었어요.,0
29,방 안에 벌레가 나왔어요.,0
30,방마다 콘센트가 많아서 충전 걱정 없었어요.,1
31,접근성이 나쁘진 않았어요.,0
32,주차장이 멀긴 했지만 있었어요.,0
33,이불이 폭신폭신해서 좋았어요.,1
34,오래된 건물이지만 청결은 유지됐어요.,0
35,특별한 점은 없었지만 기본은 했어요.,0
36,가성비 최고의 숙소였어요!,1
37,방 내부에 먼지가 많았어요.,0
38,화장실에 거미가 있었어요.,0
39,특별한 서비스는 없었어요.,0
40,조식은 안 먹어서 잘 모르겠어요.,0
41,아침에 소음이 조금 있었어요.,0
42,편안한 음악과 조명 덕분에 휴식이 잘 됐어요.,1
43,사진이랑 비슷한 수준이었어요.,0
44,야경이 멋져서 사진을 많이 찍었어요.,1
45,휴지통이 비워져 있지 않았어요.,0
46,휴게 공간이 넓어서 좋았어요.,1
47,엘리베이터가 느리긴 했지만 괜찮았어요.,0
48,도어락이 고장 나 있었어요.,0
49,방의 조명이 약간 어두웠어요.,0
50,에어컨 리모컨이 작동 안 됐어요.,0
51,주변이 시끄러워서 집중이 안 됐어요.,0
52,체크아웃 시간도 여유 있어서 좋았어요.,1
53,침대가 너무 딱딱했어요.,0
54,침대에서 머리카락이 나왔어요.,0
55,조명이 너무 어두워서 불편했어요.,0
56,불편한 점은 없었지만 특별히 좋지도 않았어요.,0
57,가격도 그렇고 다 적당했어요.,0
58,근처 관광지랑도 가까워서 이동이 쉬웠어요.,1
59,화장실 용품이 조금 부족했어요.,0
60,인근에 편의점이 있는 점은 좋았어요.,0
61,엘리베이터가 있었으면 더 좋았을 텐데요.,0
62,방마다 향기가 달라서 색다른 경험이었어요.,1
63,방음이 완벽하진 않았어요.,0
64,다시 올지는 모르겠지만 큰 불만은 없어요.,0
65,화장실 문이 잘 닫히지 않았어요.,0
66,침대 옆에 콘센트가 없었어요.,0
67,포토존이 많아서 사진 찍기 좋았어요.,1
68,침대 위 쿠션이 폭신하고 예뻤어요.,1
69,접근성이 아주 좋지도 나쁘지도 않았어요.,0
70,화장실이 약간 좁지만 쓸 만했어요.,0
71,이불에 얼룩이 있어서 찝찝했어요.,0
72,숙소 위치가 너무 외졌어요.,0
73,불편한 점이 너무 많았어요.,0
74,청소 상태가 완벽해서 기분 좋게 머물렀어요.,1
75,벽난로가 있는 휴게 공간이 너무 아늑했어요.,1
76,전기 콘센트가 고장 나 있었어요.,0
77,보통 그 자체였습니다.,0
78,사진과는 너무 달라서 실망했어요.,0
79,친구들에게 추천하고 싶은 숙소예요.,1
80,침대가 포근하고 잠자리가 편했어요.,1
81,가격대비 적당한 수준이라고 생각해요.,0
82,화장실 수압이 약간 아쉬웠어요.,0
83,엘리베이터가 없어서 힘들었어요.,0
84,방에서 나오는 햇살이 너무 따뜻했어요.,1
85,에어컨이 고장 나서 더웠어요.,0
86,여행 피로가 풀리는 힐링 숙소였어요.,1
87,전통 한옥 느낌이 잘 살아있었어요.,1
88,전체적으로 나쁘지 않았어요.,0
89,전체적으로 무난한 숙소였다고 생각해요.,0
90,청소하시는 분도 친절하게 인사해주셨어요.,1
91,슬리퍼가 낡고 더러웠어요.,0
92,아침 식사는 제공되지 않았어요.,0
93,방 안에 콘센트가 조금 부족했어요.,0
94,방음이 조금 아쉽지만 견딜만 했어요.,0
95,모든 면에서 기대 이상이었어요.,1
96,프론트가 사람이 많아서 기다렸어요.,0
97,창문이 안 닫혀서 추웠어요.,0
98,체크인 시간이 다소 느렸지만 이해 가능했어요.,0
99,편의시설이 가까워서 이용하기 좋았어요.,1
100,와이파이가 연결되지 않았어요.,0
101,청소 상태가 아주 깔끔하진 않았어요.,0
102,조용하긴 했지만 인상적이진 않았어요.,0
103,주차 공간이 너무 협소했어요.,0
104,건물 전체가 조금 오래된 느낌이었어요.,0
105,사진보다 조금 어두운 느낌이 있었어요.,0
106,주차 공간이 너무 협소해서 차 대기 힘들었어요.,0
107,욕실 문이 제대로 닫히지 않았어요.,0
108,욕조에 따뜻한 물이 잘 나와서 좋았어요.,1
109,욕실 타일이 깨져 있어서 위험했어요.,0
110,조식이 너무 형편없었어요.,0
111,욕실 조명이 너무 어두웠어요.,0
112,조명이 너무 어두웠어요.,0
113,화장실 냄새가 너무 심했어요.,0
114,샤워기에서 물이 새었어요.,0
115,숙소에 벌레가 있었어요.,0
116,담요에 얼룩이 있었어요.,0
117,주차 공간이 좁긴 했지만 주차는 가능했어요.,0
118,조식이 맛있고 다양해서 좋았어요.,1
119,청소가 제대로 안 된 듯 머리카락이 있었어요.,0
120,체크아웃까지 여유 있게 머물 수 있었어요.,1
121,방이 너무 좁고 답답했어요.,0
122,정말 힐링되는 하루였어요.,1
123,화장실이 너무 더러웠어요.,0
124,냉장고와 전자레인지까지 있어 편리했어요.,1
125,청소가 제대로 안 돼 있었어요.,0
126,객실 조명이 아늑한 분위기를 줬어요.,1
127,샤워기 수압이 아주 좋진 않았어요.,0
128,침대 다리가 부러져 있어서 놀랐어요.,0
129,주변 소음은 크지 않았어요.,0
130,다음에도 꼭 다시 이용하고 싶어요.,1
131,프론트의 응대가 무난했어요.,0
132,건물 외관이 낡았지만 내부는 깔끔했어요.,0
133,딱 잠만 자기 좋은 숙소예요.,0
134,와이파이가 아예 안 잡혔어요.,0
135,프론트 서비스가 조금 아쉬웠지만 무난했어요.,0
136,가격 대비 퀄리티가 훌륭했어요.,1
137,주차공간이 넉넉해서 편했어요.,1
138,욕실 수건이 넉넉하게 제공되어 좋았어요.,1
139,복도에서 소음이 계속 들렸어요.,0
140,체크아웃 시간 연장도 친절하게 안내해주셨어요.,1
141,화장실 바닥이 젖어 있었어요.,0
142,전혀 추천하고 싶지 않아요.,0
143,정수기와 커피머신이 층마다 있어 편리했어요.,1
144,프론트 직원이 무례하게 응대했어요.,0
145,프론트 직원이 여행 코스도 추천해줘서 좋았어요.,1
146,객실 온도가 딱 좋았어요.,1
147,잠만 자기엔 무난한 곳이에요.,0
148,근처에 맛집도 많고 교통도 편리했어요.,1
149,룸서비스 메뉴도 다양하고 맛있었어요.,1
150,방문을 세게 닫아야 닫혔어요.,0
151,방 내부가 춥고 따뜻하지 않았어요.,0
152,전반적으로 평이한 경험이었어요.,0
153,욕실 어메니티가 고급스럽고 만족스러웠어요.,1
154,직원 응대가 불친절했어요.,0
155,위치가 좋긴 한데 특별하진 않았어요.,0
156,물이 잘 안 나와서 씻기 불편했어요.,0
157,프론트 데스크가 엉망이었어요.,0
158,소음이 심해서 잠을 못 잤어요.,0
159,이불이 눅눅해서 기분이 나빴어요.,0
160,방 안에 곰팡이 자국이 있었어요.,0
161,숙소에 들어서자마자 향긋한 향이 나서 좋았어요.,1
162,사진보다 실물이 더 좋았어요.,1
163,벽지가 떨어져 있었어요.,0
164,위치 빼고는 다 평범했어요.,0
165,방음이 전혀 안 돼서 옆방 소리가 그대로 들렸어요.,0
166,방이 좀 작았지만 하루 묵기엔 괜찮았어요.,0
167,프론트에서 너무 오래 기다렸어요.,0
168,욕실이 넓고 청결해서 만족했어요.,1
169,위치가 좋아서 여행하기 편했어요.,1
170,프론트 직원이 불친절했어요.,0
171,도어락이 고장나서 불안했어요.,0
172,이불에서 이상한 냄새가 났어요.,0
173,리뷰처럼 그냥 그런 곳이었어요.,0
174,전등이 나가 있어서 방이 어두웠어요.,0
175,근처에 산책로가 있어 산책하기 좋았어요.,1
176,청소 상태가 전혀 안 돼 있었어요.,0
177,기대하지 않으면 괜찮은 곳이에요.,0
178,생각보다 방이 작았지만 하루 지내긴 괜찮았어요.,0
179,냉장고에 웰컴 드링크가 있어서 감동했어요.,1
180,창문으로 보이는 풍경이 인상 깊었어요.,1
181,음악이 잔잔하게 나와서 분위기가 좋았어요.,1
182,방에 거울과 조명이 많아서 편했어요.,1
183,편의점이 가까워서 간단한 물품 사기 좋았어요.,0
184,가격을 생각하면 납득할 수 있는 수준이에요.,0
185,수건이 두툼하고 흰색이라 믿음이 갔어요.,1
186,애완동물과 함께할 수 있어 좋았어요.,1
187,가격 대비 만족도가 낮아요.,0
188,방이 춥고 난방이 안 됐어요.,0
189,기억에 남지는 않지만 나쁘진 않았어요.,0
190,에어컨이 고장 나 있었어요.,0
191,수건에서 냄새가 났어요.,0
192,밤에 조용해서 푹 잘 수 있었어요.,1
193,객실 내 슬리퍼가 고급스러웠어요.,1
194,전체적으로 따뜻한 분위기의 인테리어였어요.,1
195,거울 조명이 밝아서 화장하기 좋았어요.,1
196,욕조에 물때가 껴 있었어요.,0
197,기본 어메니티가 알차게 구성되어 있었어요.,1
198,에어컨이 약간 시끄러웠어요.,0
199,휴지통이 작았어요.,0
200,프론트에 사람이 없는 경우가 있었어요.,0
201,객실에서 와이파이 속도가 빨랐어요.,1
202,전반적으로 무난하고 조용했어요.,0
203,침구에서 향긋한 냄새가 났어요.,1
204,청소 상태는 평범했어요.,0
205,1박용 숙소로는 충분했어요.,0
206,비누 냄새가 조금 강했어요.,0
207,건물 외관은 낡았지만 내부는 괜찮았어요.,0
208,룸에서 보는 전경이 정말 아름다웠어요.,1
209,창밖으로 보이는 정원이 정말 아름다웠어요.,1
210,서비스 응대가 정중하고 빠릿했어요.,1
211,평균적인 숙소라고 생각해요.,0
212,이불이 살짝 얇았어요.,0
213,가격 생각하면 이해할 수준이었어요.,0
214,공간 배치가 효율적이어서 편리했어요.,1
215,체크인할 때 웰컴 간식을 주셔서 좋았어요.,1
216,훚 그냐이,0
217,시설은 깨끗한편이고 따뜻한물도 잘나와요 다만 불편한게 보일러가안되는지 방바닥이차가워서 너무추웠어요,0
218,주차부터 불편하고 에어컨 켤 때마다 시커먼 먼지 덩어리가 베개로 우수수 떨어져서 계속 켜놓고 추위에 시달리거나 안키고 더위 참거나 둘중 하나예요 에어컨 온도조절 안되구요 그리고 수건 생수 더 필요하면 유료로 사야하고 모텔에서 기본으로 주는 세면도구 부족하고 빗도 없네요,0
219,여행으로 전주에 들려 새벽에 들어갔는데 주차하는데 차가 많았는데도 나와보시지 않으시고 방에 들어와보니 깨끗한듯 보이지만 머리카락이며 수건도 실밥이 자꾸 나오고 쾌적하진 않았던거같아요,0
220,가성비로 연박하기좋은곳,1
221,히터가 망가졌는지 키니까 엄청 시끄러워요 그냥 가성비괜찮은 숙소입니다,0
222,일 새벽시분경에 일날 숙소를 예약하려고 예약을했는데 새벽시분인데도 일로 안넘어가져있는걸 제가 못보고 일로 예약을했고 새벽시에 확인을해서 시분에 모텔쪽으로 연락을드려서 이게 제가 날짜예약을 잘못해서 취소가능한 시간이지났는데 취소나 날짜 변경이 가능하냐 물어봤고 모텔측에서는 자신들이 해줄수가없다고 어플측에 물어보라해서 여기어때 고객센터로 연락을 하려했는데 상담시간이 지나서 다시 모텔측에 연락을드려서 상담원 상담시간이 지나서 모텔측에 다시연락을 드렸다말씀드렸고 직원분께서 자신은 권한이없으니 오후에 사장님이 출근하시면 다시 연락달라는 말만 하셔서 알겠다하고 전화를 종료했습니다 그리고 그후에 오후에 연락을 다시드렸더니 환불및취소는 벌써 예약한 일자가 지나버려서 안된다고 하시고 야간직원분이랑 연락해보고 연락주신다 하셔서 기다렸지만 시가 되도록 연락이 안와서 직접 연락했습니다 제가 예약날짜를 제대로 못보고 예약한건 잘못이 맞습니다 근데 새벽직원분은 이런거 응대하시려고 데스크업무 보시는거 아닌가요 제가 전화를해서 화를낸것도 아니고 혹시 가능하냐 여쭤봤을때 자신은 권한이 없으니 사장님오시면 연락달라하실때 그 말듣고 기다린 저는 숙소 사용해보지도못하고 그냥 돈만 날린셈이 되버렸네요 이런상황이라면 취소가 어려우니 사용하시던지 해야될거같습니다 라고 추가 부연설명을 해주시는게 당연한거 아닌가요 기다렸다 연락달라는 말만 듣고 기다린 저는 뭐가 되는건가요 그리고 시에 다시 전화하실때 저한테 마지막에 도대체 아 제가 잘못한게 있으면 사과드려야죠 근데 새해인데 좋게좋게 끝내시고 새해 액땜하셨다고 생각하시고 넘어가주세요 이런말은 왜하시는건가요 제액땜을 왜 직원분이 정하시는거세요 도대체,0
223,주차공간이 협소하고 주차통로도 좁습니다 엘베도 한대입니다,0
224,호텔이라는 명칭을 쓰지마세요,0
225,실내시설은 깨끗해 보이고 좋아요 쓰레기통 두개는 사용하던쓰레기 위에 봉투만하나 올려뒀습니다 찜찜하고 더럽네요 보이는 것이 이러한데 보이지 않는곳은 과연 청소가 됐을까요 지은지 얼마안된 새 건물이니 깨끗해보이는 건 당연합니다 물소리 걸음거리 층간소음심합니다 시끄러울수 있어요 모텔은 다 이렇게 시끄러운가 싶어요 호텔인줄 알고 왔다가 잠만 설치고 찜찜함과 피곤함만 가득 안고 가게 생겼습니다 금액대비 피로를 풀기엔 부적합한 곳입니다,0
226,매우불친절합니다 거기서 일하는 아줌마 주인인지 직원인지 손님봐도 인사도안하고 대답도 안하고 그냥 방키만줌,0
227,카운터보시는분 불쾌한건 기분탓인가요 린스는없고 일회용 개 구비되어있어요 샴프는 개인적으로 향도별로고 뻑뻑한느낌이였고 수압은 좋지않네요 헤드를 바꾸면 좋겠어요 가성비좋아서 좋은것만쓰고싶은데 돈도안드는 말투하나에 마지막에 기분이 별로여서 있는그대로 씁니다,0
228,출장왔다가이용했어요 주말 가격 매우비싸서 충격이였습니다,0
229,급하게 잘이용했어요,1
230,객실은 괜찮게 잘 쉬었는데 카운터 보시는 굉장히머니 서비스는 엉망이었네요,0
231,주차두대했다고 한대는 모텔 밖에 길가에 대라고 하시네요 주차공간이 모자라서 그런것도 아니였는데 조금 불편했습니다 욕실은 실루엣이 밖에서 다 보여요,0
232,시설은 낡았지만 깨끗해요,1
233,여행하고 서울가는길에 폭설로 천천히 올라가자하고 하루 급하게 숙박잡았습니다 늦게 입실해 잠만자고 일찍 출발할거라 저렴한곳으로 예약 다른분들 리뷰 그대로 임 카운터 아저씨 매우 일하기 귀찮아하시고 편의점가려는데 방문이 밖에서 안잠겨서 잠깐 봐주시면 안되냐고 하니 안된다고보고 계셨던듯 있으니까 그냥 갔다오라고 방은 휑하다싶을정도로 넓어 잘때 추웠음 온도조절안됨 욕실 화장실 따로 있는데 세면대없음 디테일적으로 욕실 슬리퍼 곰팡이심해서 못신고 샤워기에 립스틱인지 뻘건게 묻어있어서 해바라기샤워기사용함 술마시고 가성비로 자고 가기 좋을듯,0
234,음머묻어있었고 쫌 찝찝햇네요 방이제일뜨거워서죽을뻔함 답답하고,0
235,가성비적으로 접근해야함,0
236,환기가 안돼서 객실에서 냄새가 쉼합니다,0
237,숙소 이미지에 완벽하게 속았습니다 주차장은 넓어서 주차하기는 좋았었는데 숙소 들어가자마자 느낀 점은 어 속았네 이런 느낌 침실은 보기에는 진짜 깔끔한 거 같았는데 그냥 평범 했고 침대가 정말 딱딱해서 몸이 찌뿌둥했고요 씻다가 알게 된 사실인데 방에 수건이 하나도 없어서 친구가 직접 받으러 내려갔더니 가져다주신다해서 계속 기다렸습니다 그리고 욕실 슬리퍼에서 자꾸 이상한 검은색이 나와서 씻는내내 찝찝한 기분이 들었습니다 다신 안 갈듯요,0
238,객실 컨디션 매우 안좋아요 방음도 안되요 일회용으로 주는 샴푸 바디워시 매우 안좋아요 특히 욕실은,0
239,가성비 청결상태는 많이 안좋아요,0
240,진짜 년전 여관 수준 실제 년 전부터 운영함 화장실 신발신고 문을 나가야함 외풍이 있어서 겉옷을 입고 화장실 이용해야함 침대가 너무꺼져있어서 허리 불편함 추가요금내고 객실 옮기려 방을 확인하니 똑같아서 그냥 이용함 다시는 이용하고 싶지 않음,0
241,네 아침에 바퀴벌레 마리 봤어요정말 상쾌한 아침 이였네요,0
243,조금 오래된 시설,0
244,오랜만에 다시 방문해봤는데 예전만큼 청결하지도 않고 시설도 관리가 잘 안된듯한 모습이었습니다 직원들도 무뚝뚝하여 친절하다는 느낌을 전혀 받지 못하였고 엘리베이터도 하나여서 대기 시간이 길어 이동하기 불편했습니다 다만 한옥마을과 객사 중간에 위치해있어 이동이 편리한점은 만족했습니다 주차장은 지하층까지 있어 나쁘진않으나 전체적으로 크진 않았습니다 그래도 위치가 좋아 다음번 방문시에도 고려해보겠습니다,0
245,가격대비 만족스럽게 쉬다왔습니다 아침에 계신 사장님은 매우 친절하세요 단점은 주차장공간 때문에 발렛파킹해주시는데 차키를 맡겨야해서 조금 귀찮았습니다 방음이 조금안되기는 합니다,0
246,청결은 뭐 모텔이니 그러려니 하는 정도입니다 시설은 좀 노후합니다 티비 셋톱박스가 정상적으로 작동하지 않어요 인터넷 연결도 잘안됩니다 컴퓨터도 맛이 갔습니다 침대도 별로입니다,0
248,보통입니다 가성비 숙소임,0
249,소음이 너무 잘 들립니다 가격이 저렴해서 그나마 괜찮은 정도 숙소 위치는 너무 좋아요,0
251,오후 시쯤 들어가서 샤워좀 하려는데 따뜻한 물이 안나옵니다 카운터에 문의 하니 분정도 물틀고 있으면 나온다고 하여 분 내내 알몸으로 대기 하다가 결국 미지근한 물로 샤워 끝냈습니다 시설 나쁘지는 않아요 하지만 청결하고 따뜻한물 원하시는분들에게는 완전 비추합니다,0
252,여관방 느낌이에요 방문열쇠로 열어야해서 생각했던 호텔 느낌과 달라요 거미줄이 많아요 청소 하시는분들 천장까지 하시기는 힘드신가봐요 여기서 제일 마음에 드는건 외관디자인과 화장실 디자인입니다,0
253,담배냄세 좀 났어요 아쉽,0
254,젠 이용하면 항상 늦은 퇴실로 사용을 하는데 퇴실 시간 몇 시간 전에 청소 하시는 분이 마스터 키로 문 열고 앞에 신발 있는 거 보고 다시 나가요 사람 있는지 없는지 확실히 체크 해주고 문 좀 열어주세요 혼저 가서 잘 때면 그 소리에 놀라서 일어나고 다시 잠을 못 자요,0
255,여러가지로 문제가 많아요 수건에 먼지가 그대로묻어있고 객실에 에어컨이 너무 약해요 컴터는 완전 오래된 년전 컴터작동은 되더군요 다른 비품은 그냥저냥 아쉬운데로 쓴다고 합시다 여자사장님이신지 툭툭내뱉는말투친절한 부분은 찾아볼수없는 분이더군요 여직원도 불친절 일하기 싫어서 움직이기도 싫은 티가 팍팍나는데생수한병주세요 하니깐 대답도 안하고보통 주문하면 병주는데 달랑한병 갖다주길래 더 주세요 하니 말을 무시하네요 일하기 싫으면 집에있지왜 일을 하죠 어이가 없어서참말이 안나옵니다 그리고청결상태가 왜이런지 청소몇년안한 모텔같아요청소신경안쓰나봐요 다른건 넘어가도 불친절한건 용납이 안되네요 써비스업인 숙박업에서 이런 불친절이라니,0
256,우아동이 전주역이랑 가까워서 자주 여기서 노는데요 늘호텔은 이번이 두번째 방문입니다 저번에는 디럭스를 예매했는데 사장님께서 디럭스 트윈 방을 주신 것 같더라구요 그래서 남친이랑 좋은 시간 보내다 왔습니당 디럭스 트윈은 방이 좀 작긴 했지만 내부 상태나 청결엔 문제가 없었어요 이번엔 미니멀 디럭스로 예약을 했고 호 배정 받았습니다 일단 도어락이 배터리가 없어서 열고 닫을 때 마다 띠리리링 소리가 났구요 방은 굉장히 작았습니다 벽지도 지저분했고 화장실도 너무 오래된 느낌이었어요 세면대 배수도 안되고 바닥으로 물이 샜습니다 퇴실할 때 쯤엔 조명이 다 나가버려서 어둠속에서 샤워를 했습니다,0
257,충전기가 없어요 월 중순 저녁인데 난방을 안해줘서 추웠어요 침대에 장판덕에 따시게는 잤어요,0
258,장점수압이쌤 에어컨잘됨 단점 코를찌르는 담배찐내 침대딱딱함딱딱한거좋아하는분은장점일수도 아무리 저녁열한시쯤에 입실햇다하지만 열두시반넘어서 차를옆으로살짝옮겨달라는건아닌거같네요 나가서확인해보니 주차흰선라인밟지도않앗던데요 손님을 좀더생각해주셧으면좋겠네요 다음에 다시갈일은없을테지만 번창하세요,0
259,어이가없네 무슨 쓰던 칫솔이 고스란히 세면대에 있습니까 방을 바꿔준다고요 다른 방은 다를 거라 생각할까요 소비자가 이거 보면 환불처리해주세요 기가막혀서 본사에 전화하기도 귀찮으니까,0
260,늦게 전주방문길에 예약특가 가격이 착해서 박 했는데 유흥가 지점에있고 시설도 적응이 안되어 잠만자고 나왔네요,0
261,사장님은 친절하신데 객실 컨디션이 진짜 좋지 않습니다 우선 세면대가 고장이 나있엇는지 물이 세어 말씀드리니 고쳐주셨지만 수리하는데 시간이 꽤 소요 되었기에 그건 손님이 체크인 하기 전에 미리 확인후 수리 하고 방을 제공 했어야 하는 부분이라고 생각합니다 청결 부분에서도 담배재가 욕실에 그대로 있고 책상에도 그대로 남아 있음에 놀랐습니다 침대시트도 얼룩이 있더라고요 물론 세탁을 하셨겠지만 너무 보이는 윗면에 있는 얼룩이라 객실 정비 체크했으면 좋았을텐데 하는 아쉬움이 큽니다 바닥도 깨끗하지 않아 맨발로 돌아다니긴 어려워요 욕실도 물때도 잔뜩 껴있어서 청결부분은 꼭 큰 개선이 필요해 보여요 욕조는 깨끗합니다,0
262,코가 막힐 정도로 건조하고 먼지가 좀 많았어요,0
263,청결합니다 처음에 들어갈때 정말 상쾌한 향기에 기분좋게 입실했습니다 그런데 자는 도중 정말 머리가 아플정도로 담배냄새가 계속 나더군요 밖에서 들어오는건지 화장실배관을 타고 들어오는건지 머리아파서 잠도 편하게 못잤네요 저녁부터 아침까지 계속 나네요,0
264,제가 진짜 하도 어이가 없어서 리뷰 작성 합니다 퇴실시간도 안됬는데 잠깐 나갔다온사이 청소 해버리더군요 물건 몇개 없어져서 카운터에 말했더니 몇개 간신히 찾긴 찾았습니다 그 후에 뒤늦게 없어진 물건이 또 기억나서 전화를 했더니 없다고 하시더군요 그럴수 있습니다 이해는 하는데 사과 한마디 없으시고 뒤늦게 전화한 내탓인것 마냥 말씀하시고 심지어는 통화하다가 수화기를 아예 바닥에 내려놓으시더군요 잃어버린 물건이 가격이 비싼 것도 아니고 그냥 넘어가려 했는데 사과를 바란것도 아니고 전화기를 내려놓는건 좀 아니지 않나 너무하시네요 크게 실망했습니다 추천하지 않습니다,0
265,직원이 제공하는 서비스는 크지않습니다 웬만한거 직접 와서 가져가라고 하네요 빗 면봉등 제공되지 않습니다 층간소음 심각합니다 에어컨 위치 침대 직빵이라 잘때 틀지못합니다 새 타월에 털이 나왔습니다 구립니다,0
266,불편한점 욕실 문 위로 뚫려 있어서 샤워할때 따뜻한물로 씻어도 금방 춥다는점 침대에서 느껴지는 먼지인지 뭔지 이물질이 있어 까끌까끌한 점 리모컨에는 넷플릭스 인데 넷플은 안나오고 지니만 나오는 점 빼면 인테리어도 깔끙하고 넓어서 그냥 저냥 만족하고 나왔습니다,0
267,저렴은 저렴 가격만큼 한루 숙박으로,0
268,복도에서는 향기나고 좋은데 객실에 먼지가 좀 많았어요 침구는 깨끗했는데 커튼이랑 침대헤드쪽 더 신경써주셨음 좋겠습니다 헤드 구석쪽에 째그만 거미줄과 거미가 있더라구요,0
269,바디워시도 없고 객실도 깔끔하지 않았어요 로션도 유통기한이 년 아쉬운숙소였어요,0
270,처음 입구 들어 갈때는 괜찮았어요 뭔가 많이 꾸며 놓고 해서 관리를 질하고 있는 곳인줄 알았죠 그런데 방에 들어가서 창문 위 에 곰팡이가 잔뜩있었어요 그리고 천정 곳곳에도 곰팡이가 그때까지만 해도 그래 뭐 곰팡이 오래된 건물에 외벽공사가 잘 안되서 곰팡이가 있나보다 그래도 좀 닦아두지 코가 시큰거리것 같았지만 안보면 그만 이지 했어요 그리고 핸드폰 충전 하려고 봤더니 헐 충전기는 있는데 이게 코드가 없네 여기 투숙객이 이래놨나그래도 여기 청소하면서 이걸 못봤나 에이 몰랐나 보지 하고 그냥 피곤도 하고 해서 그냥 잤습니다 그리고 다음날 아침에 일어나서 씻으려고 했는데 물이따뜻한 물이 너무너무 오래 기다렸어요 너무 너무 오래 있다가 물이 따뜻해 지더라구요 샴프하고 린스하려고 봤더니 린스도 없네요 그래도 좀 나오려나하고 계속 눌러봤는데 안나오더라구요 그래서 그때 부터는 짜증이 나기 시작했습니다 이런건 청소 할때 보충 해 놓을수 있는거 아닌가요 이정도 쯤 되면 관리 안하는 곳이라고 생각 됩니다 방은 윗풍이 있어서 춥고 침대 속에서도 춥고 밤새 춥게 잤는데 아침에 일어나서 따뜻한 물도 잘 안나오고 린스도 없어그래서 나갈때 직원한테 꼭 말해야 겠다 싶었는데 프런트에 직원도 없고 제가 왠만하면 불만이 있어도 리뷰같은거 잘 올리지 않는데 이곳은 좀 관리가 필요한것 같아서 올립니다,0
271,객실 상태는 나름 깨끗했어요 오래된 흔적들이나 냉장고 청소 그리고 샤워시설은 구식이였습니다 가성비는 괜찮았어요,0
272,층간소음 정말 애기들있는가족들은 밑층으로 보내시길 돌아 다니다 저녁에 들어갔는데 위층에서 얼마나 뛰는지 건물 다 무너지는줄 게스트하우스 방음 도 안된다고 해서 다른데 찾다 호텔인데 한옥느낌이라 골랐는데 역시나 여기도 방음이 그닥 잘 안되네요 다른 방 문 닫는소리에도 쿵쿵거렸는데 그건 다 괜찮았는데 층간소음은 진짜 장난없음 날이 갑자기 추워져서 방에있는동안 너무 추워서 나갔다들어가는길에 보일러는 언제쯤 틀어주시는지 물어봤는데 알아서툴어드릴거라고 하셔서애타게 보일러 틀길 기다렸고요 하지만 건물도 내부도 전체적으로 다 깔끔했어요 깨끗했습니다 한옥마을 내에 있어도 시끄럽지 않았구요 저희가족이 묵은 숙소 위층 사람들 층간소음만 빼면 전체적으로 좋았습니다,0
274,좋네요 다만 주차장이 작아서 아쉽네용,0
275,주변 모텔보다 그닥별로,0
276,그냥 그냥저냥 괜찮앗어요 먹을게 좀더 다양해졋으면 좋겠어요 그거빼고는 시설도괜찮고 깨끗햇어요,1
277,전주에서 여기는 처음이었으나 다음과같은 장점이 있습니다 수압이 너무 좋았습니다 터미널 옆이라 위치가 좋습니다 침구가 너무 편하였습니다 전주에서 좋은점수를 주고싶습니다 아침에 조식은 컵라면과 토스트 삶은계란 씨리얼이라 한식이없어 아쉬웠습니다 다음에도 잘 부탁드립니다,0
278,전에 깔끔하게 잘 이용했던 기억이 있어서 예약했는데 오늘은 조금 객실 청결이 아쉬웠어요 바닥 구석구석에 머리카락과 털들이침대 시트에는 빨았는데 안지워졌는지 모를 김치국물 얼룩까지프론트 전화 연결도 안되길래 크게 신경쓰이진 않아서 그냥 사용했습니다 늘은 이용할때 마다 느끼는 거지만 배수가 잘 안되는 것같아요 올때마다 세면대 물이 잘 안빠지네요오늘은 샤워기 수압도 너무 약했어요 그래도 그 외엔 깔끔하고 크게 불편한 점은 없어서 잘 머물다 갔습니다 바닥청소에 조금만 신경써주세요,0
279,가성비로 따지면 별 만점이네요 화장실이 좁은거 빼곤 스타일러도 있고 매우 만족합니다,1
280,객실내부 및 에어컨 곰팡이 냄새가 심했으며 냉장고 소음 때문에 잠자는데 거슬림 또한 한옥체험한다 생각하고 이해하며 이용은 했지만 방음이 넘 안돼 담엔 한옥 이용은 안할거 같음,0
281,좋아요 조아요 조앙 조아여 괜춘홍홍 자주와요 깨꿋 정수기아니여서 더조아요,1
282,먼지가 매우 많았어요이불에 눈 쌓인것마냥 먼지가 매우 쌓여있더라고요방 온도는 괜찮았어요 영화도 잘 봤습니당,0
283,좋앗어요,1
284,연인끼리 좋아요 깔끔하고 주차도 여유로워서 좋았습니다,1
285,조아유 냉장고가 너무작아 쫌 아쉽긴했지만,0
286,인테리어 이쁘고 다 새거라 꺌끔하고 심플해서 더이쁨,1
287,비품들이 오래되서 그런건지 작동이 안되는것들이 많았어요 화장실 청소도 깨끗하지 않구요,0
288,시설도 깨끗하고 친절합니다 근데 방음이 잘안됩니다 가성비로는 좋은거같습니다,0
289,드라이브인을 처음이용하는데 프라이빗하니 신기했고 방욕실이 깔끔했어요 조식이 있어 좋았는데 시반에 아직 준비초반인지 김치나 반찬류빵이 없어서 아쉬웠어요,0
290,엄청 깔끔하지도 엄청 더럽지도 않네요 무난,0
291,친절하시고 좋았어요,1
292,방에서 담배냄새가 남 와이파이 비번이 다름 다른 곳에 비해 이렇다할 장점은 없음 그저그럼,0
293,장점 시설이나 청결은 완젼만족이구요 방향제가져다놓았음 퍼펙트일듯 이것만보면 재방문의사있음 단점카운터앞에 음료나 물이 텅텅비는데도 새벽이나 아침이냐 관리 도안하시는건심한듯 빵도있다고하곤 없고 그럴바엔 그런 서비스가 상시 있다고 적어놓질 마시길,0
294,아기자기하고 깨끗해서 좋았어요 특히 이불이 뽀송하고 좋네요 그런데 한옥이라 그런건지 방음이 좀 안되더라구요 말소리랑 물소리까지 다들려서 기절하고잤지만 다른방분들이 매너타임없이 너무 소리가 크긴하더라구요 혼자여행아니고 친구나 연인이 같이오면 저역시도 시끄러웠겠죠 잘놀다가 갑니다 무튼 좋았습니다,0
295,시설도 깨끗하고 좋았어요 단지 방이 좀 추웠어요,0
296,월풀욕조가 있는 방을 골라서 숙박했어요 침대와 파티션으로 구분되어있고 욕조 출입이 편리해서 좋았으며 인용이라 좋았는데 문제는 화장실 변기쪽 문이 천장까지 막혀있지않고 좀 공중화장실같이 공간이 떠있어서 방음이니 냄새 방어가 전혀 안됩니다 잘때도 물떨어지는 물방울소리에 은근 신경이 예민해지더라구요 그거외엔 가성비 좋은 숙소입니다 에어드레서가 있어서 옷 냄새빼기 좋구요 흡연 냄새가 쩔어있는 방이 있는데 그건 방바이방입니다 나머지 침대 평범하고 화장실 욕실쪽 완전 공개되있어서 좀 눅눅할수있어요,0
297,화장실 문짝이 없어서 뚫려있음 전 객실 라더니 년도 넘은 가 있음 역대 최악의 모텔,0
298,가성비가 좋은 모텔입니다,1
299,항상 다니는데 좋은것같습니다,1
300,나름 청결하고 가성비가 너무 좋네요 잘 쉬다가 갑니다 감사합니다 나름 청결하고 가성비가 너무 좋네요 잘 쉬다가 갑니다 감사합니다나름 청결하고 가성비가 너무 좋네요 잘 쉬다가 갑니다 감사합니다나름 청결하고 가성비가 너무 좋네요 잘 쉬다가 갑니다 감사합니다나름 청결하고 가성비가 너무 좋네요 잘 쉬다가 갑니다 감사합니다나름 청결하고 가성비가 너무 좋네요 잘 쉬다가 갑니다 감사합니다나름 청결하고 가성비가 너무 좋네요 잘 쉬다가 갑니다 감사합니다나름 청결하고 가성비가 너무 좋네요 잘 쉬다가 갑니다 감사합니다,1
301,고장난 고데기는 왜 있는걸까요,0
302,가격대비 만족스럽습니당,1
303,잘쉬다가갑니다앙,1
304,잘쉬었다갑니다 괜찬습니다,1
305,따뜻한 물이 안나와서 난감했어요 온수 점검 부탁드립니다,0
306,사진으로 보는것과는 좀 달랐지만 넓고 좋았어요,1
307,오래된시설인건 알고갔지만부숴지고 망가진부분 수리도 안되어있네요참고하세요,0
308,친절한 사장님 가성비 좋은 가격 감사합니다 방음이 잘 안돼서 소음이랑 방이 습해서 침구류랄지 습했던 부분은 아쉬웠네요 그 부분만 좀 더 신경써서 관리해주신다면 더 좋을것 같네요,0
309,안에 깔끔하고 좋아요 햇빛도 잘 차단돼서 늦잠자기 좋구요 잘쉬다갑니다,0
310,좀 노후된 시설이지만 컴터는 롤 잘 돌아가고 가성비 적인 면에서는 만족스러운 곳,0
311,가성비 좋네여,1
312,직원들 서비스는 좋으나 시설이 오래되다보니 좀 아쉽네요,0
313,캔음로물 여유있게 있어서 좋네요인테리어 청결 상태도 괜찮고요 기회되면 종종 이용할 계획 입니다,0
314,시설 비교적 깔끔하구요 티비 피시 등등 최신형이구 들어가자마자 난방이 되어있어서 따뜻했어요,0
315,하 룻 밤 묵 기 좋 았 어 요 사 장 님 친 절 하 세 요 재 방 문 할 게 요,0
316,전주에 살지만 한옥숙박은 처음입니다 너무 고즈넉하고 방에 옷걸이며 작은 소품까지도 예쁘네요 사장님이 친절하게 반겨주시고 미리 에어컨도 켜주시고 들어가자마자 시원하고 청결했어요주차도 세세하게 봐주시고 저녁에 방앞에 모기향까지 모기하나 안물리고 왔네요 너무 행복하고 즐거운 추억이 되었습니다 생각보다 방과 화장실도 여유있고 카페테리아 이용은 못했지만 웰컴과일도 너무 맛있게 잘먹었습니다 너무 추천하고 또 방문하겠습니다,1
317,전주한옥뷰가 보인다고 하여 예약하였습니다 평일이라 그런지 저층예약하였는데도 고층으로 배정해주셨어요 체크인시 카드 번호를 요구하십니다 혹시나 다른요금 청구시 필요했나봐요 테라스가 있어서 한옥뷰를 직접 볼수 있었구요 단풍이 예뻣을때 가면 어땟을까 생각이 드네요 변기와 샤워부스가 나뉘어있던점이 좋았구요 수건도 넉넉했습니다 침대도 매우 푹신하여 꿀잠잤구요 근처에 감자탕집이 저녁식사로 딱입니다 매우맜있었어요 도보분입니다 담날 아침 샌드위치 배달받아 맜있게 먹었습니다 아침에 보는 한옥뷰도 최곱니다 욕조가 있는룸도 있는것 같은데 담엔 그곳을 이용해보고 싶네요 가장 싼 저층배정방을 예약해도 평일에 가면 고층으로 배정해준다,1
318,좋습니다 편하게 쉽니다좋습니다 편하게 쉽니다좋습니다 편하게 쉽니다좋습니다 편하게 쉽니다좋습니다 편하게 쉽니다좋습니다 편하게 쉽니다좋습니다 편하게 쉽니다좋습니다 편하게 쉽니다좋습니다 편하게 쉽니다,1
319,정말 분위기 넘 좋아요 화장실도 깨끗 엄마랑 왔는데 효녀노릇합니다,1
320,사장님이 친절하세요 조용한 숙소네요 잘잤어요,1
321,물 조절이 어려운 것만 빼면 다 좋은 것 같아요 일하시는 분도 친절해요 깨끗하고 좋았어요 깨끗하고 좋았어요 깨끗하고 좋았어요 깨끗하고 좋았어요 깨끗하고 좋았어요,1
322,호텔마루 조아요 깨긋하고 넓고 입욕제도 주고조아요 또올게요 감사합니다 번창하세요 호텔마루 조아요 깨긋하고 넓고 입욕제도 주고조아요 또올게요 감사합니다 번창하세요,1
323,리뷰가 거짓이 아닙니다 믿고 가봤는데 역시나 직원분들 친철하시고 침대 폭신합니다 다음에 전주 갈 일이 있으며 이곳에 투숙할 겁니다,1
324,새로운곳이라인지 아주좋고 편하네요 또이용하고싶네요 다음에 전주오면 또 이용할께요,1
325,우선 주말인데도 다른 모텔에 비해 완전 저렴했어요 아이들이 있어 특실트윈에서 숙박했는데 방도 넓고 좋아요 전주갈때마다 이용하는 곳입니다,1
326,넷플릭스 잘되고 유튜브도 잘되고 항상 좋은시간 보내고 있습니다 화장실 욕실도 분리되어 있어서 남친 있어도 편하게 잘 지낼수 있어요 사모님도 친절하시고 청소도 잘 챙겨주십니다 사장님 번창하세요,1
327,주말마다 갑니다,1
328,사장님이 매우 친절하시고 숙소도 청결해요 수건도 넉넉히 주셨어요,1
329,가격대비 괜찮은거 같아요,1
330,리뷰 처음인데 여자 사장님 저희 주차장에서 보자마자 매우나도 친절하게 맞아 주셔서 그냥 다 기분좋았구요 이 정도 가격에 이정도 괜찮습니다 깔끔해요,1
331,재방문 의사 입니다,1
332,저번에 방문했을때 방도 크고 깨끗한데 저렴하길래 재방문 했습니다 이번에는 방은 작았지만 웨이브 넷플릭스 티빙이 있어서 볼 것이 많아서 좋습니다 가격이 저렴한데 가 많아서 좋습니다,1
333,처음 가봤는데 청결은 엄청 좋습니당 카운터에서도 엄청 친절하세옹하지만 아쉬운점은 이제 새로 오픈 한 곳이라 그런지 수건에 뭐가 다 뭍어 있더라고요 세탁업체에 말씀 드려야 할 것 같습니당 손님 입장에선 쓰기 찝찝합니당,1
334,너무 편하게 잘 머물다 갑니당 예약대실 처음해봣는데 정말 편리하고 좋앗어용 담에또 방문 예정입니당,1
335,급하게 알아보느라 여기저기 알아봤는데요 주차도 가능하면서 한옥마을이랑 도보로 멀지 않은곳을 찾았는데 정말 딱보이더라구요 이틀전에 예약하고 하루전에 일찍가서 주차 가능한지 문의하니 가능하다시며 일찍와서 주차해놓고 놀다오라고 쿠폰도주시고 괜찮은곳 추천도 해주시고 숙소자체도 신축이라 어찌나 깔끔한지 물건들 제품들도 다 새제품 욕실사진을 찍었는데 없어졌네요 욕실 깨끗하면 더 볼것도 없죠 층에 믹스커피물차 같은것도 있고 전자렌지도있고 매우 괜찮았어요 할인되는 커피도 잘마셨습니다 모든면에서 완벽한 숙소였습니다 정말 감사합니다,1
336,역시 좋네요 깨끗하기도 하고 따뜻하고,1
337,잘이용했습니다 조와요,1
338,사장님도 친절하고 굉장히 청결했습니다 무엇보다 방이 무척 따뜻해서 좋았습니다 기회되면 꼭 다시 방문하겠습니다,1
339,좋아요 늘 잘 이용하다 갑니다,1
340,시설은 깨끗하고 벌레가 없어서 괜찮았어요,1
341,싼 맛에 잘 쉬다가 갑니다 진짜 가성비는 최고입니다 대실은 가운 없다는게 아쉽고 머리끈 없는 것두 아쉽고 카운터 전화하는데 세상에서 제일 바빠보이셔서 대답 안듣고 바로 끊으시는 거 좋았어요 자리에 안계셔서 입실도 분 늦게하고 좋았습니다 싼 맛에 잘 쉬다가 갑니다 진짜 가성비는 최고입니다 대실은 가운 없다는게 아쉽고 머리끈 없는 것두 아쉽고 카운터 전화하는데 세상에서 제일 바빠보이셔서 대답 안듣고 바로 끊으시는 거 좋았어요 자리에 안계셔서 입실도 분 늦게하고 좋았습니다,1
342,사장님도 친절하시고 주차장방 다 마음에 들었어요 전주오면 또 올게요,1
343,사장님께서 진짜 친절하시구 매우 좋았어요 조식 흑입자죽은 진짜환상적이였어요 그리구 신경도 많이써주시고 퇴실할때 폴라로리드로 사진찍어주시는것두 매우 좋았어요 걸어다니기에두 매우 좋구 정원이 매우 이뻐서 좋았어요 다음에무조건 또 올예정입니다,1
344,시설이 오래되긴 했지만 불쾌할 정도는 아니에요 침대도 크고 깔끔해서 잘 쉬다 가요,1
345,전주 출장와서 이용했습니다 라면 주는 강점이 좋습니다 우선 주처장 진짜 넓구요 바로옆 편의점에 먹거리도 만족합니다 침대도 푹신하고 물 음료도 풍족해서 자주 오는거 같습니다 냉장고만 시원했으면,1
346,좋아요,1
347,호텔 외관이 뭔가 이쁘게 생겨서 엄청 신기해요 터미널하고도 가까워서 접근성도 엄청 좋은 편이구요 호텔 로비 들어가면 깔끔한 외관이 먼저 반겨줘요 사실 관광호텔이라는 어감이 제가 느끼기에 뭔가 좋은 편은 아니라 큰 기대는 안했는데 생각보다 너무 괜찮았어요 그리구 아무 생각 없이 체크인하는데 방을 업그레이드 해주셔서 정말 괜찮았어요 그렇다고 모든 분을 해드리는건 아닐테니 이건 기대를 하지는 않는게 좋을 것 같아요 그리구 객실 처음 들어왔는데 향이 너무 좋아서 첫인상이 괜찮았어요 그리구 생각보다 객실이 넓어서 너무 괜찮았어요,1
348,우선 리뷰를 보고 찾아갔습니다 청결이 가장 중요하게 생각했는데 정말 깔끔하고 좋았습니다 화장실에 물때하나 없고 깨끗했어요 실내 룸도 조금 작긴했으나 아이와 함께 자는데 전혀 불편함 없었고 마루가 길게 뻗은게 아이가 다니기 좋았어요 출입구부터 조경이 잘되있는게 사장님께서 신경쓰시는구나 싶었고 입구에서 마주쳤는데 엄청 친절하시고 아이한테도 먼저 인사하고 말걸어주셔서 감사했어요,1
349,시설이좋고 사장님도 친절해요,1
350,사장님도친절하시고 방도 깨끗하고 좋네요,1
351,시설이며 청결 다 만족하고 잘 쉬다갑니다 토스트도 맛있게먹고 다음에도 이용할게요,1
352,접근성이 좋고 주차도 잘되고 좋아요,1
353,언제가도 친절해용 청소하시는 할머니들도 친절하시구요 마니 애용하는 모텔이여용,1
354,출장을 밥먹듯이 다니는 사람입니다 갑작스레 오게되엇지만 전주에서 너무 좋았습니다,1
355,최근 정말 자주 이용하게 된 숙소입니다 사장님이 너무 친절해서 기분이 너무 좋아요 요청사항도 너무 잘 들어주시고 사람 기분 좋게 해줍니다 그리고 객실 내부도 너무 청결하고 가격도 너무 착해요,1
356,방도청소가깔끔하게잘되어잇엇고요 여자로서이불이나수건에민감한데 깔끔해서 더좋았습니다 앞으로도애용할게요,1
357,가격에 비해 가성비 좋았습니다 이근처에 출장 가실일이 계시면 한번 사용해보시는것도 괜찮을듯 합니다 바로 앞에 편의점도 있었구요 근처에 식사하실만한것도 있습니다주차장 당연히 있습니다그리고 사장님도 친절하시구요 인테리어나 시설쪽으로도 생각보다 괜찮습니다 가보시면 후회는 안하실듯 하네요 가격에 비해 좋습니다 그럼 다들 좋은하루 보내시구요 편안한 밤 되시기를 바랄께요 굿럭,1
358,일단 사장님이 되게 호탕하시고 친절하셨습니다 다른 모텔은 대부분 예약자이름 확인하고 비품전달 해주시고 끝이였는데 황금은 사장님께서 기분좋게 인사해주셔서 더 기분 좋게 묵었던 거 같습니다 그동안은 사회적 편견 때문인진 몰라도 숙박업소 관리하시는 분들이 너무 친절하게 맞이해주셔도 뭔가 민망스럽지 않을까 생각했었는데 아니더군요 조용히 들어갔는데 밝게 인사해주시면서 기분좋게 맞이해주시니 되려 너무 기분 좋았습니다 그리고 깔끔하고 청결하다는 평이 많긴 했지만 반신반의 하면서 갔었는데요 괜한 걱정이였습니다 방에 딱 들어서는데 깨끗하다는 느낌이 나더라구요 다만 다른 층에서 환풍기를 통해 담배냄새가 올라온 것인지 잠깐 외출했다 들어가니 화장실에서 담배냄새가 심하게나서 담배냄새를 격하게 싫어하는 저는 담배냄새가 빠질동안은 화장실을 이용하기가 힘들었습니다 그 외에는 너무너무 만족합니다 여러 숙박업소를 방문해보았지만 시설도 가격대비 매우 만족스러웠고 넓고 깔끔하고 기회가 된다면 꼭 다시 묵고 싶은 숙소였습니다 일단 청결한 느낌이 방에 딱 들어가면 느껴지실 겁니다 그리고 사장님이 매우 친절하시고 호탕하십니다,1
359,전반적으로 만족합니다 가성비 정말 좋아요 사장님도 친절하세요 주차장도 층에 있고 바로 건너편에 외부주차장이 따로있어서 주차걱정은끝 편의점도 가까이있어서 너무 편했고 백반집도 많고 맛집도 많아요 룸컨디션도 좋고 룸도 넓고 쇼파에 테이블까지있어서 배달시키기도 좋았어요 넷플릭스도 볼수있어서 좋았고 객실상태 화장실 다 굿이었어요 청소도 잘되어 있었어요 큰침대가푹신해서 여독을 풀수 있어서 좋았어요 출장차 방문하면 정말 굿입니다 가격도 저렴하고 잘쉬다 왔습니다,1
360,사장님께서 시간에 관계없이 항상 반갑게 맞이해주십니다 노한 음료나 전자렌지등 편하게 사용하도록 별도의 공간이 있으며 문의사항등에대해 친절하게 응대해주십니다 다음에 다시 이용하겠습니다,1
361,시설좋아오,1
362,평일에는 가성비가 좋네요 주변에 먹거리나 이런것도 많고 잊지가 좋아요 물도 잘나오고요 담배연기가 안올리와서 정말 좋습니다 다음에도 또 전주 들으면 예약할게요 고생하세요,1
363,전주 방문할 때 자주 가는 호텔이에요 룸컨디션 괜찮은 편이긴한데 가끔 머리카락이 나오긴 해요 침대 밑에서 쓰레기가 나올 때도 있어요 스탠다드로 당일 예약하고 묵으면 층마다 있는 물품실 앞쪽 방들을 줄 때가 많은데 아침 시 정도부터 시끄러운 소리가 들려서 깨요 일층에 편의점 있고 마당김밥 있어서 좋아요 주차도 편리한 편이긴한데 주차장 입구에 호텔입구 표시가 잘 되어있으면 좋을 것 같아요,1
364,깔끔하니 굿입니다요,1
365,잘쉬었다가 갑니당 좋은숙소라서 잘쉬었다가 갑니다 너무나 깔끔하구 기분좋게 잤습니다 그리구 바로앞에 편의점이 있어 더욱 좋았구요 다음엔 여기로오겠습니다,1
366,침대가 푹신하진 않았지만 사용할만했어요.,0
367,보통의 숙소 서비스였어요.,0
368,근처가 위험해 보여서 불안했어요.,0
369,조식이 제공되긴 했지만 인상적이진 않았어요.,0
370,물걸레 자국이 그대로 남아 있었어요.,0
371,배게가 목에 딱 맞아서 꿀잠 잤어요.,1
372,냉난방이 즉시 작동해서 쾌적했어요.,1
373,직원분들이 정말 친절했어요!,1
374,커피 머신이 있어서 아침이 즐거웠어요.,1
375,객실 내부 인테리어가 예술적이었어요.,1
376,불만은 없지만 다시 올지는 모르겠어요.,0
377,숙소 분위기가 정말 차분하고 편안했어요.,1
378,룸키가 구형이라 불편했어요.,0
379,숙소 내부가 향기롭고 청결했어요.,1
380,추가 요청에도 빠르게 응대해주셨어요.,1
381,어린이 전용 공간이 있어 가족 여행에 안성맞춤이었어요.,1
382,프론트 직원이 자리에 없었어요.,0
383,와이파이가 작동하지 않았어요.,0
384,에어컨 소리가 좀 있지만 자는데 문제 없었어요.,0
385,숙소에 큰 문제는 없었어요.,0
386,욕실에서 곰팡이 냄새가 났어요.,0
387,건물이 너무 낡았어요.,0
388,엘리베이터가 없어서 조금 불편했어요.,0
389,객실 냄새가 심하게 났어요.,0
390,기본적인 청결은 유지되고 있었어요.,0
391,복층 구조라 아이들이 좋아했어요.,1
392,방음이 전혀 안 됐어요.,0
393,에어컨 소리가 약간 크긴 했지만 참을 만했어요.,0
394,방에 머리카락이 여러 개 있었어요.,0
395,방이 조금 오래된 느낌이 있었어요.,0
396,침구에서 햇볕 냄새가 나서 안심됐어요.,1
397,샤워기에서 찬물만 나왔어요.,0
398,조식이 형편없었어요.,0
399,방마다 개별 냉난방 조절이 돼서 편했어요.,1
400,건물 자체가 너무 낡아서 불안했어요.,0
401,침구가 눅눅해서 잠을 제대로 못 잤어요.,0
402,청소 상태가 완벽했어요.,1
403,주변 소음이 전혀 없어 조용했어요.,1
404,아침에 들리는 새소리가 인상 깊었어요.,1
405,별다른 특색은 없지만 기본은 했어요.,0
406,딱 가격만큼의 서비스였던 것 같아요.,0
407,방이 좁고 답답해서 오래 있기 힘들었어요.,0
408,머무는 동안 불편함이 전혀 없었어요.,1
409,전반적으로 평범한 숙소예요.,0
410,딱히 인상적인 점은 없었어요.,0
411,체크인 과정은 무난했어요.,0
412,화장실은 오래돼 보였지만 쓸만했어요.,0
413,리모컨이 작동하지 않았어요.,0
414,프론트 직원의 설명이 자세해서 감사했어요.,1
415,무난한 숙소였습니다.,0
416,냉장고에서 썩은 냄새가 났어요.,0
417,조명이 깜빡거려서 눈이 아팠어요.,0
418,체크인도 빠르고 응대도 좋았어요.,1
419,환기가 잘 안 돼서 답답했어요.,0
420,호텔 에서 걸어서 관광지 이용이 가능 한거는 좋음 그런데 너무 드러움 이불 침대 가구 등등 언제 청소 한지도 모를 정도로 먼지가 쌓여 있음 찝찝 해서 이불안덮고 잤더니 추워서 방 온도좀 올릴려고 하는데 조절안되어 추웠음 다신 이용안할듯함,0
421,리뉴얼하다만 느낌입니다 외관만 한건지 가구도 다 그대로인것 같네여 가격대비 괜찮아요,0
422,해당 숙소에서 하룻밤을 머물게 되었습니다 우선 보통의 호텔이라고 하면 티비와 침대가 마주보고 있어야 하는데 옆면을 마주하고 있더군요 이게 티비를 보라고 하는건지 이해가 되질 않았습니다 뭐 사실 티비를 보려고 간것도 아니어서 신경아 쓰이진 않았습니다 그런데 잠을 청하려고 침대에 누우니 실외기가 돌아가는 진동이 벽을 뚫고 객실이 울렸었습니다 베개에 머리를 대면 귀에 안마기를 꽂은 것처럼 소리가 머리에 울리더군요 그것때문에 잠을 자려고 하던 숙소에서 두시간동안 뒤척이다 잠에 들었습니다 마지막으로 아침에 일어나니 목이 칼칼했습니다 왜 그런가 살펴보니 티비와 옆면을 마주하고 있던 침대위에 에어컨의 바람이 저의 안면부를 향해서 밤새 불었기 때문이 아닌가 싶습니다에어컨에 가림막을 설치하는게 좋지 않을까 싶습니다,0
423,방 벽지 곰팡이에 거미줄까지 있는건 좀 그렇네요,0
424,난방이 잘 되지 않고 바람이 너무 많이 들어옴 새벽에는 보일러도 끈 것 같음 평점 보고 갔는데 전혀 아님 도대체 누가 평점 남기는 거야,0
425,들어갔는데 머리카락이 좀 있고 그냥 집같았습니다 원정도라 숙박하기에는 괜찮았습니다,0
426,컴퓨터에 게임은 많이깔려있지만 되는 게임이 없음,0
427,방이 너무 작아요 방이작은데 청소상태도 엉망이였습니다 치워지지않은 담배와 물뚜껑이 그대로 있네요,0
428,엘리베이터에서 내려서 부터 하수도 냄새가 너무 많이나요 잠을 잘수가 없었습니다 와이파이가 연결도 잘 안되고 후기가 괜찮아서 예약했는데 진짜 별로입니다,0
429,그냥 무난했던 숙소예요,0
430,그냥그렇네요가격은다른데랑비슷한데비해 시설은 별류 요즘워낙다좋아서 차라리 다른데가는게 나은거같네요,0
431,리모컨이 안먹혀서 불이나 티비를 킬 수 웂었어요,0
432,프론트 직원의 건조하고 냉담한 불친절 응대 최악의 조식 다시는 절대 가고 싶지 않는 전주의 이미지까지 완전 비추,0
433,겨울에 가실분들 참고하세요 왠만하면 나쁜리뷰 안남기는데 저는 까탈스럽지도 않고 딱 두가지만 봅니다 화장실 변기 깨끗한지와 방이 따뜻한지 한겨울인데 맨발로 방바닥을 밟을수가 없이 차가워서 씻기가 힘들고 옷 다 입고 잤습니다 변기는 제대로 닦지않아 공중화장실 수준이더라구요 정말 최악이었습니다,0
434,숙소 들어갔더니 바퀴벌레 시체 있어서 방 변경해달라고 연락드렸는데 원래 배정해줬던 넓고 소파있는 같은 방 주기는 커녕 소파도 없고 제가 본 방이랑 다른 의자 하나만 달랑 있고 내부도 더 좁은 안 좋은 방 주시네요 비즈니스 방 사진에 소파 없는 방 사진은 없는데요 그리고 둘이 있는 거 뻔히 아는데 의자 하나 있는 곳 주는 건 좀 그러네요 다신 안 올래요,0
435,조용하고 가성비좋은 숙소,1
436,오후에 샤워하고 밤에 날 좋아서 조깅하고 땀이 매우 나서 샤워를 한번 더 하다보니 수건이 다음날 쓸게 부족할 것 같아서 요청했다가 아침도 아닌데 수건을 이라면서 받았네요 여러번 요청한 것도 아니고 한번 수건 받는 것도 눈치 보여서 다음에는 이용 자제할 것 같아요,0
437,담배냄새가 너무 나고 냉장고가 작동을 안해요,0
438,시설은 괜찮았으나 구석구석 먼지가 엄청나네요 욕실 세면대 물이 안내려가네요,0
439,안녕하세요 항상자주 이용하는데요 이번에는 매우 아쉬움이 있었네요 보통 대실로 이용하다가 숙박하였는데요 청결이 많이 아쉬웠네요 수건을 펼쳤는데 머리카락잇고 바닥에 장갑이 떨어져 있고가성비적으로 나쁘지 않은데청결이 부족햇던거 같네요 주차는 비교적 좁지는 않고요접근성좋고 티비도 크고요근데 가 안돼서 제꺼 이용하려 했는데 그것도 자꾸 안돼서 그냥 미러링으로 봤네요 쫌 불편했어요 그거는 아무튼 그래도 푹쉬다 가요,0
440,비주얼은 눈이 휘둥그레해 질 정도입니다 봤을때 깔끔하고 깨끗해보였습니다 결론은 화장실만 굉장히 깨끗했습니다 대리석 바닥은 시간이 지나도 냉골이고 침대에 전기매트도없습니다 층간소음 층간소음 층간소음 그나마 꾹 참고 잠든 새벽에 난데없는 화재경보기가 울리다니요 사과한마니없고 허참 침대는 겉모습만 깔끔해보이는지 온몸에 두드러기 세상못잊을만한 숙소네요,0
441,가성비는 좋습니다 출장올때마다 오네요 특히 침구류 깨끗해서 좋아요 다만 체크인 하는데 여자 직원분 개념을 밥말아 드셨는가 잠깐만요 하더니 한참 문자를 하더군요 손님을 세워두고 불쾌했습니다 직원교육은 필요할거 같아요,0
442,물도 더달라니깐 돈주야돤다하고 방이너무건조,0
443,화장실트이고청결전기위험,0
444,들어가서 누우려고 하자마자 벌레가 나왔는데 그냥 넘어갔음 가운도 없어서 단기 여행하는 사람도 여분 옷 필수 침대 옆에 세면대 있는데 방심하고 틀다가 워터밤 될 수 있음 제일 불쾌했던 건 충전기를 두고 왔는데 확인해주지도 않고 없다고 단정 짓고 끊어버림 말투 진짜 틱틱댐 근처 숙소 많이 가봤는데 여기가 최악,0
445,모기를 마리나 잡았는데 아침에도 1마리 발견했네요 어디에서 모기가 계속 들어오는건지 먼지가 많이 날리고 객실이 청결하지 않습니다 시트에 죽어있는 작은 벌레가 붙어있었어요 위층에서 쿵쿵 소리가 들리긴 했으나 소음은 크지 않았고 수건도 넉넉히 줘서 좋았으나 객실 청결에 신경쓸 필요가 있어 보입니다 여러 모로 아쉬움이 많이 남았습니다,0
446,하루잘쉬었다 갈수있는곳이네요,1
447,춥고 건조하고 좋지 않아요,0
448,바쁘다고 청결이라던지 기본 서비스라던지 넘어가달라고만 표현하시고 제대로 해주시는게 없이 대책 마련도 해주지 못하네요 너무 아쉬웠습니다,0
449,여기 진짜 별로 자고 다음날 씻을려니까 보일러 고장 났다고 따뜻한 물 안나온다고함아니 상식적으로 고장 났으면 미리 말을 해주던가 해야지 말도 안하고 퇴실시간 됬으니까 어차피 나가셔야한다고 정말 불친절,0
450,한옥마을과는 가까워서 굉장히 좋았는데요 날씨가 더웠는데 중앙식에어컨이라 굉장히 더워서 사우나하는 느낌 다른방도 다똑같다고해서 참았는데 아침에 일어나보니 팔에 벌레가 군데나 물려서 가려워서 긁느라 혼났네요 모가도 아니고 진드기에 물린거같은데 룸바닥이 카페트라서 청소도 그렇고 에어컨도 그렇고벌레도 그렇고 비추합니다,0
451,출장 많이 다니는 편이라 모텔이용을 많이 합니다 항상 느끼는거지만 또 사진과 리뷰에 속았네요 청결하지도 않고 사진과같이 깔끔하지도 않아요 제가 느낀점은 건물 외관만 좋은거 같아요 오래된건물에 리모델링 해놓은것같고 문열자마자 모텔 특유의 냄새 찐하게 나고 침구 냄새도 이상하고 수압이 얼마나 약한지 여자인 내가 머리 감는시간만 어휴 침대에 머리카락 막 떨어져있고 어쩐지 싸다 싶었는데 또 속네요 리뷰와 사진에 다른분들은 무슨생각으로 리뷰를 적는건지,0
452,방 받기까지 분정도 대기했는데 들어가자마자 담배냄새가 매우 나서 전화했더니 이미 알고계셨다고 전에 대실고객이 피고갔다고 방 바꿔줄테니 다시 내려오라고 하셔서 기분이 매우 안 좋았어요 근데 방 다시 받기까지 분정도나 기다렸어요 전에 이용한 고객이 담배핀 걸 알았으면 그 방을 주면 안 되는 거 아닌가요 체크아웃 시간 연장 해주신다고 했는데 정해진 일정이 있어 기존 예약시간대로 이용했습니다,0
453,그럭 저럭 묵을만 했습니다만 쓰레기통이 비워져있지 않았고 매립형 욕조가 인상적이였습니다 바디워시와 샴푸가 도브 제품이고 약간 곰팡이 핀 것 같이 까무잡잡한 느낌 있었지만 그냥 사용하였습니다 벽면에 데미지가 많은 편이지만 신경 안 쓰이는 정도이고 냉장고에는 물 두 개 음료 두 개 있습니다 침대 컨디션은 양호였어요,0
454,난방은 좋았으나 침대가 딱딱함,0
455,미리 찾아가 원하는 방을 말씀 드렸는데 예약날 체크인을 해보니 그 방이 아니였네요 호텔은 새 호텔이여서 깨끗하게 이용했지만 서비스 측면에선 만족하지 못합니다,0
456,초성수기에 숙소예약이 늦어져서 선택의 폭이 좁았지만 한옥의 로망이 있던터라 사진보고 기대하며 숙소를 정했다 최대 인까지 가능하다고 해서 방크기가 넉넉한줄 알았다 도착해서 문을 여는데 아이들 실망하는 눈빛이 역력하다 딸아이는 자기방 반밖에 안 된다고 투덜투덜 정말 나도 매우 당황했지만 아이들을 다독였다 이불깔면 캐리어 놓을 공간도 없었다 잘때 난 화장실 문 바로 옆에서 자야했고 더 힘들었던건 화장실벽 누수때문인지 자고 일어났더니 이불이 젖어있었다 덮는 이불도 인 기준 까는 이불 개 덮는 얇은 이불 개라 몸에 열이 많은 남편과 아들때문에 에어컨틀고 자니 나와 딸아이는 오들오들 떨며 잤다 아이들에게는 단칸방 체험한다고 씁쓸하게 얘기했지만 년에 한번 있는 여름휴가를 망친 기분이다,0
457,최악이예요 한두번도 아니고 남친아이디까지 하면 몇번갔어요 갈때마다 흡연하냐고 물어서 한다고 했고 그러면 사진과 다른방주시고 다른방주는게 한두번이 아닙니다 남친이 따지려는거 제가 진정시켰어요 그리고 이불이 커버와 솜이 따로 놀아요 덮을때마다 불편함,0
458,잘 쉬었다 갑니다 가성비 짱,1
459,룸 이용했습니다 사양은 적어주신 사양과 동일해요 근데 램문제인지 문제인지 잔렉이 조금 있긴함 모니터가 좋아서 배그 하옵으로 할만할듯 최대단점 새벽에 뜨거운물이 안나옴 내내 안나오다가 아침 시부터 나왔음 시기 놓치면 씻지도 못함월요일 기준 그리고 목욕가운이 없음 다른데는 다 제공해주셔서 당연히 있을거라 착각했습니다 그냥아쉽 그리고 바닥마감재가 별로인가 원래 맨발이나 양말로도 곧잘다녔는데 바닥에 먼지인가 무언가 계속 발에 묻는 느낌이라 어쩔수없이 슬리퍼착용해서 다녔어요 근데 그 슬리퍼 마저도 진짜 닳기직전 막 내구도 요런상태라 이건 좀 교체해주셨으면 좋겠습니다 커튼은 암막커튼이 아니여서 아침에 햇빛이 스근하게 들어와요 암막있으면 좋았을텐데 아쉽 퇴실연장비용은 저렴해서 괜찮았어요 건물이 오래되가지고 그냥 오래된숙소의 단점 다 갖고 있어서 그부분이 참 아쉽습니다 그리고 냉장고에 물 두개가 있었는데 하나는 새거라 개봉할때 여는느낌이 있었는데 다른 하나는 힘을 안줘도 그냥 물병이 스르륵 열리더라구요 뭐지 재활용한건가 했습니다 아직도 원인모름 카카오맵에 유독 불친절하다는 리뷰가 많던데 직원분과 그다지 많은 이야기를 나누진 않았어서 불친절한건 모르겠습니다 그냥 시큰둥하십니다,0
460,객실이 매우 추워요 전기장판도 고장나서 새벽에 매우 추웠고 감기 걸려서 지금도 고생중입니다,0
461,방음이 너무 최악입니다 옆방 티비소리 대화소리 윗방 의자끄는소리 다들립니다 바로 옆에서 나는 소리마냥 그리고 주차장이 매우 부족한거 같고 객실이며 욕실이며 모서리에 곰팡이가 너무 심합니다 또한 세면대에서 물이 즐줄 새서 바닥이 많이 미끄러워서 위험했습니다 보수좀 잘해줬으면 좋겠습니다 저번에 묵었을때는 좋은기억이었는데 이번에는 너무 불만족 스럽네요 수압은 엄청 강력합니다 수압하나 인정이요 위치도 참 괜찮습니다,0
462,처음엔 깨끗해 보여서 좋았는데요 방음이 전혀 안되어서 정확히 시분에 잠들었네요 티비소리 대화소리 심지어 술 따르는 소리가 들려서 도저히 힘들어서 프론트에 말씀드리니 투숙객이 이라고 소리지르고 가족여행이었는데 아 괴로웠네요 프론트는 친절했는데 방음에 문제가 많았어요 이 부분만 개선되면 좋겠어요,0
463,안마의자 발쪽에 각질이 많아서 더럽고 환기가 잘 안되서 그런지 담배냄새도 납니다 화장실은 큰편이라 좋은데 욕조가 좀 더럽더라구요 늦게 가면 주차할곳도 없어서 밖에 주차해야되고 별로내요,0
464,우선 사진을 믿고 숙소에 방문한다면 후회하십니다 저는 출장을 자주 다녀서 지방 여러 곳의 모텔을 자주 이용하는데 비용이 저렴한 곳을 중점으로 찾아다니다가 이 곳을 찾게 되었습니다 오래된 호텔을 개조하여 운영중인 숙소로 여러가지 문제점이 있으나 잠만 자고 온다면 크게 문제는 없습니다 장점 저렴하다 비흡연객실 단점 시설이 부족하다 컴퓨터넷플릭스충전기 비흡연객실 전 흡연자 주차공간 협소,0
465,만천원이라는 저렴한가격에 이용했고 사진보고 가성비 좋겠다 싶었지만 막상 들어가니 사진보다는 조금 낡았습니다 눕기도 전에 베개커버에는 머리카락과 화장품이 묻어있었습니다 커텐이없어 찬바람이 들어왔고 바닥도 차갑고 내부 공기가 추워서 긴팔긴바지 입고잤어요 너무 추워서 난방좀 부탁드렸지만 침대에 전기장판있어서 잘땐 괜찮다는 말씀만 하셨습니다 문제눈 침대크기는 큰데 장판이 두사람이 누웠을때 몸의 반절씩만 따뜻한 쪽 누울수있는 정도의 작은 크기의 장판이었습니다 좋은 여행의 끝이 돈아끼려다 춥게자고나니 좀더주고 좋은곳 이용하는것이 나을듯 합니다,0
466,시설은 조금 오래됐다는 생각이 들어요 세면대 물 안내려가고 화장실 냄세 방바꿔도 많이 나고,0
467,전주갈때마다 대실시간도 좋아서 쉬다가는데 어제는좀 실망했네요 오후시쯤갔는데 오후시부터 난방이들어온다구 하시구 머 그거야 전체난방일수있으니 절약하신다하구 샤워하려하니 찬물 분넘게 틀어도 계속나와서 전화했더니 그럴일없다하시구 오셔서 트시더니 따뜻한물나온다면서 제가잘모르고 그랬단식으로 말씀하셔서 당황했는데 그래도 뭐 나가시면서 실험해보려 그랬다면서 말씀하셨긴 하셨는데 그냥 싼가격에 예약해서 저도 머라구는 못하겠네요 이번이 세네번째 갔던건데 어제는 좀실망했네요,0
468,시설 깨끗하고 깔끔해요,1
469,사장님 불친절하시고 방도 너무춥고 샤워기 욕실 타일 넘미끄럽고 넘어질뻔 너무 안좋아요 두번다시 안가고싶어요 최악임,0
470,컴퓨터가 느려서 약간 아쉽긴한데 방은 맘에 들어요,0
471,맨바닥에 메트리스만 갈린방이였는데 조금 불편했어요,0
472,그냥 평타정도하는듯,0
473,저렴하게 예약했어요 방안에 창문을 열어놓으셔서 온기가 없어서 처음에 좀 추운거 빼고는 괜찮았어요 난중에는 따뜻했어요 저렴하게 잘이용 한거 같아요,0
474,음음음음음음 침구에서,0
475,출장으로 이용했고 서신동은 처음 예약했는데 차량 이용해서 이동하기에 편리했습니다 한옥마을 객사 신시가지처럼 가려는 곳이 특별하게 있다면 도보 이용은 어려운 지역이었습니다 그리고 넷플릭스와 안마의자 포함된 객실로 예약해서 잘 이용했습니다 조그 아쉬웠던 건 세탁이 되어있었지만 침대 시트와 이불에 얼룩이 일부 묻어 있었습니다 시각적으로 조금 보기싫은 부분이었습니다 전반적으로 출장에 이용하기에 괜찮았습니다,0
476,객실 청소상태는 조금 아쉽고 시설은 가격대비 그런대로 만족합니다 재방문의사 있습니다,1
477,사장님이 친절하시긴 합니다만 시설이랑 청결이 좀 실망이네요 세면대 머리카락들과 변기에 물도 안 내려가 있었고 샤워기 걸이는 덜렁덜렁 늦은 시간 입실이라 그냥 잤지만 방은 넓은데 그게 다에요,0
478,가격은 저렴한데 시설이랑청소 상태가,0
479,건물은 오래 되었지만 가격대비 만족 합니다주위에 먹거리 식당이 있어서 편하게 식사하고 음주 가무도 하고 불편함 없이 하룻밤 보내고 왔어요 단지 창문을 열어놔서 인지 모기가 한마리 들어와서 불켜놓고 숨박꼭질 끝에 잡고서야 잠을 잘수 있었네요 가격대비 이만한곳 없을듯요,0
480,평범한 인테리어 평범한 욕실 엄청 친절한 응대,0
481,시설은 좋아요 테라스방에 방충망만 있으면 좋겠어요,0
482,로비에 팝콘 및 다양한 먹거리 있어서 좋아요 단침대에서 냄새가방 바꿔달라고 하고싶었습니다,0
483,다좋은데 준특실은 창문이 욕실쪽에있어서 너무답답해요 욕조에 목욕좀하려고 준특실한건데 창문이 흠이네요 방이 좀 답답한 느낌이에요 그리고 에어컨도 안되게해놓으셨던데,0
484,깔끔 하고 좋아요 온수가 특히 잘 나와서 좋은 것 같아요 방이 살짝 추웠긴 했는데 그건 조작을 잘 못한 내탓인듯 군더더기 없이 좋아요,0
485,가격대비 그럭저럭 만족합니다,1
486,깔끔하고 좋습니다 또 이용할게요,1
487,전주 터미널 근처에 있어서 위치도 괜찮고 전체적으로 무난무난한 숙소였어용,0
488,전주에서는 여기만 이용하는 투숙하는 사람인데 처음으로 실망했어요 장애 있으신 분들 편하게 묵으시라고 편의성 있게 인테리어해놓은 것 같은 숙소를 주셨는데 화장실 들어가는 입구에 문이 없어서 욕조에 물 가득 받아놓고 들어갈때 현관쪽으로 물이 넘치던데요 그리고 냉장고 문열려고 잡아당겼더니 누가 부서놓은걸 대충 맞춰서 얹어만 놓으셨는지 손잡이가 떨어지고 준비되어있던 수건 전부 다 냄새도 났어요 씻고 드라이기 사용하려고 하니 드라이기도 접히고 펴지는 부분이 고정이 안돼서 자꾸 접히는거 손으로 받치고 사용해야했네요 호였는데 왜 이런방을 주신건지,0
489,깨끗하고 좋았어요 다만 쇼파가 일 인용 한개이고 간이 의자가 개 있어서 둘이 마주 보고 앉아 있기에는 살짝 부족함이 있어 보였습니다 나름 디럭스룸인데,0
490,좋아요좋아오오오오오옹,1
491,평일날 방문하였는데요 주차장이 마련되어 있어 주차해두고 걸어서 한옥마을 구경할 수 있어 좋았어요 날씨가 무척 추웠는데 방을 따뜻하게 준비해주셔서 들어가자마자 훈훈함에 기분 좋았습니다 전체적인 시설도 깔끔하고 여행중에 조용하게 하루 쉴 수 있었어요 이용하지는 않았지만 로비에서 다른곳보다 저렴하게 한복 대여할 수 있는 것 같았어요 한번씩 화장실 하수구에서 올라오는 냄새인지 악취가 나서 화장실 문은 꼭 닫고 있었어요 박 이용하는 동안 번정도 심한 냄새가 느껴졌어요,0
492,저녁애는 따뜻한물나 왔는데 아침에는 안나와서 찬물류 씻어서요,0
493,처음 전주 에서 모임있어서 숙소예약을 했는데 좀 실망 스러 웠읍니다 방은 좀 넒은데 방안 조명이 너무 어두웠읍니다 그리고 커피포트가 지저분해서 바꿔 주셨는데 작동이 안되었읍니다 그리고 티비도 방에비해 너무 작고 리모컨작동도 잘안되었읍니다 그리고 욕실은 수압도 약하고 뜨거운물를 사용하면 수압이 너무 약하고 잘나오지도 않아요 좀 실망스럽고 가격에 비해 너무 아닌거 같아요 그래도 사장님과 일하시는 분들은 친절 하십니다 그리고 주차장하나는 괜찬습니다 좀신경 써주시는게,0
494,그냥그러네요,0
495,깔끔하니 좋네요아이스크림도있긍 기분좋게 꿀잠잤네요,1
496,연인과 함께 갔었어요 전주 한옥마을에 위치해있어서 도보로 여행하기에 좋았고 주변에 장사를 안하시는지 조금 휑하긴 했지만 대체적으로 만족합니다 주차자리는 넓지 않은데 가까운 근처에 공영주차장이 있어서 괜찮아요 객실 상태 나쁘지 않아요 침대가 좀 불편하긴 해요 직원분은 살짝 무뚝뚝했지만 조금만 더 친절하면 좋은 기억을 가지고 다음에 또 방문할 것 같아요,0
497,오랜만에 위너에서 숙박하게됬어요 사장님은 매번친절하세여 룸도 크고 좋았는데 욕조 물이 잘안빠지더라구요 그부분 신경써주시먼 좋겠네요 그래도 전체적으로 좋았습니다,0
498,한옥마을은 걸어서 분 거리 정도 됩니다 둘이 쉬기 딱 좋네요 편의점이 바로 앞에 있어서 편했습니다,1
499,찾아가기 어려우며 생각보단 방이 더 좁았습니다 하지만 방이 깔끔했고 하루 묵는데 적당했습니다,0
500,그냥저냥 묵을만하지만 컴터는 없다 치세요 그냥 안된다고 보세요,0
501,숙박이 아닌 대실이었고 인이라고 더 서비스받거나 추가된것도 없으며 예약화면에도 전혀 공지되어있지 않음에도 불구하고 예약하실때 낸 금액은 인기준이라며 만원을 더 내라고 하더군요 날도 춥고 따지기 싫어서 그냥 내고 들어갔습니다 그리고 공지되어있기는 분명 시간대실인데 시간 반 후에 나오라고 하더군요 이건 무슨경우인지 굉장히 불쾌했습니다 안마의자와 스타일러때문에 예약하고 온거여서 시설은 만족했습니다만 이건 아니라고 봅니다,0
502,급하게 예약한 곳입니다 연식이 있는 곳이라 키가 열쇠였지만 만원으로 저렴하게 묵을 수 있었습니다 스타일러가 있어서 겉옷을 보관하기 좋았습니다 입실하자마자 침대는 전기장판이 켜져있어서 굉장히 따뜻했고 객실 내부는 조금 추웠습니다 수압도 굉장히 세서 물이 많이 튀었습니다 구석에는 먼지가 좀 있었지만 전체적으로 무난하게 하룻밤 묵을 수 있었습니다급하게 예약한 곳입니다 연식이 있는 곳이라 키가 열쇠였지만 만원으로 저렴하게 묵을 수 있었습니다 스타일러가 있어서 겉옷을 보관하기 좋았습니다 입실하자마자 침대는 전기장판이 켜져있어서 굉장히 따뜻했고 객실 내부는 조금 추웠습니다 수압도 굉장히 세서 물이 많이 튀었습니다 구석에는 먼지가 좀 있었지만 전체적으로 무난하게 하룻밤 묵을 수 있었습니다,0
503,한옥마을 둘러보긴 좋은 위치,0
504,컴터없는안되는방이여서 방을옴겨주신 카운터남자분감사합니다 그냥 딱잠만조기좋은곳이에요 컴터도인터넷이매우느려서 왠종일 쑈햇네요,0
505,시설 깔끔하고 좋아요 위치도 한옥마을 걸어서 구경할 수 있고다만 주차장이 협소하고 방음이 안되서 차소리 매우 시끄러웠어요 세면대 청소가 덜 된 건지 뭐가 묻어 있었음,0
506,다른건모르겠고 조식을주니 좋네요 밥이랑토스트 씨리얼까지 잘먹었습니다,1
507,하루 잘지내고 갑니다 사장님이 친절하시네요 침구류 청결상태는 별로입니다,0
508,사람이 많이 없었어서 방음은 괜찮았어요 청결 문제가 좀 걱정이었는데 깨끗해서 다행이었어요 방 마다 도어락이 있어서 안심했어요,1
509,가성비좋은 숙소네요,1
510,외관이 노후되 보이고 에어컨에서 물이 계속 떨어져서 룸체인지 해주셨는데 원래보다 더 작은 방으로 주셨어요 수압 약해요 청소도 상태도 여기 저기 머라카락이 비품구성이나 이불 냉장고 시원한거는 좋았습니다,0
511,성급이라하긴엔 너무 애매한 그런 호텔이였어요방두작구위풍이쫌 심하구환기가잘안되구아 그래두 커피랑 수건은 아쉬움없이 썼었요음박을했는데이불은 한번교체해주었구요방두한번 이불교체할때 청소을해주었어요그전 라마다에서는 외출시 재정비을 알아서 해주었거든요그나마 직원분들이 워낙 친절하셔서 위안삼아 지냈어요,0
512,시설릉 괜찮음 바닥 청소가 영,0
513,연휴 맞아서 전주 갈일이 있어서 이번에도 워너비 이용했어요 디럭스룸 이용했는데 연휴라 공휴일 요금으로 결제했네요 근데 여기어때 어플에서는 연휴요금 적용 공지가 안떠서 긴가민가 했었거든요 항상 느끼는건데 다 만족하지만 가격이 쪼꼼만 낮았으면 좋겠어용,0
514,이근처에서 퇴실이 가장 늦은 곳을 찾아서 예역을 진행했습니다 대부분의 호텔이 근처애서는 시 퇴실인데 전주호텔유는 시여서 늦게까지 늦장부리면서 자고 느즈막히 나갈 수 있어 좋았습니다 다만 불편한 점이 있다면 화장실 문이 거의 투명한 수준이라서 큰일 작은일 샤워 등 화장실에서 용무를 볼 때 함께 묵는 사람이 다 직관할 수 있어 매우 부끄럽습니다 그리고 기본 제공되는 로션 샴푸 등이 샘플이 아니라 그냥 통으로 덜렁 있습니다 비누랑 샤워타올도 덜렁 있습니다 세면대도 더러웠습니다,0
515,모녀 여행차 방문한 전주에서 숙소 위치가 한옥마을과 멀지않아 여행하기 좋았습니다 비교적 청결한편이였으나 세면대와 바닥이 연결된 파이프가 끊어져있어서 바닥으로 물이 나오는데 바닥 배수구가 물이 잘 안빠지더라구요 그런데 알 수 없는 찌꺼기들이 짐을 다 풀었던 상태라 변경요청을 드릴 수 없었어요 대강 치우고 욕조에서만 씻었습니다 이 부분만 아니였다면 사장님도 친절하셨고 커피기계와 토스트 아이스크림 음료 까지 셀프코너를 세심하게 구비해주셔서 편히 지내다 왔어요 다음에 다시 전주에 오게되면 그때 또 방문할거에요,0
516,사장님이 친절하시고 좋았습니다,1
517,깨끗하였으나 화장실에 물이 흥건하여 양말신고 슬리퍼신고 들어갔더니 양말이 젖었어요 그리고 침대 시트가 빵꾸가 나 있었습니다 침대는 많이 푹신했고요 그외에는 방도 넓고 괜찮았습니다,0
518,인테리어는 조금 오래된듯 보였지만 깨끗하고 친절하셨어요,1
519,시설이랑 가격대비 괜찮고 재밌게 있다가 가용,1
520,깨끗해요 사장님도 친절하십니다 비가 많이 오는데 주차도 대신 해주시고 감사합니다,1
521,전주 한옥마을 바로 앞에 위치하고 있어서 호텔에 주차하고 여행 내내 편하게 뚜벅이 여행을 할 수 있었습니다 한옥마을 내 관광지와 근처 맛집들을 주차난과 요금에 대한 부담 없이 다닐 수 있었다는 게 가장 큰 장점이었어요 무엇보다 뷰가 미쳤습니다 한옥뷰 안 했다면 아쉬울 뻔했습니다 아침에도 오후에도 저녁에도 너무너무 예뻐요 사실 이것만으로도 숙박의 이유가 있었다 싶을 정도입니다 한옥마을 영화의 거리까지 도보 여행 가능하니 비슷한 루트 여행 계획이시라면 완전 추천입니다 저녁에 옆방 떠드는 소리가 간간이 들리긴 했지만 가족단위 손님이 많아서 그런지 금방 조용해져서 그것도 괜찮았어요,1
522,월요일부터 목요일까지 연박하면서 매우 편안하게 쉬다가갑니다 사장님이 친절하시고 아침에 나갈때 과일까지 챙겨주시고 매우매우 좋았네요,1
523,전주 출장시 이용하였습니다 근처 무인텔과 비교 좀 비싸다는 느낌이 들 수도 있지만 깨끗하게 정돈된 객실과 깔끔한 조식까지 충분히 상쇄되고도 남습니다 외부 주차공간도 넓어 대만족입니다,1
524,예쁘고 아늑하고 사장님도 친절하시고 전주에 가게 되면 또 방문하겠습니다,1
525,수압이 약해서 조금 아쉬웠지만 가격대비 좋았어요 남문시장과 한옥마을이 가까워서 좋습니다,1
526,조아용 갠차나영따듯해영조아영맘에듭니다갠차나영조아영조앙,1
527,주차장 넓어요 편히 쉬다가여 친절해요 주차장 넓어요 편히 쉬다가여 친절해요 주차장 넓어요 편히 쉬다가여 친절해요 주차장 넓어요 편히 쉬다가여 친절해요 주차장 넓어요 편히 쉬다가여 친절해요,1
528,출장으로 묵었는데 괜찮았습니다,1
529,신축 축하드려요 사업 대박나새요,1
530,처음 체크인할때 고양이들이 먼저 반겨주는대 넘 귀여워용 전체적으로 숙소 내부는 엄청 깨끗하였고 주방과 바베큐를 할 수있는 공간이 있어서 너무 좋은 곳이였던것같습니당 사장님도 친절하시고 코로나 시국에 많은 대변을 하지않고 체크인 체크아웃을 할 수 있는점도 좋았던 것 같아요 나중에 여름에도 방문하여 야외수영장도 이용하고 싶어용 화장실에는 수건 칫솔 샴푸 컨디셔너 샤워젤도 구비되어있고 수건도 넉넉하게 있었습니당,1
531,늘 만족스러워요 잘 쉬다갑니다,1
532,주차장도 좁지않고 객실 청소도 잘 되어 있습니다객실 자체도 크고 넓은편입니다시설도 불편함없이 잘 구비되어 있습니다가격은 주변보다 약간 비싼편이지만 전체적으로 나쁘지않습니다,1
533,올때마다 너무 좋은가격에 편하게 쉬고가요,1
534,한옥마을안에위치해서좋고 사장님친절해서좋고 방따뜻해서좋고 좋은점밖에없었습니다 또방문하고싶네요,1
535,대박 가격좋고 시설좋고 서비스좋고아이스크림이랑 커피 슬러시가 준비돼어있음 사장님 엄청 친절하십니다 손님오면 사장님 되시죠 하심,1
536,감성있고 깔끔하고 완전 조아용,1
537,방은 정말 깔끔하고 사진 그대로에요 하룻밤 정말 편안하게 잘묵었고 사장님이 너무 친절하셔용 아침 조식도 더무 맛있었어요,1
538,깨끗하고 사장님친절하시고 주변 산책하기두 좋아요,1
539,화장실이 조금 청소 상태가 아쉽긴 하지만 푹 잘쉬었습니다,1
540,주차장이좁은게흠이네요 그래도대실시간이길어서좋은거같아욥 잘이용하고감니다,1
541,잘자고 갑니다,1
542,직원들도 친절하고 청결 상태가 굉장히 좋았어요 샤워실과 침실 책상 등 모두 깨끗하고 먼지나 머리카락 등이 딱히 발견되지 않았어요 욕실 상태가 좋아서 만족했습니다,1
543,깨끗하고 깔끔해서 좋습니다,1
544,시설 및 청결살태 좋았습니다 스타일러가 방마다 있어서 정말 좋아요,1
545,사장님이 매우 친절하시고 조식도 적당하니 매우 만족합니당,1
546,조아웅아중리최고숙소,1
547,방컨디션이너무좋습니다 청소를 깔끔하게 잘하시는듯합니다 도보방문 예약으로조금 저렴하게 이용했습니다 바로인근에 공용주차장 엄청크게있어서 거기다주차하고가면 되니 다른분들도 조금이라도 그렇게 할인받아서이용하셔용,1
548,다신 오고 싶지 않은 곳이예요 엄청 으슥하고 분위기 탓인지 괜히 막 무섭고 그랬네요 불친절하시고 그러네요,1
549,깔끔한데 담배냄새좀 나요,1
550,깔끔하고 청결합니다,1
551,늦은후기 올리게 되었습니다 언제나처럼 편안하게 잘 쉬었다가 갑니다,1
552,한달에 서너번씩은 이용하는 곳입니다 점입니다,1
553,굿굿 아주만족합니다 다음에 또 방문할께요,1
554,저번주랑 두번 갔다왔는데 큐알을 못찍음 잘안보여용 뒤에 매우작아욤 테블릿은 야놀자만 있어서용 암튼 항상 잘 쉬다왔어용봄이라 벚꽂놀이에 지쳤음,1
555,항상잘다니고있는호텔 짱좋아요,1
556,좋아용조하요,1
557,갑자기 가게 됐던 곳 인데 깔끔하고 좋었어요,1
558,객사에서 쓸만한 모텔입니다,1
559,방 종류가 여러가지라서 괜히 딴 곳 안가고 즐길 수 있어서 매우 좋아요 위치도 술집 근처라서 놀기도 편하고 편의점도 가까워요 사장님도 친절 하시고 방도 매우 깨끗하고 룸도 써봤는데 사양도 나쁘지 않더라구요 담에도 올거같아요,1
560,있을 거 다 있고 스파 욕조에다가 샤워실과 변기가 유리로 나누어져있는 것도 좋았습니다 드라이기도 좋은 거고 방도 넓고 침대도 푹신하고 한겨울이었는데도 따뜻하고 다 만족스러웠어요 가격까지 만원 아래여서 뭐하나 흠잡을 곳 없는 숙소였어요 편하게 쉬다 갑니다 갑니다 다음에 전주 놀러오면 또 올거에요,1
561,전주오면 매번 가는곳인데 시설도 너무 깔끔하고 사장님도 너무나 친절하십니다 잘 쉬다 갑니당,1
562,전체적으로 층부터 층까지 다 청결했어요 방이 넓진 않았지만 적당했던 것 같아요 제가 사용했던 방은 세면대랑 바닥에 물이 잘 안내려가서 그건 좀 아쉬웠습니다 조식으로 바닐라라떼 만들어 먹을 수 있어요 사장님이 친절하셔서 편하게 이용할 수 있었습니다,1
563,청결하고 방도 따뜻해서 갈때마다 기분이 좋아여,1
564,오랜만에 왔는데 역시나 좋고 편한시설 잘쉬다갑니다,1
565,전주투헤븐트원좋아요,1
566,리뷰가 좋아서 갔는데 들어가자마자 화사하고 깔끔해서 너무 잘 쉬다 갑니다 물도 잘나오고 비데도 있는데 따뜻해서 너무 좋암어요 그리고 방도 진짜 따뜻했네요 저렴하게 좋은 숙소에서 잘 쉬다 갑니다,1
567,깨끗하고 친절합니다,1
568,방도 넓고 깨끗하고 괜찮았어요 가끔 전주가는데 재방문의사 있습니다,1
569,진짜 호텔도 좋고 조식도 미리 얘기하면 주시고 콜라나 음료 등등 무제한이고 방도 깨끗하고 넓고 엄청 좋습니다 편히 쉬고싶으신분들 추천드리겠습니다 혁신에서는 가장 쾌적하고 좋은곳이지 않을까 싶은생각이 들정도 또 가고싶을정도입니다,1
