accommodation,긍정,부정,total,긍정_ratio,부정_ratio,중립,중립_ratio,긍정_예시,부정_예시,중립_예시
라한호텔 전주,249,35,284,87.7,12.3,0,0.0,"['총평 아름다운 한옥마을뷰를 자랑하는 전주 최고의 라한호텔 전주 위치 라한호텔 위치는 전주 한옥마을 전체를 볼 수 있는 한옥마을 한가운데 있으며 차량으로 전주역에서는 분 고속버스터미널에서는 분 거리에 있습니다 주차장은 지상과 지하 층으로 되어 있는데 지하 층으로 내려가니 주차하기 좋았습니다 룸 컨디션 시 분전에 도착을 하여 웨이팅 등록을 하고 나니 바로 체크인을 할 수가 있었습니다 숙박한 객실은 패밀리 트윈 한옥뷰 룸으로 약 평정도 되는 객실에 더블베드가 개 있으며 객실 바닥이 마루 바닥이라 좋았습니다 객실은 비교적 높은 고층으로 한옥뷰가 좋았으며 깔끔하고 조용 했습니다 부대시설 부대시설은 층과 층 지하 층에 있습니다 층엔 조식당 더플레이트와 북스토어카페 전주산책 그리고 웨딩홀이 있있었습니다 층엔 루프탑 야외수영장과 카페테리아 하녹당이 있고 지하 층엔 피트니스 사우나가 있었습니다 종합 달전에 여기어때 오픈런에 나온걸 보고 이번 벚꽃 여행은 전주로 선택 예약 했었습니다 오픈런 혜택으로 시티뷰에서 한옥뷰를 받았고 객실에서 바라 본 한옥뷰는 아름다웠습니다', '전주 라 한 호텔은 이번에 번째 방문인데 역시 만족했습니다 위치가 한옥마을 내에 있어서 진짜 좋습니다 주차해놓고 체크인하고 짐 던져놓고 나가서 걸어 다니면서 한옥마을 실컷 구경하고 먹고 놀다 들어오면 최고예요 호텔 옆에 편의점도 군데 있어서 그 부분도 만족스러워요 호텔 바닥이 마루라서 청결하고 청소도 깔끔하게 되어있었어요 침대 편해서 잠도 잘 잤습니다 한옥마을 뷰로 하고 뷰 보면서 구경하고 멍 때리는 것도 너무 좋아요 해 질 녘 풍경도 놓치지 말고 꼭 보세요 다양한 볼 수 있는 티브이라 볼 것이 풍족했습니다 다음 번 또 재방문 의사 있습니다']","['객실 온도조절이 안됨 더워서 이틀 동안 잠을 못 잤음 낮에는 최저 온도를 맞춰서 도 특히 새벽에는 도가 넘음 겨우 잠들었다가 너무 더워서 새벽 시에 확인해 보니 도 저온도 도저히 잘 수가 없어서 연락하면 바깥 온도가 도미 만일 때는 에어컨이 가동되지 않는다는 말만 하고 최소 실내 온도가 이상일 때는 에어컨이 작동되게 해주셔야지 고장 아니냐고 해도 아니라고만 함 다만 프런트 직원은 미안하다고 기계실에 말해도 안 해준다고 하심 프런트 직원분은 친절하십니다 매년 회 이상 방문하는데 작년만 해도 번 방문 이렇게 더워서 못 잔 적은 처음입니다 둘째 날 방을 바꿔주셨는데 침대가 좁아서 저희한테는 메리트가 전혀 없는 방인데 그래도 트리플룸보다는 시원했음 새벽에 더운 건 똑같네요 선풍기를 틀고 창을 열어도 너무 더움', '한옥 뷰 조식 짱짱']",
베스트웨스턴 플러스 전주 호텔,1086,312,1398,77.7,22.3,0,0.0,"['아들이랑 둘이서 축구보고와서 씻고 잠만잘거라 가성비좋은 베스트웨스턴플러스 호텔입니다 베스트웨스턴플러스호텔은 한옥마을객리단길이 도보로 분거리라 저녁에 식사겸 산책겸 걸어가기 딱 좋은 거리입니다 로비에 한옥스타일로 사진찍기좋은 인테리어라 첫인상이 참 좋아요 체크인 시 체크아웃 시 입니다 시 넘어서 도착체크인진행했는데 주차하는데 문제없었네요 아들이랑 편하게 잘려고 트윈룸으로 예약한걸 너무 만족했어요 전체적으로 깔끔합니다 어메니티 바디워시샴푸린스준비되어있고 나머지는 준비해서 가시거나 로비편의점에서 따로 판매하는거같아요 화장실이 넓지는 않지만 샤워부스로 분리되어있어 큰 불편없어요 커피포트간단한 티커피머그컵이 준비되어있어 편의점에서 컵라면도 야무지게 하나먹기 좋아요 책상이랑 스탠드도있어서 야식먹기에 활용하기 좋았어요 침대에 누워 편하게 보다가 하루 푹피로 풀기좋은 가성비접근성친절함깔끔함을 다 갖춘 넘버 숙소입니다 전주여행시 참고하세요 엘베가 대라 아침 체크아웃시간에 엘베타기 넘힘들어요층이라 계단이용했네요 볼륨이 최대치로해도 너무 작아요 조명이 살짝 어두운편이에요', '여기는 전주에서 자주 이용하고 있는 최고의 호텔 인정합니다 여러분들도 가성비 최고의 성급이 가진 여러 가지를 느끼시기를 기원하며 장점을 나열하도록 하겠습니다 주변의 관광지가 너무 많습니다 가성비 최고입니다 친절하신 대응이 최고입니다 너무 고맙습니다 수압이 너무너무 훌륭합니다 주차장 넓습니다 주변 맛집이 많습니다 외국인들의 관광객이 많아 이국적인 느낌을 느끼기에 최고입니다 다만 너무 많아 엘리베이터 대기시간이 조금 길지만 참을만합니다 주변의 소음이 없어 쉬기에 안성맞춤입니다 언제나 감사드립니다']","['한옥마을과 거리는 조금 되지만 그렇다고 걸어가기 어려운 거리는 아닙니다 조식이 포함된 방이었는데 깔끔하게 잘 준비되어 선택하길 잘한 것 같습니다 호텔 바로 근처에 편의점은 없고 조금 나가야 합니다 객실 청소나 청결 상태는 아주 양호했습니다 주차장도 널찍하니 언제든 쉽게 주차할 수 있습니다 다만 늦게 도착하면 지하 층까지 내려가야 할 수도 있습니다 체크인 때 직원분이 처리해 주시는 시간이 너무 길다는 생각이 들었습니다 욕실 깨끗하고 온수난방 등 좋습니다', '한옥마을에서 조금 먼 곳에 위치하여 뚜벅이 여행 시 어려움이 조금 있었습니다 그런 점을 제외하고 무척이나 마음에 드는 숙소였습니다 한 가지 단점을 뽑자면 처음 체크인하고 입실했을 때 화장실 청소 상태가 불량했습니다 이런 점을 제외하고는 너무 좋은 숙소였습니다 한옥마을에서 조금 먼 곳에 위치하여 뚜벅이 여행 시 어려움이 조금 있었습니다 그런 점을 제외하고 무척이나 마음에 드는 숙소였습니다 한 가지 단점을 뽑자면 처음 체크인하고 입실했을 때 화장실 청소 상태가 불량했습니다 이런 점을 제외하고는 너무 좋은 숙소였습니다']",
솔 호텔,253,53,306,82.7,17.3,0,0.0,"['침대 뒤로 창 나있는 게 따스해서 기분 좋았습니다 소파도 푹신하고 침대랑 소파 단차 있는 게 고급스러운 느낌이에요 화장실에 어메니티는 일회용 같은 튜브 형식이라 위생적일 거 같아서 좋았네요 그리고 세면대가 따로 있는데 그게 생각보다 편해서 좋아요 일어나서 가볍게 양치나 세수하기 좋더라고요 사우나 방이라 그런가 사우나 나무 향 은은하게 납니다 숙소 가면 항상 슬리퍼 신는데 여기는 샴푸린스 말고도 슬리퍼가 일회용이라 얇고 불편하더라고요 뭐 그럭저럭 신었습니다 조식은 프런트에 신청했는데 아침에 내려가니 사람 없어서 그냥 나왔습니다 대신 커피나 한 잔 뽑아서 마셨네요 로비에 커피 머신 있으니 커피 드세요 맛남요', '전주 출장으로 인해 처음 방문했습니다 여기저기 찾아보다가 평이 좋아서 방문하게 되었습니다 처 선택하게 된 계기는 미니 사우나가 있어서 선택했습니다 가격도 적당하고 미니 사우나 가 있기에 반신반의하며 방문했습니다 처음 도착하고 느낀 거는 너무나도 깔끔하고 청결했습니다 피곤한 상태여서 간단하게 샤워하고 미니 사우나를 했습니다 이게 정말 되는 건가 생각했는데 정말 생각한 것 이상으로 좋았습니다 제대로 땀을 빼고 푹신한 침대에서 바로 뻗어서 꿀잠을 잤습니다 다음에도 재방문 의사입니다']","['전주 한옥 마을 근처로 숙소를 찾다보니 신축이고 가격도 착해서 트윈 베드로 했어요 입소시 사진 촬영을 깜빡해서 퇴실시 사진을 부랴 부랴 촬영해서 처음 느낌은 아니지만 수건 개 대형 타올 개 세면도구 욕실타올 바스 샴푸린스 샤워 가운도 비치되어 있어요 냉장고는 진짜 작아요 생수 병 들어 있고 냉동고 없어요 여름이라 에어컨 없이 못사니 사우나가 있어도 틀어보지도 못했어요 겨울에 가면 좋을듯요 에어컨 냄새인지 뭔가 살짝 냄새가 나서 신랑이 에어컨 필터도 확인해 보고 했는데 필터도 깨끗해요 뭐가 문제인지 아무튼 저는 냄새가 나긴 했어요 그리고 주변에 편의점도 많고 식당도 많아요 모텔이랑 호텔도 많고 신랑이 여기 숙소들이 러브 호텔인거 같다며 저희는 아이랑 같이 왔는데 젊은이들이 많이 와야 하는 곳인가봐요 사진 촬영을 못했지만 아침 조식 서비스 햄에그 샌드위치도 맛있었어요 그리고 층 로비에 커피 머신기에 제빙기가 있어서 퇴실하면서 텀블러에 아이스 아메리카노 내려 왔는데 커피가 아주 맛나더라구요 전주 한옥마을도 분거리고 레일바이크 타는 곳도 코앞이라 좋았어요 여기는 연인이 가면 좋을 듯해요 잘 쉬다 갑니다', '청결과 시설은 마음에 들었습니다 하지만 조식과 관련된 정보를 프런트에 문의드렸는데 응대가 좀 불친절했네요 아쉬웠습니다']",
완주 스페이스셔틀 전주,12,0,12,100.0,0.0,0,0.0,"['기대 이상입니다 일단 결과부터 말씀드리자면 사장님 굉장히 친절하시고 객실 청결도 도 훌륭한 수준입니다 큰 기대 없이 개월 아기랑 가족여행 갔는데 생각보다 너무 좋았습니다 캠핑카를 개조한 것 같은데 일반 카라반에 비하면 정말 넓고 쾌적하고요 동에서 투숙했는데 방이 개인 구조였습니다 명씩 명까지 잘 수 있을 구 조더라고요 에어컨도 개 달려있고 아이가 있다 보니 객실 청소 상태도 유심히 보는 편인데 훌륭했습니다 개인 바비큐장이 바로 붙어 있어서 프라이빗하게 비비큐 즐길 수 있고요 그릴도 정말 좋더라고요 그리고 무엇보다 친절하신 사장님 덕에 정말 기분 좋게 쉬다 올 수 있었습니다 아 수영장도 널찍해서 아이랑 같이 물장구 좀 쳤습니다 재방문 의사 당연히 있고요 다음엔 박 이상으로 계획 잡고 와야겠습니다', '방이 두 개인 줄 알고 갔는데 거실에 소파침대가 방 하나의 개념이네요 오픈한 지 얼마 안 돼서 시설 자체는 깔끔해서 좋았어요 방안에 스타일러도 굳굳 바비큐 룸도 따로 분리되어 있고 안에 에어컨도 있어서 냄새나 더위 신경 안 쓰고 좋았습니다 블루투스 스피커 대여도 놀기에 좋았네요 다만 인 기준 조회했을 때 방이 나오길래 예약한 건데 이 기준이라 추가금이 발생합니다 참고하세요 일 인당 만 원이라 좀 비싼 거 같아요 커플 인분들에게 최고일 듯 전주 근교라 가깝고 시설도 좋아서 추천드려요']",,
전주 관광호텔,1158,592,1750,66.2,33.8,0,0.0,"['숙소가 깔끔하니 좋았어요 컨디션도 좋았구요 다만 모기가 두마리 있어서 밤새 뜯 그거말곤 편안히 잠도 잘자고 좋았습니다 주차장도 넓고 괜찮았어요 숙소가 깔끔하니 좋았어요 컨디션도 좋았구요 다만 모기가 두마리 있어서 밤새 뜯 그거말곤 편안히 잠도 잘자고 좋았습니다 다음에 또이용할게요 숙소가 깔끔하니 좋았어요 컨디션도 좋았구요 다만 모기가 두마리 있어서 밤새 뜯 그거말곤 편안히 잠도 잘자고 좋았습니다 주차장도 넓고 괜찮았어요 숙소가 깔끔하니 좋았어요 컨디션도 좋았구요 다만 모기가 두마리 있어서 밤새 뜯 그거말곤 편안히 잠도 잘자고 좋았습니다 다음에 또이용할게요 숙소가 깔끔하니 좋았어요 컨디션도 좋았구요 다만 모기가 두마리 있어서 밤새 뜯 그거말곤 편안히 잠도 잘자고 좋았습니다 주차장도 넓고 괜찮았어요 숙소가 깔끔하니 좋았어요 컨디션도 좋았구요 다만 모기가 두마리 있어서 밤새 뜯 그거말곤 편안히 잠도 잘자고 좋았습니다 다음에 또이용할게요 숙소가 깔끔하니 좋았어요 컨디션도 좋았구요 다만 모기가 두마리 있어서 밤새 뜯 그거말곤 편안히 잠도 잘자고 좋았습니다 주차장도 넓고 괜찮았어요 숙소가 깔끔하니 좋았어요 컨디션도 좋았구요 다만 모기가 두마리 있어서 밤새 뜯 그거말곤 편안히 잠도 잘자고 좋았습니다 다음에 또이용할게요 숙소가 깔끔하니 좋았어요 컨디션도 좋았구요 다만 모기가 두마리 있어서 밤새 뜯 그거말곤 편안히 잠도 잘자고 좋았습니다 주차장도 넓고 괜찮았어요 숙소가 깔끔하니 좋았어요 컨디션도 좋았구요 다만 모기가 두마리 있어서 밤새 뜯 그거말곤 편안히 잠도 잘자고 좋았습니다 다음에 또이용할게요 숙소가 깔끔하니 좋았어요 컨디션도 좋았구요 다만 모기가 두마리 있어서 밤새 뜯 그거말곤 편안히 잠도 잘자고 좋았습니다 주차장도 넓고 괜찮았어요 숙소가 깔끔하니 좋았어요 컨디션도 좋았구요 다만 모기가 두마리 있어서 밤새 뜯 그거말곤 편안히 잠도 잘자고 좋았습니다 다음에 또이용할게요 사장님 번창하시길 바랍니다 다음에 또이용할게요 사장님 번창하시길 바랍니다 다음에 또이용할게요 사장님 번창하시길 바랍니다 주차장도 넓고 괜찮았어요숙소가 깔끔하니 좋았어요 컨디션도 좋았구요 다만 모기가 두마리 있어서 밤새 뜯 그거말곤 편안히 잠도 잘자고 좋았습니다 주차장도 넓고 괜찮았어요숙소가 깔끔하니 좋았어요 컨디션도 좋았구요 다만 모기가 두마리 있어서 밤새 뜯 그거말곤 편안히 잠도 잘자고 좋았습니다 주차장도 넓고 괜찮았어요다음에 또이용할게요 사장님 번창하시길 바랍니다 다음에 또이용할게요 사장님 번창하시길 바랍니다 다음에 또이용할게요 사장님 번창하시길 바랍니다 다음에 또이용할게요 사장님 번창하시길 바랍니다 다음에 또이용할게요 사장님 번창하시길 바랍니다', '전주를 일 년에 몇 번씩 가지만 한옥마을 근처에 이렇게 숙소를 잡은 게 첨인듯하다 근처를 돌아다니다 한 번씩 본 거 같은데 시내랑 근처라 접근성이 너무 좋았다 특히 직원들의 친절함도 최고였다 콘센트가 짧아 에어컨이 애매했지만 직원이 올라와 신속 정확하게 슈슈슉 연결해 주는 센스 특히 숙박의 젤 중요한 먹거리 근접성 그리고 주차는 최상이었다 건물 뒤편에 대 이상 정도의 주차장과 건물 앞 도 대 정도의 주차라 널찍하게 주차할 수 있으며 맥줏집도 걸어서 분 안에 한옥마을도 그리고 시내 먹자골목도 모두 소화되기 때문에 완벽한 거리 편의성을 보여주었다 리셉션은 일찍 닫는 편이라 늦게 오시는 분들은 꼭 전화를 해서 소통하는 게 좋을 듯하다']","['가성비가 매우 좋은 숙소였습니다 수압도 적당하고 난방도 잘 돼서 푹 잘 수 있었습니다 침대가 엄청 넓은 게 가장 큰 메리트이지 않을까요 여유로운 크기라서 불편함 없이 잘 이용했어요 다만 세면대 아래로 물이 빠져서 순간 당황했어요 물론 이용하는 데에 부족함은 없었지만요 화장대라고 해야 하나 거기가 살짝 청소가 덜 되었다는 느낌은 들었습니다 서랍도 열어서 청소해 주시면 어떨까 싶어요 어차피 티브이를 보지는 않았지만 티브이가 거울을 가려서 조금 불편할 수 있을 듯합니다', '숙소 규모는 큰 편이네요 로비도 넓은 편이고 인테리어나 기타 시설들 불편한 점도 딱히 없고 주차장도 주차하기 괜찮은 편이며 전체적으로 가성비 훌륭한 호텔이네요 주변에 먹거리 등 번화가 쪽이어서 걸어나가면 구경거리도 많고 먹거리도 많고 위치도 좋아요 방 크기는 크지도 너무 작지도 않지만 침대 사이즈는 커서 숙면하는 데 도움이 되네요 침구류도 포근하고 개별난방이라 따뜻하고요 한 가지 아쉬운 건 청결은 전체적으로 깨끗했으나 침대 위 먼지 제거 등 디테일하게는 청소가 안 된 것 같아요 그리고 방음이 살짝 아쉽네요 옆방인지 말소리가 들려요 그래도 가성비를 따지면 괜찮은 호텔입니다']",
전주 노이 호텔,292,107,399,73.2,26.8,0,0.0,"['제가 정말 애정하는 호텔입니다 일 때문에 정말 많이 이용하고 있습니다 가격도 주변 대비 저렴한 편이고 정말 큰 티브이와 각 방마다 스타일러 있고 물이며 음료며 넉넉하게 구비되어 있습니다 특히 청소상태가 좋은 편입니다 화장실 청소상태가 항상 좋고 침대커버와 베개커버도 항상 매일 교체하는 거 같습니다 주차장은 협소한 편이라 근처 대로변이나 도보 분 거리에 공용 무료 주창에 주차하고 가시는 걸 추천드립니다 아니면 퇴실 일찍 하실 때 매우 힘드실 수 있어요 엄청 좁거든요 그 외 어 완벽한 곳입니다 만족스럽습니다', '우선 가장 인상 깊었던 점은 카운터 보시는 분이 굉장히 친절하셨습니다 그래서 차적으로 기분이 좋았고요 방에 들어갔는데 굉장히 산뜻해서 차적으로 기분이 좋았습니다 또 청결하기도 하고요 욕실에 샴푸랑 보디워시도 냄새가 좋았습니다 침대도 일반 모텔보다는 큰 거 같았습니다 방 크기랑 인테리어는 전체적으로 심플합니다 아 개인적으로 조명이 좋더라고요 주차에 관해서 말하자면 주차장 크기는 평범하다고 보시면 됩니다 다음에 또 재방문 의사 있습니다 좋네요']","['점수 기준 점최하 점수 점 아쉬운 점수 점이 아주 만족 주차 장점 서비스 친절도 점 객실 청결도 점 욕실 화장실 만족도점 물이 미지근하고 욕실 조명 어두움호 욕실용품 각종 어메니티 만족도점 침대 매트리스 만족도점 침구류 청결도 점 냉장 고점 방음점 냉 난 박점 티브이 크기점 각종 만족도점 컴퓨터 사용 만족도점 실내조명 만족도점 재방문의 사 점', '점수 기준 점최하 점수 점 아쉬운 점수 점이 아주 만족 주차 장점 서비스 친절도 점 객실 청결도 점 욕실 화장실 만족도점 욕실용품 각종 어메니티 만족도점 침대 매트리스 만족도점 침구류 청결도 점 냉장 고점 방음점 냉 난 박점 티브이 크기점 각종 만족도점 컴퓨터 사용 만족도점 실내조명 만족도점 재방문의 사 점']",
전주 더케이,237,57,294,80.6,19.4,0,0.0,"['가격 대비로 일단 정했는데 잘한듯합니다 일단 가시면 모텔 모텔이 있는데 두 군데 같이 운영을 합니다 그래서 카운터는 큐 모텔에서 받아야 합니다 주차장은 두 군데 다 써도 됩니다 될 때가 없으면 차를 대주 시기도 합니다 방은 깨끗합니다 티브이도 커요 넷플도 되고요 컴퓨터도 빨라요 침대 이불도 호텔식 두꺼운 거를 쓰시네요 욕조도 있어서 좋고요 냉장고에는 물 두 개 있네요 다른 음료는 없고 믹스커피는 안 보였어요 댓글처럼 물 수압이 세서 아팠어요 뜨거운 물 갑자기 나올 수 있으니 조심하세요 저는 다음도 이용할 겁니다', '출장 시 가끔 들리는 곳이에요 이모님이 친절하셔서 주 중 한두 번 이용하고 있어요 컴퓨터 스타일러 잘 작동되고 혼자 사용하는 데는 가성비로 봤을 때 괜찮은 곳이에요 다음에 또 이용할게요 출장 시 가끔 들리는 곳이에요 이모님이 친절하셔서 주 중 한두 번 이용하고 있어요 컴퓨터 스타일러 잘 작동되고 혼자 사용하는 데는 가성비로 봤을 때 괜찮은 곳이에요 다음에 또 이용할게요 출장 시 가끔 들리는 곳이에요 이모님이 친절하셔서 주 중 한두 번 이용하고 있어요 컴퓨터 스타일러 잘 작동되고 혼자 사용하는 데는 가성비로 봤을 때 괜찮은 곳이에요 다음에 또 이용할게요 출장 시 가끔 들리는 곳이에요 이모님이 친절하셔서 주 중 한두 번 이용하고 있어요 컴퓨터 스타일러 잘 작동되고 혼자 사용하는 데는 가성비로 봤을 때 괜찮은 곳이에요 다음에 또 이용할게요']","['오랜만에 저녁 먹고 케이 모텔에 들렸는데 변함없이 가격대도 유지해 주셔서 정말 감사합니다 칫솔이나 치약은 구비되어 있으며 물도 두 개 구비되어 있네요 근처 맥도날드나 먹자골목이 있어서 놀러 오신 분들은 케이 강추 드립니다 요즘 자주 가지 않아서 계속 방문해야겠네요 바로 앞에 씨유 편의점도 있어서 편의점 찾아다니는 고생하지 않아도 됩니다 그리고 무엇보다 스타일러가 준비되어 있어서 고기나 냄새 있는 음식 드시고 스타일러 이용하시면 될 것 같습니다 재방문할게요', '사진과 시설 동일하고 방도 넓고 침대도 커서 좋았어요 샤워시설도 수압이 아주 좋고 온수 콸콸 나와요 티브이 크고 고데기와 드라이기 어메니티도 있을 거 다 있어요 다만 청소한 지 얼마 안 됐는지 들어오자마자 화장실과 방에 락스 냄새가 진하게 났습니다 창문 열어 환기하고 시간 정도 되니 냄새에 좀 적응됐지만 여전히 냄새는 났어요']",
전주 라베 호텔,460,59,519,88.6,11.4,0,0.0,"['깔끔하고 푹신한 침대 금연 객실이라 더욱 믿음이 갑니다 하루 종일 일하고 샤워할 수 있는 욕실이 있어 좋고 하루의 피로를 한방에 날려보내면서 편안하게 쉴 수 있는 아늑한 공간이라 더욱 좋아요 바쁜 아침 출근 전 간단하게 커피와 신선한 제철 과일 먹고 기분 좋게 하루를 시작할 수 있어 더욱 행복함과 만족함이 두 배로 느껴지는 라베 호텔 좋아요 아쉬운 점은 늦게 입실하다 보니 주차장이 좁아서 조금 불편한 건 사실입니다 하지만 요즘 차가 늘어나는 추세라 이 부분은 우리 모두가 고민되고 생각해 보게 되는 부분이에요 정말 기쁨 편안함 두 배 라베호텐입니당', '전주 장기 출장 중이어서 전주 시내 여러 숙소를 이용 중인데 라베 호텔이 깨끗하고 시설이 좋은 것 같습니다 주차장이 좁은 게 아쉽지만 사장님께서 친절하게 안내해 주셔서 어려움 없이 이용 가능했습니다 리뷰가 높은 이유가 있네요 화장실 침구 등 객실 청결 전혀 문제없었고 방음 빵 온도 등도 전혀 문제없어 잘 쉬었다 갑니다 다음 주에도 출장 예정인데 다시 이용할 생각입니다 샴푸린스 보디워시도 일회용이어서 더 위생적으로 느껴졌습니다']","['재방문 의사입니다 요즘 조식이 더 알찬 구성으로 준비되어 있어 간단하게 즐길 수 있습니다 스타일러 공기 청정기가 기본이고요 생각해 보니 방음 시설도 잘되어 불편함을 느낀 적이 없는 것 깉습니다 간혹 위층에서 의자 끄는 소리가 들리기는 하지만 그건 숙박하는 손님이 조심해야 할듯합니다 이번 월에도 번 숙박했고요 앞으로도 전주 방문하면 될 수 있으면 라베를 이용할 생각입니다 주중 가격도 저렴해서 숙박 일 전에 미리 예약하시면 좋아요', '오랜만에 들린 곳 역시나 사람들 더 많고 괜찮았던 남자친구가 좋아함요 침대가 굳굳']",
전주 마리 덕진공원점,327,79,406,80.5,19.5,0,0.0,"['전북대학교 캠퍼스 옆 덕진공원 근처에 자리하고 있어요 주차장이 여유 있고 주변에 음식점 등 상가가 많아 편리한 곳이에요 복도를 지나 방에 들어가니 크기랑 시설이 괜찮았는데 담배 냄새가 나서 사장님께 연락드렸더니 친절하게 바로 오셔서 다른 방으로 바꿔 주시면서 이것저것 확인해 주셨고요 화장실과 욕실이 분리되어 있어 편리했고 방음도 잘되어 편하게 쉬었습니다 아침에 간단한 조식이 변동의 공간에 마련되어 있어서 이용 잘했습니다 조식 후 가까운 덕진 공원 산책으로 힐링하게 되어 좋은 숙소로 기억됩니다', '전주 삼천동 막걸리 골목에서 맛있는 식사를 하고 여기 어때를 통해 묵을 숙소를 찾던 중 특가 원에 사진으로도 훌륭한 방을 찾고 와이프와 하루를 묵었는데 아내도 대만족 저도 대만족입니다 방은 특실과 다름이 없었는데 배스 룸에 비데와 욕조가 있어서 더 감사했던 것 같습니다 늘 애용하는 여기 어때를 통해 매번 저렴하게 아주 좋은 평점의 숙소를 싼 가격이나 경제적인 비용으로 매번 이용하니 우리 일상의 아주 좋은 애플리케이션이라 여겨집니다 전주 마리 호텔 덕진공원점 감사하게 잘 이용했습니다 감사합니다 강추']","['이용객실호 위치 조금 나가면 전북대 위치라 먹거리 많음 시설 무료 시청 가능하다고 했는데 그 방은 누가 로그아웃 한 건지로는 안됐음 화장실과 욕실이 분리되어 있음 조식 코너에 토스트 시리얼 볶음밥 한강 라면 이 구비되어 있어 좋음 청결 바닥에 별도의 이물질 없으며 눈에 보이는 더러움 없음 주차 주차장이 있는데 그렇게 크지는 않으나 숙소 앞 길가에 주차 가능하여 어려움 없을 것으로 판단 전체적으로 만족할 수준 총점점', '골목길에 위치해 찾기는 좀 애매해요 네비 있음 상관없겠죠 시설도 좋고 깨끗한데 새벽에 옆에서 들리는 듯 문소리가 크게 들려 깜짝 놀랐네요 갑자기 온 거라 낯선 곳인데 소리 때문에 새벽에 나왔어요 방음 부분이 미흡한 듯 요']",
전주 마리 터미널점,1597,284,1881,84.9,15.1,0,0.0,"['객실 청결상태 매우 우수했고 침대가 아주 편해서 숙면을 취할 수 있었습니다 욕실도 물 때 하나 없이 깨끗하고 수건이 폭신폭신해서 기분 좋았어요 에어컨 작동도 정상이고 티브이 화질 좋고 냉장고 정리도 깔끔했어요 소음 없고 주차도 편리해서 좋았습니다 직원분들도 친절하고 응대가 빨라서 불편함 없이 지낼 수 있었습니다 전반적으로 만족스러운 숙박이었고 다음에도 다시 이용하고 싶다는 생각이 드네요 좋은 가격에 좋은 서비스까지 받아서 기분 좋게 머물렀습니다', '급하게 리뷰만 보고 잡은 숙소였는데 너무 만족합니다 전주에서 최고인듯합니다 룸은 조용하고 침대로 적당히 푹신했고 화장실도 청결했습니다 주차는 편하게 주차했고 도 엄청난 크기였습니다 주변에 먹을거리 많습니다 전일 갑오 전체적으로 호텔 관리나 서비스도 친절하시고 좋은 기분을 느낀 숙소입니감사합니다 담번에 재방문 하고 싶네요 전체적으로 호텔 관리나 서비스도 친절하시고 좋은 기분을 느낀 숙소입니']","['해당 지역 첫 방문해서 하루 자는 방 콘택트 중 우연히 찾게 된 숙소로 만족스러운 모텔이었습니다 물론 여기어 때로 예약해서 제공되는 쿠폰을 사용하여 보다 저렴하게 휴식을 취한 숙소이지만 불편하다고 느낄 점은 없었습니다 완벽한 컨디션의 숙소는 아니지만 모텔이 호텔도 아니고 완벽을 바라는 건 어리석은 생각으로 단순 휴식을 취해서 다음날 위해 하루 보내기엔 만족했습니다 숙소 위치 접근이 어렵지 않음 금액 만족 전국적 모텔 비용이 많이 비싸다 생각하지만 이번 금액은 적절함 친정도 사장 및 직원분의 대응이 친절함 객실 내 향 강한 디퓨저 냄새가 느꼈으나 담배 향을 가리기 위한 것인지 알 수 없지만 좀 더 객실 내 금연에 대한 관리 필요 침실 상태 보이는 부분은 정리 및 청소가 잘 되어있으나 침대 아래 책상 아랫부분은 좀 더 관리 필요 화장실 상태 물곰팡이는 크게 보이지 않게 잘 관리되어 있는 것으로 보이나 수전 노후상태 거울 물때 관리가 필요', '전주 시외버스터미널 근처에 있는 깔끔하고 깨끗한 숙소에요 근처 모텔 중 시설이나 서비스 면에서는 탑 급이에요 주차장도 넓어서 주차도 편하고 객실 상태도 청결하고 난방도 잘해줘요 욕실에는 입욕제도 있어서 피로 풀기도 딱이에요 스낵바에는 토스트 컵라면 시리얼 삶은 계란 음료수 등이 상시 비치돼 있어 굳이 외부 음식 조달 안 해도 될 정도예요 다만 아쉬운 점은 대실 마감 분전쯤에 퇴실 독촉 전화 주시는데 좀 불편하더라고요 입실 시간보다 미리 들어간 것도 아니고 숙박 입실 시간 가까워지니 그럴 수 있겠다 생각 들더라도 요즘 퇴실 준비하라고 미리 전화 주는 곳 묵은 적이 거의 없었는데 시간 오버한 것도 아니고 좀 불쾌했어요']",
전주 브라운도트 덕진점,183,48,231,79.2,20.8,0,0.0,"['따뜻하고 좋아요 특히 사장님이 너무 친절해요', '시설 좋은 곳 사용하려면 무조건 여기로 오는 것 같아요 무한 대실도 다음에 이용 예정입니다']","['관리 잘 되어있는 숙소입니다', '구웃두웃구웃']",
전주 브라운도트 아중지구점,334,45,379,88.1,11.9,0,0.0,"['전주의 조용한 밤을 닮은 호텔 브라운도트 아중지구점 낯선 도시의 밤이 낯설지 않게 느껴질 때 그건 아마 숙소가 마음에 쏙 들었을 때다 전주 브라운도트 아중지구점에서의 하룻밤은 그런 느낌이었다 차로 진입하면 눈에 띄는 모던한 외관 많이 꾸미지 않아도 단정하고 정돈된 분위기 입구에서부터 묵직한 차분함이 느껴졌다 로비는 고요한 음악과 함께 따뜻한 조명이 반겨주고 체크인을 도와주던 직원의 말투는 마치 오래된 전주의 카페 사장님처럼 부드러웠다 커피 한 잔을 손에 들고 객실로 향했다 객실은 편안하게 그리고 조용하게 방에 들어서자마자 아 오늘 잠 잘 자겠다 라는 말이 절로 나왔다 이불은 폭신했고 조명은 부드러웠으며 무엇보다 외부 소음 하나 없이 조용했다 바닥 가구 침구까지 깔끔하게 정돈된 룸 컨디션은 누군가가 정성껏 준비해둔 작은 쉼터 같았다 욕조가 있는 방을 선택한 덕분에 저녁엔 따뜻한 물에 몸을 담그고 넷플릭스 한 편을 틀어 두었다 여행이라는 말이 꼭 바쁘게 움직여야 한다면 나는 이제 그 정의를 바꾸고 싶다 가정의 달 전주 그리고 작은 쉼 가정의 달에 가족여행을 계획한다면 이런 조용한 호텔에서의 하루는 어쩌면 가장 큰 선물이 될지도 모른다 너무 유명하지도 너무 평범하지도 않은 딱 지금 이 순간에 필요한 균형감 있는 공간 나는 여기어때 앱에서 이곳을 발견했고 예약을 마치고 나서야 괜찮은 선택이었기를 하고 혼잣말을 했다 결과는 트립홀릭 리뷰에 남길 만큼 만족스러웠다 여행정보 스티커북 교통수단 전주역 로 도착 후 택시 약 분 시외버스터미널 대중교통도 이용 가능 자차 주차공간 넉넉하고 접근성 좋아요 숙소 꿀팁 욕조 있는 방 선택 하루가 다르게 회복됨 고층 객실 요청 밤 풍경 은근히 예쁨 조식은 없지만 근처 베이커리 천국 브런치 투어 추천 한줄 정리 전주 여행에서 하루쯤은 말없이 위로해주는 숙소가 필요하다면 이곳이 딱이다', '위치 전북 전주시 아중지구 덕진공원 인근 주차장 대 이상 로비 매우 친절 객실 청결 상태 매우 청결 넷플릭스 유튜브 티빙 냉장고 물 음료 커피 방 크기 매우 넓음 뷰 씨티뷰 먹을거리 분 내 많음 아쉬운 점 없음 재방문 의사 무조건 방문 조식 간편 조식 총평 출장 고객입니다 좋은 가격에 좋은 숙소 감사합니다 위생적으로 우수하여 매우 만족합니다 항상 지금처럼 유지할 수 있도록 관리 부탁드립니다 감사합니다']","['년째 출장 중입니다 출장하면서 안성맞춤입니다 다음에도 방문할 것 같습니다 주차시설 주차장 충분합니다 차량 주차 걱정 없습니다 맞은편 무료 공영주차장도 있습니다 친절 서비스 친절 합니다 청결 및 기타 시설 수압 잘 나오고 뜨거운 물 잘 나옵니다 냄새 없고 깨끗합니다 점호해도 됩니다 넷플릭스 되고 공기 청정기 됩니다 대형 있습니다 밤에 잘 때 모기가 없습니다 침대 깨끗하고 이불 깨끗합니다 베개 개 있습니다 일반 숙박시설 가서 침대에 누우면 간지러운데 여기는 그렇지 않습니다 위생이 청결된 느낌입니다 주위 먹거리 많이 있습니다 아구 뚝배기 식당이 있는데 속풀이 최고입니다 운동 및 산책 아중 호수가 있는데 산책로 하기 좋습니다 주위에 볼거리 있습니다 노트북 사용 가능합니다 콘센트 잘되어 있습니다 커피포트 있습니다 생수 개 있습니다 방음 소음 아주 조용합니다 창문 열면 차 소리 조금 납니다 조식 식빵 라면 등 있습니다', '이곳은정말 직원분때문에 간다고해도 과언이아닐정도로 인포에계신 친절하신 정장비슷하게 입으시는 야간에주로계시는 좀 슬림해보이시는 남자분 때문에 자주찾는곳이예요 솔직히예약하기정말힘들거든요 인기가아주많은곳이예요 왜냐면 저같이 직원분때문일수도 시설이일단 참좋고 위치가 아중리 번화가중심에있어요 솔가밑라인 조개꽃천지 맞은편이라서 어디든쉽게 다닐수있는 아주좋은 위치에 뷰자체가 답답하지않아서 창문으로보이는하늘이 참 모텔촌같은 느낌이없어 너무만족스러워요 총 박이상 이곳에서 숙박을 했었구요 따지고보면 일이상 이곳을애용했겠네요 객실청결도는 솔직히 예전만하진못해요 객실먼지가날리고 공청기주변에쓰레기도안치워지거나 화장실부분에머리카락도그대로있기도하고 그럼에도불구하고 인테리어적인부분이나 가격적인부분 위치적인요소들이 다른곳들대비뒤지지않기에 항상찾고애용하고 직원분이 너무친절하셔서 찾게됩니다 이렇게길게리뷰를쓰는일자체가없어요 근데꼭 이브라운도트는 그직원분한테 잘해주셔야할것같습니다 저같이느끼시는분이 정말많으실것같아요 항상웃는낯으로 고객응대한다는것이 쉬운일도아니고 고객한분한분지나가는객을 기억해준다는것도 쉬운일이아닐텐데 참 기억에남습니다 호텔급도있지만 굳이이곳을애용하는이유기도하고 시설적인부분 위치적인부분 가격적인부분 모두뒤지지않으니 더자주찾아야겠네요 이번주도얼른예약해야겠어요 저희는업무상주말에무조건내려오는데 이곳은꼭 저희주말집같으네요 객실컨디션만 더개선되면 점만점에 점줄것같아요 달걀감사히잘먹었습니다너무고마웠어요']",
전주 브라운도트 중화산동점,433,56,489,88.5,11.5,0,0.0,"['브라운 도트 호텔은 가장 선호하는 프랜차이즈 호텔 중 하나로 침대 매트리스가 매우 푹신해서 좋고 방이 넓은데 담배 냄새가 일절 나지 않은 게 너무 좋았습니다 냄새를 잡는데 신경을 많쓰는것 같고 직원들이 매우 친절했습니다 주차장도 넓고 번화가임에도 방음이 매우 잘 돼서 편히 쉴 수 있었습니다 가격도 출장 숙박 마지노선인 만원 언더로 형성해 주셔서 저렴한 가격에 좋은 호텔에서 편안한 밤이 되었는데 저렴한 방이어서 욕조가 없는 건 조금 아쉬웠습니다 일단 냄새가 안 나는 것만으로도 가격대만 맞으면 다시 방문할 생각입니다', '전주 출장으로 묵은 곳입니다 브라운 도트 호텔은 전국 체인점이라서 전국 어디를 가나 크게 나쁜 곳이 없었던 거 같네요 특히나 전주 중화산점 브라운 도트 호텔은 주차장이 제 주차장까지 넓게 잘 되어 있습니다 바로 앞에 편의점도 있고 주변에 식당이 많아서 저녁 아침 먹을 곳이 많습니다 그리고 조식도 간단하게 제공이 되고요 인근의 거래처 약속 잡기도 편리하고 좋습니다 룸 상태는 거의 전국에서 최고라고 할만하네요 출장을 자주 다녀서 숙소 청결도에 신경을 많이 쓰는 편인데 한 번도 불편했던 적이 없습니다']","['숙소가 맘에 들어 연박으로 예약했습니다 청소상태 양호함 먼지 없음 인테리어 깔끔한 편 방이 넓어서 좋음 침구류 침대 베개 모두 아주 깨끗하네요 주차공간 무난합니다 주변 먹거리 바로 앞은 아니고 조금만 걸어 나가면 맛집 많은듯해요 조식 직원 친절합니다 방음 주변 소음 무난합니다 기타 화장실도 깨끗하고 전체적으로 만족합니다 요즘 화재 이슈로 완강기 설치 상태도 확인했네요 전체적으로 아주 만족합니다', '주변 여러 곳 중 비교해 보고 예약했습니다 청소상태 양호함 먼지 없음 인테리어 깔끔한 편 방이 넓어서 좋음 침구류 침대 베개 모두 아주 깨끗하네요 주차공간 무난합니다 주변 먹거리 바로 앞은 아니고 조금만 걸어 나가면 맛집 많은듯해요 조식 직원 친절합니다 방음 주변 소음 무난합니다 기타 화장실도 깨끗하고 전체적으로 만족합니다 요즘 화재 이슈로 완강기 설치 상태도 확인했네요 전체적으로 아주 만족합니다']",
전주 브라이튼 호텔,428,58,486,88.1,11.9,0,0.0,"['전주 장기 출장 중이어서 전주 시내 여러 숙소를 이용 중인데 브라이턴이 깨끗하고 시설이 좋은 것 같습니다 주차장이 좁은 게 아쉽지만 사장님께서 친절하게 안내해 주셔서 어려움 없이 이용 가능했습니다 리뷰가 높은 이유가 있네요 화장실 침구 등 객실 청결 전혀 문제없었고 방음 빵 온도 등도 전혀 문제없어 잘 쉬었다 갑니다 아침 간단한 조식도 좋았습니다 다음 주에도 출장 예정인데 다시 이용할 생각입니다 주변에 편의점이나 식당도 가까이 있어 식사하기에도 문제없었습니다', '침대는 포근하면서도 탄탄한 매트리스로 구성되어 있어 하루의 피로를 말끔히 풀어줍니다 뽀송뽀송하고 부드러운 침구류는 마치 구름 위에 누운 듯한 편안함을 선사하며 청결하게 관리된 시트와 이불 덕분에 아늑하고 따뜻한 숙면을 도와줍니다 다양한 높이와 경도의 베개도 마련되어 있어 개인의 취향에 맞는 편안한 잠자리를 제공합니다 스타일러도 구비되어 있어 출장객들에게 특히 인기가 높습니다 냄새 제거와 주름 펴기에 탁월해 출장 중에도 깔끔한 옷차림을 유지할 수 있습니다 실제로 사용해 본 결과 다음날에도 상쾌한 옷을 입을 수 있어 매우 만족스러웠습니다']","['전주 출장 시 항상 잘 이용하고 있습니다 숙소 정할 때 화장실 침실 청결을 제일 중요하게 생각하는 편인데 리뷰가 좋은 이유가 있네요 전체적인 룸 컨디션이 좋았습니다 청결 방음 방 온도 등 잘 관리가 되고 있는 것 같아서 다음 출장 시에도 이용할 생각입니다 화장실 청결 상태 나쁘지 않았고 온수 변기 사용 등에도 문제없었습니다 특히 침구류와 화장실 청결이 가장 마음에 듭니다 주변 식당 편의점도 가까이 있어 식사나 야식 먹기에도 좋은 위치라고 생각됩니다', '전에도 반려동물 데리고 방문 이력 있고 이번이 예약하기 전에 혹시 몰라서 반려동물 동반 확인하고 확실하게 대답 듣고 간 거였는데 서비스가 좀 누가 봐도 해주기 싫은 사람들처럼 응대해서 아쉬웠습니다 당일에 방 업그레이드 여부도 마찬가지']",
전주 비지트 호텔,273,49,322,84.8,15.2,0,0.0,"['전주 덕진구에 위치한 비지트 호텔은 깔끔한 시설과 친절한 서비스로 호평받는 숙소입니다 객실은 청결하며 침구 상태도 우수하여 편안한 숙면을 제공합니다 특히 프리미엄 더블룸의 매트리스는 많은 이용객들이 만족감을 표현했습니다 호텔 직원들의 친절한 응대도 인상적이며 체크인부터 체크아웃까지 세심한 배려를 느낄 수 있습니다 위치는 전주 한옥마을에서 차량으로 약 분 거리에 있어 관광지 접근성이 좋습니다 다만 일부 객실의 방음이 완벽하지 않아 민감한 분들은 참고하시는 것이 좋겠습니다 전반적으로 가성비와 서비스 측면에서 만족스러운 숙소로 추천할 만합니다', '위치는 한옥마을에서 차로 약 분 정도 소요되었다 주차 공간이 넓지 않은데 사장님께 차 열쇠를 맡기니 알아서 주차하셨다 사장님이 참 친절하셔서 체크인부터 기분이 좋았어요 로비 엘리베이터 복도 모두 깔끔했어요 복도는 매우 잘 꾸며져 있었다 방이랑 화장실 모두 깔끔하고 처음 들어갔을 때 냄새도 좋았어요 화장실 샤워실 싱크대가 따로 있어서 외출 준비를 하기 좋았다 창문도 크고 앞에도 트여있어서 환기시키기 좋았어요 넷플릭스는 이미 로그인이 되어 있어서 로그인할 필요가 없었습니다']","['모텔보다 비지니스 호텔급이고 내국인 보다 외국인을 대상으로 숙박업을 하시는거 같다고 느꼈어요 대부분 콘센트 모습이 로 구성되어 있지만 이곳은 다양한 구성에 콘센트로 되어있어요 전반적인 분위기는 깔끔하고 잘 정리되어 있으면 요소에 차별화 통하여 고급화를 볼수있었어요 침대는 요즘 유행하는 중 매트리스에 토퍼를 추가한 형식으로 매우 푹신하고 부드러운 면시트를 사용하고 있었고 흰색에 깨끗하고 팽팽하게 유지되어 있었습니다 는 다양한 가 가능했고 적당한 크기에 매우 만족스러운 가전이 였고 화장실에 비대 역시 최신에 재품을 사용하고 있어 매우 만족 했습니다 화장지도 호텔 경우 비상에 경우를 위해서 개씩 비치하고 있고 세면대 샤워호스 역시 깔끔하고 심플하며 고급스러운 재품을 사용했습니다 전반적인 재품 기구 용품 냄새 조명 등 매우 만족스러운 숙박이였고 단점 한가지를 꼭 찾아야 한다면 샤워기를 사용중에 따뜻한 물이 미지근한 물을 왔다갔다 했는데 옆방에서 물을 사용하면 영향시 있는거 같은데 이부분이 조금 불편했습니다 개선해주세요', '호 묵었는데 샤워기 물이 새요 그리고 침대에서 샤워실이 보여서 친밀하지 않은 사람과 방문은 비추 그 외에는 전기장판도 있어서 추위타는 저에게도 좋아욥']",
전주 스마일,1766,482,2248,78.6,21.4,0,0.0,"['숙소가가 매우 깔끔하고 쾌적했습니다 담배 냄새 없이 상쾌한 공기가 느껴져서 더욱 만족스러웠어요 침구류도 청결했고 스타일러가 구비되어 있어 여행 중 옷 관리에 정말 유용했어요 어메니티도 다양하게 준비되어 있었고 직원분들도 친절했습니다 다음에도 재방문 의사 있어요 전체적으로 가격 대비 훌륭한 숙소였습니다 북대 근처라 놀 거리도 많고 위치도 좋아서 이동이 편리했어요 숙소 근처 편의점도 가까워서 필요한 물건을 쉽게 구할 수 있었고 조용한 분위기 덕분에 편안히 쉴 수 있었습니다', '테이블도 있어서 간단하게 저녁식사 겸 한잔하기 좋고 스타일러도 있고 화장실도 매우 크고 욕조도 엄청 크고 좋아요 필요한 것만 딱 있어서 아주 좋습니다 드라이기 고데기 있어서 머리하기 편하고 세면도구도 다 주셔서 아주 편리해요 자주 이용하는데 갈 때마다 쾌적하고 좋아요 침구도 편안하고 주차장도 매우 넓어서 주차 걱정 없습니다 저렴한 가격에 편히 쉬다 오기 좋아요 아 배터리 충전기는 없어서 챙겨야 해요 아니면 카운터에서 빌려주시는 것 같았어요 수건도 개 주십니다 감사합니다']","['이용객실호 위치 인근 먹거리가 없으며 도보거리 전북대 쪽 이동하면 먹거리 많음 시설 각종 자동 로그인돼서 무료 시청 가능하고 기타 시설 사용하는데 아무 문제 없음 하지만 좀 노후되어 보이는 감이 있음 청결 시설이 좀 노후된 부분이 없지 않아서 잘 안 보임 주차 주차장이 넓고 바로 옆 이면 도로 주차 가능해서 주차에 어려움 없을 것으로 판단 개선이 필요한 점 전체적으로 만족할 수준 총점점', '오늘은 이불 상태가 별로였어요 모르겠어요 화장실은 깨끗했는데 이불 상태가 별로였어요 가자마자 바로 보여서 오늘은 이불 상태가 별로였어요 모르겠어요 화장실은 깨끗했는데 이불 상태가 별로였어요 가자마자 바로 보여서 오늘은 이불 상태가 별로였어요 모르겠어요 화장실은 깨끗했는데 이불 상태가 별로였어요 가자마자 바로 보여서 오늘은 이불 상태가 별로였어요 모르겠어요 화장실은 깨끗했는데 이불 상태가 별로였어요 가자마자 바로 보여서']",
전주 스타 호텔,190,37,227,83.7,16.3,0,0.0,"['김제나 군산 부안 쪽 출장 시 항상 이용하고 있습니다 일 단 객실이 넓어서 좋고 텔레비전도 잘 나오고 욕조도 있어 서 피로 풀고 편하게 숙박하기에 좋습니다 객실 청소상태 도 훌륭한 편이며 침구류 또한 깔끔하고 포근해서 만족 시 럽습니다 사장님께서도 친절하시고 무엇보다 주변이 조 용해서 소음공해 없이 편히 자기에 좋습니다 택시 타고 번 화가 가기에도 좋습니다 주차장도 드라이비에 텔은 실 주 차라 편하게 주차 가능합니다 전반적으로 가격 대비 훌륭하며 만족스럽습니다', '출장 와서 어제도 이용하고 오늘도 이용 중입니다 일찍 예약해서 쿠폰으로 저렴한 가격으로 이용 중입니다 청소상태도 양호하고 시설도 만족합니다 주변에 식당도 않고 편의점 마트도 가까이 있어서 이용하기 편리하고 좋습니다 방에 조명도 밝은 편이라서 지내기 좋고 컴퓨터도 작동이 잘되고 게임도 할 수 있어서 좋고 방에 작은 테이블도 있어서 편리하고 티브이도 크기가 적당합니다 온수도 수압이 좋게 잘 나오고 단 불편한 점은 넷플릭스가 컴퓨터와 연동된 점과 화장실 비데가 없는 점 정도예요']","['다시 방문해도 여전히 깔끔해서 좋았지만 이번엔 담배 냄새 같은 게 온전히 다 빠지지 못한 그런 냄새가 나서 아쉬웠어요 담배 냄새가 아닐 수도 있겠다는 생각에 그냥 이용하긴 했지만 하룻밤 자는 거라면 호실 변경을 요청했을 것 같아요', '숙소가 따뜻하고 깔끔한 인테리어라 좋아요 다만 화장실 샤워기 벽면에 코딱지인지 정체 모를 게 튀어있어서 아쉬웠어요']",
전주 시그니처 호텔,83,25,108,76.9,23.1,0,0.0,"['가성비가 좋은 전주역 앞의 호텔입니다 골프존 스크린 골프도 건물에 있으며 전주에 출장 오면 자주 이용하고 있습니다 방도 문제없이 이용 가능하며 직원들의 친절하신 대응이 성급 호텔 못지않은 대응이 불편함이 없으니 모두들에게 가성비 좋은 이 호텔을 강추 드립니다 주변도 조용하고 주차장은 입구는 다소 좁아 조심해야 하나 넉넉한 주차공간은 주차를 신경 쓰시는 분들에게 최적입니다 입구는 조심해서 들어오세요 방에 전자레인지 가 있으니 너무너무 편합니다 전주역 앞이라 열차 이용도 특화되어있습니다 앞으로도 잘 부탁드립니다 감사드립니다', '위치 전북 전주시 전주역 인근 주차장 대 이상 로비 매우 친절 객실 청결 상태 매우 청결 넷플릭스 유튜브 등 냉장고 물 음료 커피 방 크기 매우 넓음 뷰 씨티뷰 먹을거리 분 내 많음 아쉬운 점 없음 재방문 의사 무조건 방문 조식 한식 총평 출장 고객입니다 좋은 가격에 좋은 숙소 감사합니다 위생적으로 우수하여 매우 만족합니다 항상 지금처럼 유지할 수 있도록 관리 부탁드립니다 감사합니다']","['큰 옷장 스타일러 전자레인지 미니 냉장고 싱크대 하이라이트 세탁기 있어요 그러나 종이컵 두 개 외 그릇이나 어떠한 집기류는 없고 보디워시 샴푸린스 작은 비누 있어요 치약 칫솔만 있으면 됩니다 침대 시트 포함 청결상태는 깨끗한 편이나 바닥은 만족스럽지 못했어요 베게 네 개 중 한 개 커버는 가운데가 찢어지고 지나치게 노래요 콘셉트가 콘도인지 비즈니스텔인지 좀 헷갈려요 침대 옆 협탁이 없어 불편했고 샤워부스가 지나치게 좁아요 헤어드라이어는 바람이 세서 만족입니다 침대 쿠션은 만족해요 조식 메뉴는 좋았는데 천장 에어컨이 너무 강해서 음식이 금방 식었어요 메뉴는 나쁘지 않았는데 따뜻한 음식을 못 먹어서 아쉬웠습니다 평일 가격이 적당하다면 이 호텔을 추천합니다', '두 번째 방문이며 이 번에는 온돌방에 묶었습니다 여전히 먼지 하나 안 보이며 깨끗한 청결상태에 만족했습니다 온돌방이 베드 룸 보다 작다는 느낌이 들었으며 욕실에 욕조가 없어 살짝 아쉬웠습니다 객실 내 전자레인지 전기포트 등 편의 시설이 구비되어 있어 햇반이나 컵라면 등 간단하게 조리해 먹기 편리합니다 세탁기도 있지만 세탁세제 주방 세제는 없더라고요 스타일러는 외식 후 냄새 제거뿐만 아니라 뽀송한 느낌이 좋아 머무는 내내 애용했습니다 바로 뒤편에 당산이라고 한 시간 정도 산책하기 적당한 장소가 있으며 요즘같이 좋은 날씨에 딱입니다 단점을 꼽자면 턱없이 부족한 주차공간입니다 저녁 이후에는 경사로까지 주차되어 있으며 바로 옆 웨딩홀 주차타워에 주차 가능하지만 퇴실 후 짐이 많은 경우 불편하겠더라고요']",
전주 씨투,129,60,189,68.3,31.7,0,0.0,"['최근에 이용한 모텔인데 생각보다 훨씬 깔끔하고 편했어요 방에 들어가자마자 냄새도 안 나고 청소도 잘 되어 있어서 기분이 엄청 좋더라고요 카펫도 깔려있고 침대도 푹신하고 이불도 포근해서 푹 잘 잤습니다 욕실이 넓고 물도 따뜻하게 잘 나와서 샤워하는 데 불편함 없었고 웬만한 필요한 건 다 준비돼 있었어요 그리고 주변이 생각보다 조용해서 쉬기 좋았고 위치도 좋아서 이동하기 편했어요 엄청 가깝고 정말 가성비도 좋아서 다음에 또 이용할 의향 있어요 완전 만족 대만족입니다', '여기 어때 앱을 통해 잠시 쉬어갈 곳을 찾다가 전주 세투 호텔을 발견하여 예약 후 시간에 맞춰 입실하였습니다 입실 과정에서 친절하게 안내를 해주셔서 기분 좋게 입실을 할 수 있었고 입실하니 방 안 온도도 적절하게 설정되어 있었고 룸 컨디션도 좋아 예약한 시간 동안 편안한 시간을 보낸 후 퇴실할 수 있었습니다 갑작스럽게 예약한 후 방문한 숙소였는데 쾌적하고 편안한 환경 속에서 아주 만족스러운 시간을 보내고 나온 것 같다는 생각이 들어서 추후에도 재방문 의사가 있습니다']","['위치와 편의성은 만족 욕조 위생은 개선 필요 층 객실에 숙박했습니다 숙소는 신시가지 중심에 위치해 있어 주변에 즐길 거리와 먹거리가 다양해 이동이 매우 편리했습니다 특히 넓은 주차장이 마련되어 있어 차량 이용 시에도 불편함이 없었습니다 객실 내에는 넷플릭스 시청이 가능했고 에어컨도 시원하게 잘 작동하여 쾌적한 환경에서 지낼 수 있었습니다 생수 두 병이 비치되어 있었고 로비에는 자유롭게 이용 가능한 생수도 제공되어 세심한 배려가 느껴졌습니다 다만 욕조 위생 상태는 아쉬움이 컸습니다 욕조에 눈에 띄는 이물질이 다수 부착되어 있어 사용이 어려울 정도였고 전반적으로 청소가 제대로 이루어지지 않은 것으로 보였습니다 욕조 사용을 고려하신다면 참고하시는 것이 좋겠습니다', '스탠더드 선택했어요 주차장은 넓어서 좋았어요 급하게 그나마 싼 곳 잡은 건데 밑에 클럽이 있어서 좀 시끄러웠지만 많이 피곤해서 잠드는데 방해되진 안 있지만 새벽에 한번 깼었고 화장실에 문이 없네요 싼 맛에 출장 오는 사람들은 괜찮지만 쉬러 가시는 분들은 아쉬울 거 같아요 급하게 그나마 싼 곳 잡은 건데 밑에 클럽이 있어서 좀 시끄러웠지만 많이 피곤해서 잠드는데 방해되진 안 있지만 새벽에 한번 깼었고 화장실에 문이 없네요 싼 맛에 출장 오는 사람들은 괜찮지만 쉬러 가시는 분들은 아쉬울 거 같아요']",
전주 아늑료칸호텔 전주점,23,4,27,85.2,14.8,0,0.0,"['비가 오는 전주 여행이라 도보여행으로 예약해서 문의하니 자체적인 주차장 이외에 코너만 돌면 유료주차장으로 안내를 해주셨습니다 차량번호 알려드리고 이용객은 무료로 이용 가능한 넓은 주차장이 있다는 게 큰 장점이었어요 들어가자마자 스타일러가 있어서 너무 좋았고 무엇보다 침대 배게 다른 종류 가지는 정말 세심하다고 느꼈습니다 욕조 앞 빔 프로젝터로 분위기도 좋아지고 아늑해서 방 이름 그대로 화기애애한 것 같습니다 조금 아쉬운 점은 화장실 하수구에서 점점 냄새가 올라와서 아침에도 지속되었다는 점 제외하면 너무 완벽한 숙소였습니다', '사우나 호 예약했어요 퇴실도 전에 리뷰를 남기네요 마이산 가는 겸 전주 다시 와볼 겸 겸사 겸사해서 급 검색하고 예약해서 와 본 숙소네요 첫인상은 일단 깔끔 정갈한 느낌이라 좋았습니다 주차장 넓고 깔끔하게 보유중이더라구요 어메니티는 별도로 원에 판매중이에요 객실 내부 들어서면 좋은 맘이 편해지는 은은한 향이 나서 더 좋았어요 객실 전체 금연이고 이용하는 분들은 다른 분들 위해서도 지켜주시는 게 좋겠죠 도착해서 지쳐서 침대에 누웠는데 베개가 메모리폼 경추 베개라니요신선하고 사장님 센스 보통 아니시다 싶었어요 다앙한 숙소를 접해봤지만 샤워기에 대한 아쉬움 수압에 대한 아쉬움이 있었는데 여긴 수압도 좋고 샤워기 너무 야무지고 튼튼해서 맘에 들더라구요 건식 사우나도 신박하면서 가볍게 즐기기 좋았습니다 겨울에는 더 괜찮을 거 같더라구요 샴푸 린스 바디워시 토너 로션은 비치되어 있었어요 내부가 아담한데 좌식 테이블이 준비되어 있는 센스도 좋았어요 리뷰 적으려고 이리저리 보다가 월에 오픈한 신상 숙소인 것도 지금 알았어요 결론 생각보다 만족스러워요 사우나 내부 화로 부분도 한번씩 청결을 위해 신경써주시면 좋겠다 정도 이구요 숙소 머물면서 사장님의 센스와 야무짐을 느꼈습니다 다른 이용하시는 분들도 매너 있게 잘 이용하길 바라며 오래도록 좋은 컨디션 유지하는 전주의 숙소가 되길 바라는 맘으로 리뷰적어봐요 담에 전주오면 예약하고 싶어지는 숙소가 생겨서 좋아요']","['료칸에서 힐링 제대로 하고 갑니다 일단 객실이 보통 모텔은 바닥이 찝찝해서 슬리퍼를 신고 돌아다니고 뭔가 외부 바닥 같아서 편한 느낌이 덜한데 여긴 아주 뽀송하고 부드러운 장판에 적정온도를 맞춰 놓으셔서 진짜 집 같은 편안함이 있어요 그리고 침대에도 신경을 많이 쓰신 것 같은 게 베개가 약간 딱딱한 목을 받쳐주는 그런 종류가 있고 또 부드러운 베개도 있어서 원하는 베개로 이용하면 되는 게 너무 센스 있는 부분이었던 것 같아요 잠도 완전 꿀잠 잤어요 진짜 침구류 좋은 거 쓰시는 듯 오설록 차도 녹차 진짜 맛있던데요 찻잔에 담아 호로록 마시니 피로가 싹 풀리는 느낌 아주 약간 아쉬운 점이라면 수건에서 나는 락스 냄새 정도 그래도 막 뻣뻣한 재질은 아니라 괜찮았어요 밖의 소음도 차단이 잘 안되긴 합니다', '방이 정말 일본에 온 것 같은 기분이 들게 했습니다 가본 적은 없지만요 다른 모텔보다 침대 정말 아주 마음에 들었습니다 너무 편안하고 베개도 어떤 베게인지는 모르지만 다른 곳과 다르고요 서비스도 아주 친절하셨고요 또 지하에는 따러 금액을 내서 스파를 즐길 수도 있더군요 가장 중요한 방음도 아주 좋았습니다 다만 조금 아쉬운 건 먼지들이 조금씩 날아다닌다는 점이 아쉬웠습니다 그 외에는 굳입니다']",
전주 아늑호텔,883,80,963,91.7,8.3,0,0.0,"['업무상 전국적으로 출장을 많이 다니 편이라서 잠자리를 매우 중요시 여기는 편입니다 이번에는 영천에 출장이 잡혀 주변 숙박을 검색했는데 맘에 드는 곳이 없어 여기로 예약을 했네요 가성비 최고입니다 우선 주차장 넘어서 주차에 어려움 없었고요 사장님 매우 친절하십니다 간단한 조식도 있어 먹을 수 있고요 내부 시설도 매우 청결하고 만족했습니다 무엇보다 티브이 크기도 적당하고 넷플릭스는 못 봤네요 미리 공지 부탁드립니다 그래도 근처 출장 있을 시 계속 방문할 듯합니다 같이 간 직원들도 괜찮다고 하네요', '어기어 때 리뷰 객실 넓고 깨끗하고 조용합니다 주차장 넓고 주변에 주차 가능합니다 방 춥지 않고 따뜻합니다 출장 와서 이용했는데 다음에도 이용하면 좋을 것 같습니다 가격 대비 시설 좋고 나름 저렴한 가격이라 가성비 좋습니다 티브이나 헤어드라이 등등 가전제품도 문제없이 다 잘됩니다 기본적인 어메니티 잘 구비되어 있고 수건도 충분합니다 침구류나 다른 물건도 깨끗합니다 주변에 조금 나가면 식당이나 편의점 있어서 식사하기도 불편하지 않습니다 여행이나 출장에 이용하면 좋을 것 같습니다 추천합니다']","['개성이 매우 강한 인테리어와 젊은 감각이 높은 디자인에 건물 형태로 구성되어 있어 눈으로 즐기는 재미가 있는 숙박시설입니다 층 로비에 다양한 놀 거리가 있는 거 같은데 인 숙박이라 사용은 못 했지만 커플 친구 파티 등에 목적으로 숙박하는 경우 즐거운 시간을 보낼 수 있는 장점이 있습니다 시설도 깨끗하게 유지되고 있고 본 건물에 주차가 부족하나 건물 앞에 주차공간이 있어 특별히 주차 문제는 없습니다 만약 주차 공간이 부족하다면 주변에 무료 공용 주차장이 있어 사용하시면 됩니다 호텔과 유사하게 운영되고 있고 안전 관련 용품들도 매우 우수하게 준비되어 있어 신용도에 매우 높은 점수를 드립니다 혹시 커플 또는 파티 등을 원하시면 강력하게 추천드립니다', '전반적으로 객실 상태와 화장실이 깨끗하고 넷플릭스 유튜브 등 종을 대형으로 볼 수 있어요 전반적으로 객실 상태와 화장실이 깨끗하고 넷플릭스 유튜브 등 종을 대형으로 볼 수 있어요 전반적으로 객실 상태와 화장실이 깨끗하고 넷플릭스 유튜브 등 종을 대형으로 볼 수 있어요 전반적으로 객실 상태와 화장실이 깨끗하고 넷플릭스 유튜브 등 종을 대형으로 볼 수 있어요 전반적으로 객실 상태와 화장실이 깨끗하고 넷플릭스 유튜브 등 종을 대형으로 볼 수 있어요']",
전주 에이치에비뉴,716,73,789,90.7,9.3,0,0.0,"['그곳엔 조용한 아침과 푹신한 밤이 있었다 전주 에이치에비뉴 호텔 낯선 도시에 도착해 가장 먼저 찾게 되는 건 생각보다 멋진 맛집도 유명한 관광지도 아니다 묵을 곳이다 오늘 하루 내가 쉴 수 있는 공간은 어떨까 그 질문 하나에 마음이 오락가락할 때 전주 에이치에비뉴 호텔은 조용히 문을 열고 나를 맞아주었다 로비는 언제나처럼 소란스럽지 않았다 간결한 톤과 따뜻한 조명 마치 오래된 책 표지처럼 안정감 있는 분위기 엘리베이터를 타고 객실로 향하는 동안 이 도시와 나 사이의 어색함이 조금씩 사라져갔다 방 안 이불 속 그리고 아무 말도 없는 위로 문을 열자마자 느껴진 건 정돈된 공기 적당한 온도 무겁지 않은 향기 그리고 눈길을 끈 건 폭신하고 도톰한 침구였다 마치 포옹하듯 몸을 감싸는 이불은 긴 하루를 마친 여행자에게 아무 말 없이 괜찮아 쉬어라고 속삭이는 것 같았다 그날 밤 불을 끄고 누운 침대 위에서 이 도시의 소음은 희미해졌고 내 마음도 덩달아 가라앉았다 걷는 시간마저 특별해지는 산책로 다음 날 아침 햇살이 커튼 사이로 조심스럽게 스며드는 걸 느끼고 자연스레 운동화를 꺼내 들었다 그 길은 생각보다 훨씬 조용했고 아침의 공기는 맑았으며 걷는 내내 이상하게 마음이 맑아졌다 무언가를 목적지로 삼기보다 그저 걸으려고 걸은 시간 그게 그렇게 소중하게 느껴질 줄 몰랐다 한줄 정리 전주의 조용한 감성을 꼭 닮은 호텔 에이치에비뉴에서 쉼을 배웠다 이곳을 다시 찾고 싶은 이유들 이불 속에 파묻히는 그 순간의 포근함 낯선 도시의 아침을 열어준 산책로 정갈하고 조용한 객실 관광객보다 여행자에게 어울리는 공간 말 많은 여행보다 말 없는 하루가 필요할 때 전주 에이치에비뉴 같은 곳이 있다는 건 참 다행이다 가끔은 그냥 푹 자고 조용히 걷는 여행이 더 오래 기억에 남는다', '방은 아늑하고 창이 크게 있어서 답답하지 않고 방 안에서 담배 냄새나 특유의 냄새가 안 나고 청결하고 깔끔해요 침대 컨디션이 정말 좋아요 적당히 쿠션이 있어서 잠도 잘 잤어요 침구류도 깔끔하고 깨끗해서 기분 좋게 잤네요 쿠션 좋은 침대에 넷플 디즈니 등등 가 다 나와서 화면 큰 티브이로 보고 싶었던 드라마 정주행해서 다 봤어요 욕실도 크고 수압도 적당해서 샤워할 때 기분 좋게 사용할 수 있어요 거기에 드라이기와 고데기까지 있어서 머리 손질이 용이하네요 제일 맘에 드는 게 스낵바가 있어서 밤에 야식으로 라면이랑 토스트 등도 먹을 수 있고 근처에 편의점도 있어서 편리해요 배달도 잘 오고 조금만 나가면 식당 술집들도 많고 근거리에 한옥마을 전주역 등이 있어서 이동이나 볼거리도 많네요']","['장점 아이가 있다면 강추층 침대 로망을 실현시켜줄 기회 엄청 좋아함 침대도 꽤 넓고 전기장판 다 깔림 전반적으로 청결 라면 맛집 온돌방만큼 아주 따뜻 화장실도 청결 남부시장 야시장까지 분 정도에 도착 단점 최대인이라 비싼 편단 방 조절 불가한 듯 메인방은 더워서 에어컨 켜고 점층 침대 쪽은 외풍으로 등은 따시고 공기는 참 모텔 개조한 곳이라 소음에 취약 새벽까지 위층 소음의 자와 테이블이 있어 음식 먹기 편리 아이는 여행 중 가장 좋았던 것으로 층 침대 틀 꼽았으니 만족합니다', '몇 주 내내 너무 추웠는데 바닥이 후끈후끈 너무 편안하고 따뜻하게 잘 잤어요 주차장이 넓지만 쓰인 체크인 시간보다 늦게 체크인하면 자리가 없을 수도 있다는 점과 침대 맛집이지만 방문할 때마다 이불이 얼룩 덜 룩 했다는 점 수건에 세월의 흔적이 많아서 예민한 사람은 개인용 수건을 챙겨야 할 것 같은 아쉬운 점도 있었습니다 몇 주 내내 너무 추웠는데 바닥이 후끈후끈 너무 편안하고 따뜻하게 잘 잤어요 주차장이 넓지만 쓰인 체크인 시간보다 늦게 체크인하면 자리가 없을 수도 있다는 점과 침대 맛집이지만 방문할 때마다 이불이 얼룩 덜 룩 했다는 점 수건에 세월의 흔적이 많아서 예민한 사람은 개인용 수건을 챙겨야 할 것 같은 아쉬운 점도 있었습니다']",
전주 에이치에비뉴 덕진점,127,17,144,88.2,11.8,0,0.0,"['주변 여러 곳 중 비교해 보고 예약했습니다 청소상태 양호함 먼지 없음 인테리어 깔끔한 편 방이 넓어서 좋음 침구류 침대 베개 모두 아주 깨끗하네요 주차공간 주차장이 넓어서 무난합니다 주변 먹거리 차 타고 조금 나가면 유명한 콩나물국밥집 있어서 맛있게 먹고 왔어요 조식 조식도 있어요 안 먹어봤지만 직원 친절합니다 방음 주변 소음 조용하고 편안합니다 기타 스타일러도 있고 앞에 공원 있어서 좋습니다 전체적으로 아주 만족합니다', '출장으로 지친 몸과 마음을 충분히 녹일 수 있었던 정말 만족스러운 숙소였습니다 조용하고 쾌적한 환경 덕분에 편하게 쉴 수 있었고 화장실도 매우 깨끗해서 사용하면서 기분이 좋았습니다 침대도 푹신하고 포근해서 피로가 싹 풀리는 느낌이었어요 바닥 역시 먼지 하나 없이 깔끔하게 관리되어 있어 위생적으로도 안심이 되었습니다 무엇보다 직원분들이 친절하게 응대해 주셔서 전반적인 인상이 더욱 좋았어요 다음에 이 근처에 다시 올 일이 있다면 꼭 다시 방문하겠습니다 감사합니다']","['전주 출장 방문해서 주변 여러 곳 중 비교해 보고 예약했습니다 청소상태 양호함 먼지 없음 인테리어 깔끔한 편 방이 넓어서 좋음 침구류 침대 베개 모두 아주 깨끗하네요 주차공간 지상 주차장이고 무난합니다 주변 먹거리 주변 분 정도 나가면 식당 좀 있으면 많지 않음 조식 유료 있음 직원 친절합니다 방음 주변 소음 무난합니다 기타 욕조도 깨끗하고 전체적으로 만족합니다 요즘 화재 이슈로 완강기 설치 상태도 확인했네요 전체적으로 아주 만족합니다', '주변 여러 곳 중 비교해 보고 예약했습니다 청소상태 양호함 먼지 없음 인테리어 깔끔한 편 방이 넓어서 좋음 침구류 침대 베개 모두 아주 깨끗하네요 시몬스침대 주차공간 지상 주차장이고 무난합니다 주변 먹거리 바로 근처는 아니고 걸어서 분 정도 나가면 맛집 많은듯해요 조식 용 안 함 직원 친절합니다 방음 주변 소음 무난합니다 기타 욕조도 깨끗하고 전체적으로 만족합니다 요즘 화재 이슈로 완강기 설치 상태도 확인했네요 전체적으로 아주 만족합니다']",
전주 와이케이,1031,182,1213,85.0,15.0,0,0.0,"['가장 좋았던 점은 주변에 맛집이 무척 많았다는 것입니다 입실 전과 퇴실 후에 먹을 수 있는 게 많았고 배달까지 완벽한 곳이었습니다 침실이나 침구 위상상태도 좋았고 욕실 물기도 없이 깔끔했습니다 얼룩이나 머리카락도 눈에 띄지 않았고 담배 냄새도 딱 헤 나지 않았던 것 같습니다 공원과도 가까워서 저녁에 밥 먹고 산책하기도 좋았고 수건에서도 찝찝한 냄새가 나지 않아서 좋았습니다 실내 온도도 따뜻하고 침구류 상태도 상당히 괜찮아 오요 종합적으로 매우 만족햤으면 이 근처에 갈 일이 있으면 재이용할 생각입니다', '너무너무 좋아요 사장님도 친절하시고 금연 룸이 아예 따로 있어서 좋았습니다 전주에서는 여기만 갑니다 터미널 근처는 일반 대실이 시간도 많은데 여긴 최소 시간입니다 전북대에 위치해있어 먹을 거도 뮤지 많습니다 무조건 여기만 갈 거에 용 너무너무 좋아요 사장님도 친절하시고 금연 룸이 아예 따로 있어서 좋았습니다 전주에서는 여기만 갑니다 터미널 근처는 일반 대실이 시간도 많은데 여긴 최소 시간입니다 전북대에 위치해있어 먹을 거도 뮤지 많습니다 무조건 여기만 갈 거에 용']","['건물 내 지하주차장이 있어서 주차하기에 편하고 전북대 상권에 숙소가 위치해 있어서 배달 주문이나 근처 가게에서 포장 혹은 나가서 먹고 들어와도 된다는 게 큰 장점입니다 숙소 컨디션도 무난하게 좋은 편이며 금연 룸이 아니었어도 방에서 담배 냄새가 나진 않았어요 그리고 저녁에도 바깥에서 시끄러운 소리가 들러서 불편하지도 않았습니다 수압도 괜찮고 따뜻한 물도 잘 나오고 수건도 넉넉해서 좋았습니다 로비에 나무젓가락 사탕 미니 약과 등도 구비되어 있어서 정말 편리했습니다', '건물 내 지하주차장이 있어서 주차하기에 편하고 전북대 상 권에 숙소가 위치해 있어서 배달 주문이나 근처 가게에서 포 장 혹은 나가서 먹고 들어와도 된다는 게 큰 장점입니다 숙소 컨디션도 무난하게 좋은 편이며 금연 룸이 아니었어도 방에서 담배 냄새가 나진 않았어요 그리고 저녁에도 바깥에서 시끄러운 소리가 들러서 불편하지 도 않았습니다 수압도 괜찮고 따뜻한 물도 잘 나오고 수건도 넉넉해서 좋았습니다 로비에 나무젓가락 사탕 미니 약과 등도 구비되어 있어서 정 말 편리했습니다']",
전주 윈져,1218,458,1676,72.7,27.3,0,0.0,"['항상 친절하시고 잘 이용하고 있어요', '요새 어디 가서 만 원에 방 잡긴 힘들겠죠 원래 체크인 시간보다 시간 일찍 도착했는데 추가금 없이 들여보내주셨어요 시설은 그렇게 좋지도 나쁘지도 않아요 하룻밤 놀러 오셔서 주무시는 데는 정말 가성비 최고입니다']","['음 위생 엉망 주차공간 부족 방음 안됨 여기까지', '저렴하고 굉장히 깔끔했고 에어컨이 낡아 보여서 덥진 않을까 생각했지만 시원했음 컴퓨터도 은근히 사양이 좋았고 티브이도 커서 만족했다 다만 와이파이가 좀 느려서 아쉬웠음']",
전주 이둔호텔,466,129,595,78.3,21.7,0,0.0,"['저번에 방문했었을 때 괜찮아서 재방문했어요 혁신도시 맛 집들이 근처에 위치해 있어서 도보로 이동이 가능하고요 야외주차장과 건물 주차장이 따로 마련이 되어 있어서 널찍했어요 호텔 로비에서 출차 카드를 챙겨야 하는 시스템입니다 층에는 무료 안마의 자존이 있는데 가볍게 몸 풀고 가기 좋아 보였고요 수압도 좋고 따뜻한 물도 잘 나왔어요 가운은 따로 요청하니까 갖다주시더라고요 에어컨 공기청정기 스타일러까지 구비되어 있고 간단하지만 알찼던 조식까지 제공이 되니 전주 출장 호텔 비즈니스호텔로도 추천하는 곳입니다', '전주 출장이나 전라도 가족 여행 시 중간 지역으로 매우 좋은 전주 이번에도 광주 여행 이전에 방문지로 매우 만족해요 깔끔하고 주변 맛집 멋집만 많은 역이네요 편 야한 주차 침구류 만족스러워요 주기적 출장 가는데 정말 최고 좋은 지역의 숙소에요 조식도 깔끔 허니 맛나요 인이라는 투 베드도 만족해요 주변 먹거리도 많아서 출장이나 전라도 가족여행은 무조건 이공 이둔입니다 늦은 시간까지 주변 술집 밥집이 열어서 시끄너울까 걱정했지 마 그런 거 없이 무나 하게 잘 잤어요 담에 또 올게요 감삿유']","['한 줄 평 가격은 합리적이지만 시설 면에서는 아쉬움이 남는 숙소 호에 숙박했으며 금요일 밤 기준 원이면 비교적 합리적인 가격이라고 생각했습니다 샴푸와 린스는 공용으로 비치되어 있었지만 로션 칫솔 면도기 등 기타 어메니티는 별도로 구매해야 했습니다 특히 칫솔은 개별 포장된 제품으로 한 개당 원에 판매되어 두 명이 이용하기 위해 어쩔 수 없이 두 개를 구입해야 했습니다 객실 내에는 스타일러와 안마의자가 갖춰져 있었고 전반적으로 깔끔한 인상이었습니다 다만 화장실 타일 일부가 떨어져 테이프로 임시 고정된 상태였고 자는 동안 테이프가 떨어지는 소리가 들려 숙면을 방해받았습니다 번화가에 위치한 탓에 외부 소음과 밝은 조명은 어느 정도 예상했지만 객실 내부의 입실 등이 고장 났는지 일정 간격으로 켜졌다 꺼지는 문제가 있어 숙면에 더욱 방해가 됐습니다 전반적으로 가격 대비 나쁘지 않은 선택일 수 있으나 세심한 시설 관리가 필요한 숙소였습니다', '전주의 준 호텔급은 이름처럼 거의 호텔 수준의 시설과 서비스를 제공합니다 객실은 깔끔하고 안락하며 전반적으로 만족스러운 숙박 경험을 선사합니다 다만 몇 가지 개선이 필요한 점들이 눈에 띄었습니다 샤워기의 각도를 조정할 수 없어 사용이 불편했고 화장실 조명이 어두워 아쉬움이 남았습니다 세면대에서는 물이 사방으로 튀는 불편함이 있었고 헤어스프레이는 사용 기한이 지난 것으로 보여 위생적인 관리가 필요했습니다 창문이 얇아 외부 소음이 들리긴 했지만 커튼을 치면 어느 정도 해결되었습니다 전반적으로 높은 수준의 숙소로 세심한 관리와 개선이 이루어진다면 더 많은 만족을 줄 것으로 기대됩니다']",
전주 이야기펜션,63,3,66,95.5,4.5,0,0.0,"['사장님도 친절하고 시설도 깨끗해서 좋았어요 동 뒤편으로 기차 지나가요 거슬릴 정도는 아니었어요', '청결하고 좋았습니다 아늑하고 잘 쉬다 갑니다']","['흠잡을게 도 없습니다 기차소리 거슬릴 정도도 아닙니다 칙칙폭폭 소리 아니고요 슈슈슉슉 하고 지나갑니다 냉장고 물때 티끌성에 전혀 없어요 욕실 수전 욕실 거울 욕실 슬리퍼 등등 물때 전혀 없어요 수건 이상한 냄새 안 나고 이불도 냄새 안 나요 바비큐 숯 피워주시는데 부족하면 쓰라고 봉지 통째로 두고 가셨어요 업체 사진을 보다 보면 이게 진짜일까 사진발 아닐까 의심하는 편인데 제가 본 그대로 사진 찍어 올립니다 마구 칭찬해드리고 싶습니다', '층으로 구성돼있고 층에 티브이 부엌 화장실 침대가 있는 방이 있어요 간장 참기름 고춧가루 소금 등이 기본으로 있었고 여러 가지 프라이팬이나 냄비 그리고 소주잔과 컵 접시 수저 집게 가위 등 여러 가지가 구비돼있고 전자레인지는 선반 밑에 있었어요 티브이 옆 리빙박스에 드라이기랑 수건이 있고 화장실은 넓고 쾌적했어요 따뜻한 물도 잘 나왔어요 층 방에는 화장대 거울 옷걸이 책이 있고 이불이랑 베개가 푹신해서 너무 좋았어요 책도 제가 좋아하는 장르여서 너무 좋았어요 층은 침대는 없고 매트리스랑 이불 베개가 있고 층 합해서 베개는 총 개고 이불은 장입니다 추가로 이불을 더 쓰고 싶으면 돈을 더 지불해야 되고 칫솔을 원에 구매할 수 있어요 바비큐도 아늑한 공간 안에서 먹을 수 있어서 많이 춥지는 않았고 화력도 좋았어요 가구 소품에 신경을 많이 쓰신 게 느껴졌고 저 포함해서 친구들이 여기서 살고 싶다는 말을 많이 했어요 다음에 전주에 놀러 올 일이 있으면 무조건 다시 올 것 같아요']",
전주 이츠호텔,215,25,240,89.6,10.4,0,0.0,"['여행 중 하루 묵었던 모텔인데 기대 이상으로 깔끔하고 만족스러웠어요 방도 넓고 정돈이 잘 되어 있었고 침구나 욕실 상태도 청결해서 기분 좋게 머물 수 있었습니다 에어컨 와이파이 등 기본 시설도 잘 갖춰져 있었고 냉장고나 드라이기까지 준비되어 있어 편리했어요 직원분도 친절하게 응대해 주셔서 체크인부터 기분 좋게 시작했고 위치도 좋아서 주변 이동이 편리했어요 부담 없이 하루 이틀 쉬기 좋은 곳으로 추천합니다 조용하고 쾌적한 분위기라 혼자 여행하는 분들께도 잘 맞을 것 같아요 주차 공간도 충분해서 차량 이용 시에도 불편함이 없었고 근처에 편의점이나 식당도 가까워서 좋았어요 전체적으로 가격 대비 만족도 높은 숙소였습니다', '전체적으로 만족스러운 모텔 숙소였습니다 객실은 넓고 쾌적했으며 청소 상태도 깔끔하게 유지되어 있어 편안하게 쉴 수 있었어요 침대와 침구도 푹신하고 깨끗해서 숙면을 취하기 좋았고 와이파이 등 기본 시설도 잘 갖춰져 있었습니다 욕실 역시 물 수압도 좋고 따뜻한 물도 잘 나와서 샤워하기에 불편함이 없었어요 위치도 중심가와 가까워서 대중교통 이용이나 주변 음식점 편의점 이용도 편리했습니다 가격 대비 만족도가 높아 재방문 의사 있어요 이 근처 숙소 이용객분들에게 추천드립니다']","['전화로 문의할 때부터 사장님 친절하신 거 알았고요 연 박이라 청소 안 해주셔도 된다 하고 늦잠 푹 자고 느긋하게 외출했는데 돌아오니 청소 싹해 주시고 수건도 다시 채워주셨더라고요 감사합니다 룸은 프리미엄 했는데 다른 숙소에 비해서 방이 좀 작았어요 솔직히 안마의자랑 욕조 땜에 예약한 건데 안마의자도 제가 생각했던 브랜드는 아니었고 욕실은 수건걸이가 덜렁거렸고 욕조 엄청 작아요 입욕하려고 준비해서 간 건데 생각보다 작아서 안 했습니다 리모컨 리모컨으로 조명 불가능 그리고 꾹 누르지 않으면 작동 안 함 주변 편의시설 많아서 좋았고 만약 고기 드시러 외출하실 거면 대장간 추천드려요', '숙박해 보고 만족하여 이번엔 대실 이용했습니다 몇 가지 아쉬웠던 점은 입실시간에 맞춰 왔는데 로비 층은 불이 다 꺼져있고 불러도 안 나오시길래 닫은 줄 알았어요 키 받고 입실하려는데 열 필요 없이 이미 객실 문이 활짝 열려있었답니다 여름철 벌레가 들어갈까 봐 걱정되었고 문을 계속 열어놔서인지 내부가 많이 더웠답니다 숙박해 보고 만족하여 이번엔 대실 이용했습니다 몇 가지 아쉬웠던 점은 입실시간에 맞춰 왔는데 로비 층은 불이 다 꺼져있고 불러도 안 나오시길래 닫은 줄 알았어요 키 받고 입실하려는데 열 필요 없이 이미 객실 문이 활짝 열려있었답니다 여름철 벌레가 들어갈까 봐 걱정되었고 문을 계속 열어놔서인지 내부가 많이 더웠답니다']",
전주 전주한옥마을점,452,225,677,66.8,33.2,0,0.0,"['엄청 깨끗하고 친절한 곳입니다 갑자기 출장 오게 돼서 잡은 모텔인데 주변 모텔은 오래되고 낡은 건물인 방면 여기는 실내외 정말 괜찮은 모텔입니다 거기에 가성비까지 가격도 엄청 저렴하고 주차시설도 잘 되 있 어서 출장 오면 또 들려야 하는 곳 중 한 곳입니다 화장실 깨끗하고 수압 아주 좋습니다 침대커버나 방 청소가 아주 깔끔히 돼있고 사용감 없는 새로운 시트 깔려있어서 아주 좋습니다 티브이도 다른 주변 모 텔에 비해 큰 티브이에까지 이용할 수 있어서 혼자 사용하는 방에서 심심하지 않게 영화까지 볼 수 있어서 아주 좋습니다 주변 모텔 가서 실망하지 마시고 여기 꼭 예약해서 숙박 추천드립니다 다음에 또 오겠습니다 잘 사용하고 갑니다', '전주 객사 근처에 위치해 있어 도보 이동이 편리하고 주변에 맛집과 카페 볼거리가 많아 여행자에게 최적의 위치입니다 평일에 방문했더니 운 좋게 룸 업그레이드도 제공받아 더욱 쾌적하게 머물 수 있었습니다 객실은 전반적으로 깔끔하고 침구류에서도 냄새 없이 청결함이 느껴졌습니다 교통 접근성도 뛰어나 관광지 이동이 편리했으며 가격 대비 만족도가 높아 가성비 좋은 숙소를 찾는 분들께 추천드리고 싶습니다 조용하고 아늑한 분위기로 숙박만 하기에도 충분히 만족스러운 곳입니다']","['주차장은 별로 안 좋았죠 자가 주차공간에 비해 차가 많이 있어 가격은 진짜 저렴했습니다 어메니티도 줘서 잘 이용했습니다 화장실은 천장이 없어서 똥 싸면 방에서 냄새가 다 나서 창문 열어서 환기를 시켜줘야 돼요 화장실이랑 방이랑 공간이 너무 연결되어 있어서 조금 그랬습니다 욕조는 엄청 컸는데 이용하지는 않았어요 세면대 밑에는 철장 서랍이 하나 있었는데 녹슬어서 녹물이 고여있는 게 조금 그랬습니다 그래도 전주 관광지랑 가까이 있어서 접근성은 좋았습니다는 잘 작동하였고 도 적당히 크고 좋았습니다 방음이 안 된다는 점은 조금 아쉬웠지만 그날 머물렀을 때는 다들 조용한 손님들만 있어서 그런가 조용히 잘 잤습니다 이만한 가격에 성수기 시즌에 머물 수 있다는 점 아주 훌륭했습니다 스타일러도 있어서 하루 머물면서 잘 이용했습니다', '후기 보고 하루 전까지 갈까 말까 고민을 했는데 가길 너무 잘한 것 같아요 안 좋은 후기 보고 특히 담배 냄새 걱정이 가득했는데 쾌적했고 아쉬운 게 있다면 샤워부스 문 뒤에 곰팡이가 너무 많았어요 안 닦이는 건가 했는데 잘 닦이더라고요 그리고 원래가 침대를 검토하고 눕는 사람이 아니라 후기에 침대에 뭐가 묻어있다는 둥 이야기가 많았지만 별로 신경 쓰지 않았는데 자고 일어나니까 침대에 깔려있는 이불에 신발자국이 있더라고요 세탁업체에서 밟은 걸 그냥 보내준 건지 세팅하다가 그런 건지는 모르겠으나 다 좋았는데 이 두 가지가 조금 아쉬웠어요']",
전주 제이즈호텔,1714,468,2182,78.6,21.4,0,0.0,"['전주에 출장 가면 자주 묵는 숙소 중 하나인 곳 제이지입니다 확실히 매번 글 쓰지만 리모델링 하고 나서 티브이 보는 게 더 재미있고 평일엔 가격도 너무나도 착해서 요즘은 많은 사람들이 오는 거 같아서 심적으로 뿌듯하네요 장점은 뭐 주차시설이 편리하고요 자조 오다 보니 조금 더 방을 업그레이드해 주시는 부분도 있고 친절은 뭐 덤이죠 그리고 침대 매트리스 부분도 괜찮고 방청 결도 만족하고 수압 부분도 아무 문제가 없습니다 그리고 주변에 먹거리도 어느 정도 있어서 출장 오시면 하루 묵어보시는 것도 좋아요', '일 특성상 주에 일 이상 출장을 다녀요 전국에 호텔 모텔 펜션 골고루 방문합니다 오늘은 에이즈 솔직한 후기 작성해 볼게요 먼저 프런트 직원분 친절하세요 개인적으로 침구 테이블 화장실 상당히 깨끗하고 청소가 너무 잘 되어있어 만족합니다 일회용품 종류별로 준비가 잘 되어있어 완전히 만족합니다 주차 시설도 넓어요 컴퓨터는 따로 없습니다 건물을 깨끗하게 관리하셔서 상당히 마음에 들어요 재방문 의사 정말 있습니다 다음에 전주 방문하면 무조건 재방문 할 생각입니다 하루 잘 쉬었습니다 사장님 사업 번창하세요']","['주차장은 널널하고 입실시간이 시부터라서 전주 와서 체크인하고 외출 동물원 분정도 걸리는듯하고 한옥마을도 분정도 걸리는듯합니다 주변상권은 모텔촌 층에 슬러시 팝콘 원두커피는 없고 믹스커피 녹차티백 몇개와 정수기 전자렌지만 있었구요 객실 가격대비는 최고입니다 침대린넨류는 교체는 하였으나 침구에 오염과 머리카락 변기는 왜 뚜껑이없는지는 몰겟구옹 드라이기와 고데기가 욕실 내부에잇어 습기가 맨첨 입실하자마자찍엇는데 욕조에는 물기가 전혀 제거되지않은 상태였고 물빨은 보통보다 조금 약하다고 보시면될듯합니다 침대는 딱딱한편 베게는 솜베개 다소 딱딱 모든게 가격대비 그래도 객실 청결은 괜찮은편이고 리모델링해서 깨끗한편입니다 또한 티비 크기 매우만족 넷플과 티빙 잘됩니다 방음은 문하나 사이두고 닫으니 생각보다 조용 문여니까 엘베앞이라서 엘베 소리가 거슬렷는데 문닫고 하니 그래도 갠찮은것같아요 이왕이면 예민하시다면 엘베에서 좀 멀리 가시는걸 추천해드립니다', '예전에 자주 다녔던 곳인데 이번에 새로 문 열어서 다시 한번 가봤습니다 전하고 크게 달라진 건 없지만 조명이 바뀌어서 그런지 밝아진 분위기 방 수준의 컴퓨터 그리고 개인 계정 없이 시청 가능한 가 제일 큰 매력으로 다가왔습니다 주차장이 조금 협소하긴 한데 저는 이제껏 주차 못 한 적은 없었으니 걱정 안 하셔도 되고 근처에 공영주차장도 있으니 혹여 만 차라면 거기다 주차하고 오시면서 근처 편의점도 한번 들르시고 한 면 될 것 같습니다 사진을 퇴실 전어 찍어서 그렇긴 한데 처음 들어가면 깔끔한 느낌 듭니다']",
전주 큐,3270,701,3971,82.3,17.7,0,0.0,"['자주 가는 곳입니다 남자 여자 사장님 둘 다 너무 친절하세요 방도 넓고 수압이 엄청 세고 전기장판도 있고 뜨거운 물도 엄청 잘 나옵니다 수압이랑 뜨거운 물이 엄청 잘 나와서 조절 잘하세요 주차할 곳도 많아요 넷플릭스도 잘 나오고 모텔 앞에 바로 편의점도 있어서 편리해요 넷플릭스 로그인 풀려있거나 하면 전화하면 친절하게 알려주시고 항상 살갑게 반겨주셔서 좋습니다 또한 가격도 다른 모텔에 비해 저렴하고요 진짜 좋은 거 같습니다 오래오래 유지됐으면 좋겠어요', '자주 가는 곳입니다 일단 사장님이 너무 친절하세요 방도 넓고 수압이 엄청 세고 전기장판도 있고 뜨거운 물도 엄청 잘 나옵니다 수압이랑 뜨거운 물이 엄청 잘 나와서 조절 잘하세요 주차할 곳도 많아요네 플린 스도 잘 나오고 모텔 앞에 바로 편의점도 있어서 편리해요 넷플릭스 로그인 풀려있거나 하면 전화하면 친절하게 알려주시고 항상 살갑게 반겨주셔서 좋습니다 또한 가격도 다른 모텔에 비해 저렴하고요 진짜 좋은 거 같습니다 오래오래 유지됐으면 좋겠습니다']","['가격은 싼 편이고 사장님이 친절하십니다 창문이 커서 환기시키기 좋습니다 바깥 소음은 딱히 없었는데 문이 틀에 잘 안 맞는지 다른 객실에서 출입할 때마다 덜컹거려 처음에 조금 놀랐습니다 침대는 보통 사이즈 둘이서 자는 데 불편함은 없습니다 냉장고에 물 개 있고 컴퓨터 스타일러 있습니다 수건 개 어메니티 제공됩니다 수압은 적당하고 따뜻한 물은 잘 나옵니다 전체적인 위생상태는 무척 좋은 편이었습니다 특히 화장실 조명이 상당히 밝은 편이라 속속 잘 보였는데 특별히 지적할 만한 것이 전혀 없어 좋았네요 에어컨도 청소 잘 되어있었습니다 한 가지 아쉬운 점이 있다면 언컨 위치가 머리 쪽이라 바람이 얼굴에 너무 직접 오는 건데 이건 팬을 위로 올리거나 간접풍으로 해결하면 될 듯합니다 잘 쉬다 갑니다', '가성비 숙소입니다 주말에는 가성비로 쓸 수 있는 숙소입니다 일단 가격이 쌉니다 늦은 시간에 가면 사장님께서 숙소 업그레이드도 해줍니다 근데 보통 업그레이드해 주십니다 하는데 그냥 아무 말 하지 않고 해주셔서 숙소에 들어가면 알 수 있습니다 가성비 숙소이기 때문에 어느 정도 포기해야 할 것도 있습니다 화장실은 조금 오래되었고 숙소도 좀 오래된 느낌이 납니다 그래서 잠만 잔다면 꽤 괜찮은 숙소입니다 저렴한 숙소를 찾으신다면 여기 숙소를 추천합니다']",
전주 테라호텔,678,191,869,78.0,22.0,0,0.0,"['주인분들 친절하세요 객실 청소상태도 좋았고요 침구도 깨끗하고 어메니티도 잘 갖춰져있어서 불편함이 없었네요 업그레이드해서 객실을 주셨다 했어요 안마의자가 있어 저녁 내내 그리고 아침에도 안마를 했네요 편하게 쉬고 나왔는데 집에 와서야 목걸이가 없어진 걸 알았어요 안마의 트자 할 때 목에 목걸이가 눌려 아팠었는데 그냥 참고하다 걸쇠가 풀렸었나 봐요 청소하시는 분도 못 봤다는데 비싼 숙박하고 왔어요 주변 인프라도 잘돼있고 숙소 상태는 정말 좋아요', '안녕하세요 여기 숙소 위치가 굉장히 좋습니다 주변에 먹거리 식당 술집 등 인프라가 좋습니다 그리고 편의점 역시 분 거리 안에 있어 이용하기 편하고요 시설이나 설비 가격 대비 만족스럽습니다 수건 상태 욕실 청소상태 방 컨디션 만족스럽습니다 카운터 직원분 응대하는 모습도 친절하여 기분 좋게 쉬다 갑니다 추후 이용한다면 다시 방문할 의사 있으니 항상 번창하시고 앞으로도 현 상태 잘 유지해 주시면 고객 입장에서 고마울 것 같습니다 항상 건강하시고 잘 쉬다 갑니다']","['전주 관광지와 가까워서 위치가 괜찮고 주차장도 자리가 많아 편했습니다 복도에 전자레인지가 있어 간단하게 음식을 데워먹을 수 있고 드라이기나 고데기 등이 구비되어 있어 좋습니다 기본적으로 씻을 때 필요한 물품들도 있고 방이 대체로 넓은 편이었습니다 침대에 전기장판이 있어 따뜻하게 잘 수 있었고 작은 테이블과 의자가 있어 간단하게 먹을 수 있었습니다 욕실도 매우 넓었어요 조금 아쉬운 점은 예약할 때 봤던 사진과 방 분위기가 다르고 살짝 노후화된 느낌이 있었으며 쾌쾌한 담배 냄새가 나는듯하여 아쉬웠습니다', '대로 변에 있어 찾기 쉬워요 주차장도 있고 주변 편의점 여럿 있습니다 저녁에 조인한데 차 다니는 쪽은 차 지나가는 소리 나긴 하는데 여름이라 에어컨 키고 문 닫으면 소리 안 나요 침구 깨끗해서 좋아요 컴퓨터 최신이라 출장 와서 이용하기 편했어요 냉장고에 음료 두 캔 있어 맛있게 마셨습니다 욕실엔 탕이 있어 목욕도 가능하고요 화장실이 방 이랑 사이즈가 비슷해서 좁은 느낌은 없었습니다 넥플릿스 잘 나오고 티브이 잘 나와요 숙소가 조금 노후되었지만 잘 관리가 되어있어 지낼만했습니다 불편한 거 전혀 없었고요 잘 쉬다 갑니다']",
전주 투썸호텔,876,178,1054,83.1,16.9,0,0.0,"['처음 방문해 봤는데요 숙소가 깨끗하고 좋습니다 사장님이 친절하십니다 그리고 티브이도 크고 깔끔하면서 아늑해서 푹 쉬다 갈 수 있었습니다', '사장님 너무 친절하세요 방 업그레이드해 주셨어요 객실 상태 청결 깔끔 그 잡채 어메니티도 기본으로 잘 구비되어 있고 티브이 커서 좋아요 다 있는 게 대박입니다 재방문 의사 번창하세요 사장님']","['주차장이 넓어서 좋습니다 입구에서 은은한 음악이 있기에 더 좋은 것도 있고요 근처에 먹자골목도 있고 편의점도 많아 아주 편리합니다 객실 상태 양호합니다 넷플릭스 시청도 할 수 있습니다 욕실은 해바라기는 없으니 참고하시고요 샤워기 밑에 물 빠지는 공간이 있긴 한데 샤워기의 위치가 약간 애매해서 잘못하면 밖으로 물이 샐 수도 있으니 꼭 주의해야 합니다 그리고 방에 모기가 있어서 여러 방 물렸네요 대체적으로 무난하고 쾌적한 숙소였습니다 접근성 편의성 쾌적성 모두 굿입니다', '저렴한 가격에 정말 편하게 머무르고 재밌게 놀다 갑니다 프런트에 계신 직원분이 너무 친절해서 좋고요 다른 모텔들은 담배 냄새가 너무 심하게 나는데 여기는 담배 냄새가 심하지 않아서 좋았어요 침대도 푹신푹신해서 잠이 솔솔 오는 게 아주 맘에 들었고요 화장실 청결 상태도 나쁘지 않았습니다 다음에 또 모텔을 예약할 기회가 생긴다면 고민하지 않고 여기를 고를 것 같네요 간단한 간식비가 있는 것도 정말 맘에 들었습니다 혹시 이 모텔을 고민 중이시라면 여기로 하세요 만족하고 갑니다']",
전주 프린스,478,137,615,77.7,22.3,0,0.0,"['숙소 위치는 중화산동 모텔촌 근처에 있습니다 주변에 비슷한 숙소가 많은데 괜찮은 곳인 거 같아요 방은 전체적으로 깨끗한 편입니다 창문이 커서 환기시키기에도 좋습니다 넷플릭스로 영화나 드라마 보기에 좋아요 청소도 깔끔하고 관리도 잘 된 거 같아요 있을만한 거 다 있고 큰 불편함 없습니다 침대는 적당하게 푹신합니다 베개는 개 있어서 편하게 쉴 수 있습니다 샤워기 수압도 좋고 온 수도 잘 나와요 에어컨 냄새 없이 시원합니다 선풍기도 설치되어 있습니다 다음에 또 방문하겠습니다', '푹 쉬었어요 너무 편해요 처음에 들어갈 때부터 많이 친절하시고요 방 들아가서도 방 컨디션이 너무 좋았어요 먼지에 엄청 민감한데 환기 좀 시키니 엄청 좋았어요 침대도 적당하고요 냉장고에 물 개랑 음료수 개 있어요 스타일러도 있어서 옷 관리할 수 있고요 탁자도 있어서 배달 시켜 먹기 좋아요 화장실엔 욕조도 있고요 수압도 적당해요 티브이도 넷플릭스 유튜브 다 잘 돼서 좋고요 에어컨도 안 좋은 냄새도 안 나요 이 정도 좋은 가격으로 편하게 있다 갈 수 있는 좋은 숙소 같아요']","['푹 쉬었어요 잘 쉬었습니다 카운터에 있으신 분 친절하시고요 방에 처음 들어갈 때 방 컨디션도 나쁘지 않고요 냉장고에 물 개 음료 개 있어요 침대도 허리 안 아프게 괜찮아서 잠이 잘 와요 티브이 크기는 적당하고 사운드도 나쁘지 않아요 넷플 유튜브 됩니다 창문도 편하게 열수 있고요 환기 시키기 편해요 탁자도 있어서 배달음식 시켜 먹기 편해요 화장실에 욕조 있고요 수압도 나쁘지 않아요 방음도 그리 신경 쓰일 정도는 아니고요 전주 중화산동에서 편하게 쉬다 갈 수 있는 숙소인 것 같아요', '푹 쉬었어요 푹 쉬었습니다 카운터에 있으신 분 많이 친절하십니다 방에 들어갈 때 오래된 모텔 특유의 페브리즈 냄새가 안 나서 좋아요 티브이 크기는 적당하고요 사운드도 나쁘지 않아요 냉장고에 음료가 물 개 있어요 침대도 허리 안 아프게 나쁘지 않고요 잠 잘 왔어요 창문도 적당히 열수 있게 돼서 환기 시키기 편해요 화장실에 욕조 있고요 수압도 나쁘지 않아요 도보 특가로 예약할 때 스타일러 있는 방으로 주셔서 감사합니다 전주 중화산동에서 평일 싸게 쉴 수 있는 아주 가성비 좋은 숙소 같아요']",
전주 하운드호텔 전주아중지구,182,27,209,87.1,12.9,0,0.0,"['출장이 매우 많아서 근처의 대부분의 숙소를 방문하였는데 최근 리모델링 오픈이 된듯하여 최근에 매우 자주 방문을 하게 되네요 라텍스 침대라 누었을 때 포근하게 감싸주워서 꿀잠을 자게 되네요는 대형 인치이고 넷플 등은 기본입니다 어메니티 부족하지 않고 수건이나 침구 또한 매우 깨끗하여 출장 시 하루 지내는 게 마음 편하네요 샤워 시 물 수압도 좋아서 피로가 싹 씻기고 샴푸 린스 보디까지 나쁘지 않습니다 아울러 자주 오다 보니 사장님이 반갑게 맞이해 주시는 게 젤로 감사합니다', '주차장이 넓어서 주차하기에 매우 편리합니다 직원분도 매우 친절하게 잘 응대해 주셨습니다 각종 도 무료로 볼 수 있어서 좋습니다 신축 리모델링이라 시설이 깔끔하고 좋습니다 청소상태는 기존에 방문했을 때보다는 조금 덜되어있는 상태라서 조금 아쉬웠습니다 베드는 조금 단단한 상태여서 물렁한 거보다는 더 좋습니다 간편 조식 제공되는 옵션이었는데 샐러드와 샌드위치 음료까지 아주 좋은 조식이고 딜리버리라서 더 좋았습니다 옷걸이도 넉넉하게 있어 잘 사용했습니다 재 방문의 사 있습니다']","['주차장 동 동 동시에 운 여해서 주차장은 여유 있네요 지붕도 있어서 비가 와도 크게 문제없어요 체크인 동 층에서만 가능 직원 상주하는 듯합니다 친절함 조식 비즈니스 방을 예약해서 사용 못함 룸 컨디션 방은 엄청 큰 편이네요 침대와 티브이 사이 간격도 길어서 누워서 티브이 보기 좋아요 넷플릭스 시청 가능하고 리모컨 오른쪽 가기 버튼이 잘 안 눌러져요 매트리스 좋아요 화장실 역시 넓고 깨끗한 편이네요 최신식은 아니지만 사용하는데 무리는 없습니다 기본 샴푸 컨디셔너 보디 샴푸 제공해 주는데 눌러서 펌핑이 아니고 짜서 쓰는 거라 조금 불편 그리고 수압이 조금 낮아서 민감하신 분은 성질이 그리고 마지막으로 비즈니스방이고 대 있다고 해서 예약했는데 얼마 전을 다 뺐다고 합니다 빨리 정보 삭제를 하심이', '날짜를 착각해서 날려버렸어요 다음에 기회가 되면 다시 예약해서 가도록 해볼게요 전화했었는데 계속 통화 중이더라고요']",
전주 하운드호텔 터미널점,181,15,196,92.3,7.7,0,0.0,"['우선 프런트에 사장님 너무 친절하셨습니다 피시 룸 예약했는데 피시방 컴퓨터처럼 좋았어요 방은 엄청 깔끔했고 화장실 변기랑 샤워실 씻는 곳 따로 분리돼있고 스타일러도 있습니다 위치도 터미널 바로 뒤편에 있고 가까운 거리에 대학가가 있어서 맛집도 많았어요 같이 간 친구가 진짜 엄청 예민한데 숙소 너무 깨끗하고 좋다고 만족했어요 전주 여행 오시는 분들은 한번 이용해 보세요', '비즈니스킹 먼저 저렴한 가격에 숙박하여 주차시설도 만족스러웠습니다 친절하게 안내해 주니 좋았습니다 그리고 제가 비흡연자라 담배 냄새를 싫어하는데 담배 냄새가 안 나서 좋았고 시설도 너무 좋네요 화장실이랑 룸 컨디션 상태도 좋고 침구류도 뽀송뽀송하고 좋았습니다 사실 집 아닌 다른 잠자리는 불편해하고 싫어하는데 덕분에 좋은 환경에서 출장 왔다가 잘 쉬다 갑니다 담에 근처 출장 올 일 생기면 다시 이용해야겠네요 정말 적극 추천드립니다 최고입니다 꼭 가보세요 후회 없답니다']","['군산 여행 숙소를 고민하다가 전주 하운드 호텔 터미널점으로 예약했어요 우선 위치가 정말 터미널 근처여서 뚜벅이로 여행하실 분 특히 시외버스로 전주에 도착하시는 분에게 아주 좋습니다 두 번째로 객실의 청결인데 화장실이 방과 분리되어 신발장을 통해 지나가게 되어있는 구조여서 습하지 않았고 방 크기도 적당했고 담배 냄새도 나지 않았습니다 바닥이나 욕조도 청소가 잘 되어있었어요 한 가지 아쉬운 점은 베개가 개다 너무 높아서 그 점이 아쉬웠습니다 그거 하나 빼고는 쾌적하고 위치도 좋아서 재방문 하고 싶어요', '잘 쉬다가 갑니다']",
전주 호텔 늘,1375,416,1791,76.8,23.2,0,0.0,"['사장님 친절하시고 주차장도 은근 넓어요 티브이가 진짜 커서 넷플릭스 재밌게 봤습니다 스타일러도 있어서 좋아요 욕조도 있고 주변에 편의점 정말 가깝고 한옥마을도 차 타고 별로 안 걸리는 거리에 있습니다 대신 방음이 잘 되는 게 단점인 거 같아요 옆방에서 티브이 보는 소리 말하는 소리가 다 들리긴 합니다 그래도 그것만 빼면 아주 편하게 잤어요 즐거운 전주여행이 됐습니다 감사합니다 즐거운 전주여행이 됐습니다 감사합니다 즐거운 전주여행이 됐습니다 감사합니다', '방이 아주 넓진 않았지만 좁지도 않아 적당히 아늑하고 편안한 분위기였습니다 침구류가 다른 숙소들과 다르게 깔끔하고 깨끗해서 거부감 없이 사용할 수 있었어요 조명도 은은해서 편안한 분위기 속에서 휴식하기 좋았네요 화면이 커서 영화나 예능 보기 좋았고 화장실은 청결하게 관리되어 있어 사용하는 데 불편함이 없었습니다 수압도 괜찮아 샤워하는 데 불편함 없이 좋았습니다 전체적으로 조용하고 쾌적한 환경 덕분에 편히 잘 쉬고 재충전하고 왔네요 담에 또 가려고요']","['총점 반 위치 안중리 먹자골목 쪽에 위치한 숙소라서 주변에 음식점이나 술집 등등 맛집이 많이 있습니다 차로 분 정도 위치에 한옥마을 및 아중 역 레일바이크도 있어서 주변에 할 건 꽤 있는 편입니다 편의점도 거의 분 거리마다 있어서 주변 인프라가 잘 형성되어 있는 편입니다 청결도 아무래도 가격이 저렴한 편이라 그런지 청결은 약간 부족한 점이 하나씩 보이는 것 같긴 합니다 화장실이나 방바닥 등 여러 부분이 조금 지저분했지만 가격을 생각하면 흐린 눈은 할 수 있을 정도였습니다 항상 사용하는 숙소라 이젠 익숙합니다 대실 하고 싶을 때 주로 이용하는 숙소인데 가성비 좋은 곳이라 추천합니다', '자주 가던 숙소라서 이번에도 믿고 대실 예약했습니다 오늘 비가 와서 그런지 너무너무 습하더라고요 그리고 배정된 방에 들어가니 청소가 방금 된 건지 바닥이 미끄럽고 젖어있었습니다 사장님께 말씀드리니 다른 방들도 다 그렇다고 슬리퍼 신으라고 하시더라고요 신었는데 슬리퍼 때문에 더 미끄러워서 넘어질 뻔했습니다 그리고 청소를 제대로 안 하신 건지 테이블에 담뱃재가 이불에도 얼룩이 너무 잘 보였고 항상 믿고 사용하는 곳이었는데 그래도 나름 단골인데 서비스가 조금 부족했습니다']",
전주 호텔 시그니처,685,84,769,89.1,10.9,0,0.0,"['전주 장기 출장 중이어서 전주 시내 여러 숙소를 이용 중인데 시그니처가 가장 깨끗하고 시설이 좋은 것 같습니다 주차장이 좁은 게 아쉽지만 사장님께서 친절하게 주차해 주셔서 어려움 없이 이용 가능했습니다 리뷰가 높은 이유가 있네요 화장실 침구 등 객실 청결 전혀 문제없었고 방음 빵 온도 등도 전혀 문제없어 잘 쉬었다 갑니다 다음 주에도 출장 예정인데 다시 이용할 생각입니다 주변에 편의점이나 식당도 가까이 있어 식사하기에도 문제없었습니다', '지방 출장 중에 전주 중화산동 시그니처 호텔에서 박 일 머물렀는데 정말 만족스러웠습니다 사장님이 매우 친절하게 맞이해주셔서 기분 좋게 체크인할 수 있었고 객실도 청결하게 관리되어 쾌적하게 지낼 수 있었어요 특히 안마의자와 스타일러가 구비되어 있어 여행 중 피로를 풀기에 딱 좋았고 이 가격에 이런 시설을 이용할 수 있다는 점에서 가성비가 정말 뛰어났습니다 위치도 좋아서 전주 여행 시 이동하기 편리했고 다음에도 전주에 방문한다면 꼭 다시 묵고 싶은 숙소예요 추천합니다']","['숙소 커요 주차장은 협소한 편인데 발레파킹해주십니다 숙소는 깔끔하고 침대의 쿠션감은 잠을 자고 못 일어날 정도입니다 티브이는 엄청 커서를 즐기기엔 최고입니다 담배 냄새는 안 나긴 하는데 밖에 나갔다 오니까 담배 냄새 살짝 나는 거 같더라고요 마치 복도에서 좀 나는 느낌 화장실 수압이 살짝 아쉬워요 샤워할 때 샤워기 호스 거가 많이 약해서 씻는데 애먹긴 했습니다 중화산동 모텔촌에 위치해있어서 어디든 걸어 다니긴 나쁘지 않으며 바로 앞에 편의 덤 있어서 조앗습니다', '여러 지방으로 출장을 다니는 업무의 특성상 여러 도시의 다양한 숙소를 많이 방문해 보니 여기 숙소는 괜찮은 숙소인 것 같네요 우선 청결 상태가 마음에 드는 게 청소를 신경 써서 하시는 것 아주 좋습니다 자주 일어서서 일하는 특성상 침대 컨디션도 중요한데 침대 컨디션도 아주 흡족하게 사용하였습니다 욕실도 청소상태가 깨끗하게 해놓으셨고 수도 수압도 잘 나오니 정말 마음에 드네요 그리고 온수도 마음에 들 정도로 잘 나옵니다 안내실에 계시는 분들도 친절하셔서 이 숙소에 숙박을 하셔도 좋으실 겁니다']",
전주 호텔 써밋스테이,355,34,389,91.3,8.7,0,0.0,"['가격 대비 괜찮아요 주차 공간의 뉴 많이 여유 있습니다 방 크기는 작은 편이지만 잠만 잔다면 뭐 좋아요 컴퓨터 속도 잘 나오고 인터넷 속도도 괜찮습니다 침대 매트리스는 적당히 푹시해서 좋습니다 화장실 깨끗하고 비품도 잘 준비돼 있어요 아침에 간단하게 토스트 가능하고 그 삶은 달걀도 제공해 주심 라면도 있었는데 귀찮아서 패스 방안에 스타일러 있어서 출장객 이용하기에는 좋고요 쥬변 편의점 및 괜찮은 식당 있어요 개인적으로 쌈밥집 추천 가성비 굿이에요', '리모델링으로 새롭게 태어난 모텔로 가성비는 최고입니다 사장님께서 친절하신 대응이 너무 훌륭합니다 다시 이용하겠습니다 전반적으로 나쁘진 않은 숙소입니다 조식으로 수프 계란 삶은 거 한강 라면 토스트 좋아 보였습니다 수프만 먹고 왔는데 다음에는 한강 라면과 계란 토스트도 먹고 오겠습니다 잘 대해주셔서 감사드립니다 여러분들도 저렴하게 친절하신 대응과 추억 담아 가시죠 여기는 가성비 최고입니다 수압도 마음에 듭니다 티브이에 스타일러까지 있는데 만 원대로 좋고 주차장도 넓어요']","['전주여행 와서 숙박하게 된 호텔 밤늦은 시간 입실에도 불구하고 웃으면서 대응해 주시던 사장님 정말 감사드립니다 그리고 더 놀라운 사실 호실 배정받아 입실하는 순간 너무 깨끗하고 냄새 하나 없는 룸 컨디션에 또 한 번 감동 여기서 끝이 아니었다 화장실 또한 너무 깨끗하고 머리카락 하나 없는 청결상태 정말 정말 강추합니다 추후 전주여행 시 꼭 다시 한번 머물고 싶은 서밋 호텔 감사합니다 그리고 호텔 직원 및 대표님 행복하십시오', '그 동네에 갈만한 숙소가 몇 개 안된다 그중 한노믕로 업무차 출장 가면 돌아가면 묶는다 지겨워서 전반적으로 깨끗하고 잘 정돈되었으며 시설도 괜찮은 편이다 주차 공간은 여유 있는 편이다 방안에 기본적이 뉴 비품 대형 티브이 컴퓨터 스타일러 등이 준비되어 있으며 화장실도 깨끗하고 수압도 잘 니오는 편이다도 뮤 일찍 들어갔더니 난방이 안되어서 추웠는데 시간이 좀 지나고 나서는 괜찮아졌음 새벽에도 조금 쌀쌀해져요 눈이 와서 창밖이 이쁘네요 전반적으로 괜찮은 숙소에요']",
전주 호텔 어반스테이아중점,311,37,348,89.4,10.6,0,0.0,"['전국제 왔다가 전주역이랑 가까워서 묵게 되었는데 외관은 모텔 느낌이었지만 내부는 괜찮았어요 남 사장님이 조금 말투가 썩 기분 좋은 느낌은 아니었으나 다른 분들은 친절하셨고요 주차가 편했어요 근처에 편의점도 가깝고 여러모로 조앗어요 중앙난방이라 맘대로 온도 조절은 안 되어서 살짝 불편했지만 괜찮았고 추가 침구도 포근했습니다 전주 쪽은 거의 비싼 호텔 아니고서야 비슷비슷한 것 같아서 많이 비싸지 않게 잘 묵고 가요 주변에 버스 타기도 나쁘지 않고 적당히 가성비 있게 머물다 갑니다', '겉에만 보고 판단하시면 안됩니다 여태 가본 숙소 중에 정말 찐호텔 아니고서야 이렇게 좋은 숙소는 본 적이 없어요 주차도 대 내외로 할 수 있을정도로 문제 없었고 프론트 직원분들도 친절 하셨습니다 사진은 없지만 층에는 조식을 먹을 수 있는 테이블과 무료 생수 및 간단한 음료 개가 냉장고에 비치되어있었고 정수기와 종이컵 등 있습니다 그리고 각층 로비에는 호텔처럼 잔잔한 음악도 나오고 내부는 말할 것도 없이 너무 깔끔하고 만족스러웠어요 오래된 곳들은 특유의 묵은 냄새가 있고 답답한 느낌이 있는데 전혀 없었습니다 그외 협탁테이블 스타일러 공기청정기 등 부가적인 것도 꽤 쏠쏠하게 잘 썼습니다 미니 냉장고에는 생수 병 휴대폰 충전기 있었음 그리고 전주 한옥마을이랑 차로 분 걸렸었고 근처에 편의점도 매우 가깝게 있으니 참고하세요 저는 다음에 또 전주에 간다면 재방문 의사 입니다 정말 후기 너무 많이 없는게 아쉬워서 길게 쓰는데 사장님 정말 깔끔하게 관리해주셔서 너무너무 감사해요 번창하세요 도 너무 잘 볼수있게 티비도 컸고 제일 중요하게 생각하는 화장실도 최고어메니티샴푸트리트먼트바디워시 다만 화장실 문이 완전한 문이었으면 어떨까 싶지만 이런거에 까칠한 제가 완전히 신경 안 쓸정도로 그냥 모든곳이 호텔처럼 깨끗해서 대만족 합니다']","['체크인 시 직원분께서 친절히 안내해 주셨고 내부는 전체적으로 깔끔한 화이트 누드톤 마감으로 조명도 은은해서 심신이 편안했습니다 청소 상태는 양호한 편이었어요 적당한 사이즈의 방 크기에 대형 에어컨이 설치되어 있고 미니 냉장고 전기포트가 객실 내 비치되어 있었어요 침대 매트리스와 침구류 컨디션도 나쁘지 않았습니다 사양은 세대로 웬만한 건 지장 없으나 고사양이라고 하기에는 조금 아쉬웠어요 종합적으로 가성비 괜찮은 숙소인 것 같아요 잘 쉬고 갑니다', '업무차 방문했습니다 체크인 시 직원분께서 친절히 안내해 주셨고 내부는 전체적으로 깔끔한 화이트 누드톤 마감으로 조명도 은은해서 심신이 편안했습니다 청소 상태는 양호한 편이었어요 적당한 사이즈의 방 크기에 대형 스타일러 에어컨이 설치되어 있고 미니 냉장고 헤어드라이어가 객실 내 비치되어 있었어요 침대 매트리스와 침구류 컨디션도 나쁘지 않았습니다 조식도 생각보다 괜찮았습니다 종합적으로 가성비 괜찮은 숙소인 것 같아요 잘 쉬고 갑니다']",
전주 호텔레이나구 전주 소풍,613,140,753,81.4,18.6,0,0.0,"['전체적으로 가성비 좋은 모텔 숙소였습니다 객실은 넓고 기본적인 시설이 잘 갖춰져 있어 편안하게 머무를 수 있었고 침대와 침구도 푹신하고 깔끔해서 숙면을 취하기 좋았어요 욕실도 청결하고 물 수압이나 온수도 잘 나와서 샤워하기에 불편함이 없었습니다 위치도 중심가와 가까워 대중교통이나 주변 음식점 편의점 이용이 편리했습니다 다만 인테리어 공사를 최근에 한 듯한데 공사 먼지가 일부 남아 있어 이 점은 조금 아쉬웠습니다 그 외에는 전반적으로 만족스러운 숙소였습니다', '소풍 호텔 일 때부터 방문했던 곳인데 요번에 싹 리모델링을 해서 오랜만에 방문했어요 확실히 깔끔하고 좋습니다 티브이도 크고 도 다양하게 즐길 수 있습니다 다만 아직 정리 안된 부분이 많아 어수선합니다 그리고 드라이기 있는 곳에 거울은 있어야 할 거 같습니다 머리 손질을 거울이 없으니 불편하네요 그리고 식탁이 있으면 좋을 거 같습니다 음식을 먹을 곳이 마땅치 않아 불편해요 화장실 수압 매우 만족스럽고 사퇴실에 빠른 입실도 굿입니다 자주자주 방문 예정입니다 주차장도 매우 넓습니다']","['대로변에 위치하여 차로 접근하기 좋은 곳 같습니다 재오픈이라고 해놓은 것과 같이 최근 실내 리모델링을 진행 한 곳이며 사실상 연월 기준으로도 여전히 내부 리모델링이 진행 중인 곳입니다 재오픈이라기보단 가오픈 느낌으로 접근하셔야 할 것 같습니다 아직 안 갖춰진 부분이 많습니다 그래서 그런지 저렴한 금액을 받으시는 것 같습니다 저는 층 객실을 이용했으며 의자나 블라인드 등이 아직 안 갖춰져있고 외부 바람에 중문이 흔들리는 등 아직 부족한 부분이 있었습니다 하지만 새집 냄새 깔끔한 객실 내부 및 요즘 느낌의 자재 등은 편하게 숙박을 이용할 수 있게 해주었습니다 사실 그런 걸 감안해서 말도 안 되는 금액에 이러한 룸 등을 제공하고 있으니 가성비 생각하시는 분들은 추천합니다', '장점 숙소가 주변 다른 곳보다 저렴한 편이었고 리모델링 한지 얼마 안되서 청결했습니다 화장실도 넓고 깨끗했고 도 아주 컸어요 넷플릭스 시청 가능해서 볼 수 있어서 좋았습니다 평일에 아주 늦게 예약하고 입실해서 그런지 넓은 방 주셨어요 주차장도 넓어서 제가 늦게 입실하였지만 주차할 자리가 두 곳 남아있더라구요 탁자도 의자도 구비되어 있고 시스템 에어컨이라 너무 시원하게 잘 머물렀다 갑니다 아쉬운 점이라면 도로가 쪽에 위치한 방이라서 새벽에 차도에 차 달리는 소리 때문에 소음이 있었어요이중창인데 방음이 조금 덜 되어서 아쉬웠습니다 냉장고가 너무 작아서 먹을거 사오시는 분들 보관이 힘들것 같다는 단점이 있었네요 화장실이 분리형이 아니라 방안에 투명문이라 조금 아쉬웠습니다 중문이 있다면 좋을 것 같았습니다 그래도 사장님께서 입퇴실 시에 아주 친절하셨습니다 전반적으로 객실 상태가 청결하고 넓어서 또 재방문 예정입니다 덕분에 잘 머물고 잘 쉬었다가 갑니다']",
전주 호텔루고,212,36,248,85.5,14.5,0,0.0,"['전주에 매주 출장 오는데 루고는 두 번째 묵는데 다른 데랑 비교하면 관리나 인테리어 자체가 급이 다른 느낌입니다 주차장도 있고 내부시설도 깨끗하고 청결상태나 바닥 마감도 너무 좋네요 생수도 많이 있고 청소상태나 직원 친절도까지 나무랄 데가 없습니다 내부 조명 밝기도 좋고 실내 조용하고 공기청정기도 있고 욕실도 깨끗하게 관리되어 있습니다 앞으로는 고민하지 않고 루고로 숙박하러 와야겠네요 깔끔함이나 디자인적 요소들이 마음에 듭니다 오랫동안 관리 잘되면 좋겠네요', '평일이라 가성비 먹방 여행 목적으로 저렴하고 후기 좋은 장소로 선정을 했는데 깜짝 놀랐습니다 점포 측에서 다소 협소한 주차공간을 인지 퇴실 예상 시간 문의 후 무료 발레 서비스 오 하고 방에 입실했는데 사장님 혹시 시각디자인과 졸업하셨나요 들어가자마자 바로 아늑해지는 디자인에 반했습니다 일반 모텔들과 다르게 화장대를 서랍장으로 배치하여 어메니티 등 활용도도 좋았습니다 숙소에서 배달이나 음식 취식하는 사람들을 위해 층마다 인지는 모르겠으나 숙박했던 층 입구에 숟가락 젓가락 일회용 배치 센스 대박이었고 전자레인지 배치도 너무 좋았습니다 층에 커피 머신 자유로운 음료 취식 센스도 굿 층 복도에 잔잔한 음악 센스도 너무 좋았습니다 전주에 가면 이 숙소만 이용할 것 같네요 좋은 추억이 되었습니다']","['들어가면 침대가 제일 먼저 보입니다 왜냐하면 침대가 특이하게도 방 구조의 정중앙에 있어요 침대의 헤드로 인해 침대 뒤의 구조는 누워있을 때 보이지 않습니다 헤드 뒤로는 화장실과 샤워부스가 있고 그 벽은 불투명이었습니다 침대가 정중앙에 있기 때문에 티브이와의 거리는 타 숙소보다 가깝습니다 몰입감 있는 영화를 보면 더 좋을 것 같단 생각을 했습니다 넷플릭스를 이용하며 순서에서 식사를 해결하였고 젓가락이 없어서 숙소에 문의했더니 친절하게 응대해 주셨습니다 기타 물품이 필요한 건 모두 도보 분 안 걸리는 거리에 있어서 아주 편리했습니다', '남편에 들어가자마자 새 건물인가 봐했어요 아쉽지만 주차는 많이 협소합니다 주말에는 다른 데 주차하나 할 정도예요 층에 커피 머신 음료수 물 있어요 냉장고에는 생수 병이나 무료고요 샤워기 헤드 가지고 다니는데 여기는 교체 안 해도 될 정도로 새 건물이라 깨끗하네요 소음 없이 잘 자고 갑니다 뜨거운 물이 저녁에는 좀 약하던데 아침에는 또 잘 나오네요 입실할 때 뭔가 담배 냄새처럼 쿰쿰한 냄새가 나긴 했는데 에어컨 틀고 하니 사라졌어요 한옥마을이랑은 좀 거리가 좀 되네요']",
전주 호텔모아,143,16,159,89.9,10.1,0,0.0,"['이전 대실 이용 경험이 상당히 만족스러웠기에 재이용했습니다 신시가지 다른 숙소 이용은 안 해봐서 직접 비교는 못하지만 굳이 다른 숙소 알아보지 않아도 방화 장실 청결 어메니티 제공 인테리어 제공 시간과 가격 등 모두 아주 만족스럽습니다 앞으로도 종종 이용할듯합니다 이전 대실 이용 경험이 상당히 만족스러웠기에 재이용했습니다 신시가지 다른 숙소 이용은 안 해봐서 직접 비교는 못하지만 굳이 다른 숙소 알아보지 않아도 방화 장실 청결 어메니티 제공 인테리어 제공 시간과 가격 등 모두 아주 만족스럽습니다 앞으로도 종종 이용할듯합니다', '전주 신시가지에 위치한 모아 호텔은 제가 제일 많이 이용한 숙소네요 가격청결도방넓이위치등 모든 게 저에게 만족스러운 숙소다 보니 자주 이용하게 되었네요 사장님 친절하시고 안에 구비되어 있는 일회용품도 만족스럽네요 방음 잘되고 침대도 푹신해서 편안하게 잘 잤습니다 난방도 물론 잘 되고요 주변에 먹을거리 즐길 거리 모든 게 가깝게 위치하고 있어 편안히 쉴 수 있어 더욱더 좋습니다 전주에서 제일 핫한 거리에 위치했지만 조용하니 잘 쉬었습니다 깨끗하고 수압도 좋고 시설도 좋은 숙소로 추천드립니다 번창하세요']","['신시가지 한가운데 있어서 이동 편함 창문 다 닫아야 소음 그나마 없어요 침대는 살짝 딱딱해서 약간 불편했어요 그래도 위생 나쁘지 않음', '그냥저냥 하룻밤 자고 갑니다']",
전주 호텔사운즈,361,99,460,78.5,21.5,0,0.0,"['전주 출장으로 이용한 숙소입니다 저주 중화산동 쪽에서는 가장 가성비가 좋은 곳이라고 생각합니다 주차장이 잘 되어 있어서 주차가 편리하고요 주변에 먹을거리가 아주 많아서 거래처와 약속을 잡기도 좋습니다 전주에 유명한 빵집들도 옆에 있어서 구경할 것도 많고요 층 로비에는 간식도 많이 구비되어 있어 좋고 기타 편의시설도 잘 갖추어져 있습니다 가격 대비해서 룸 컨디션도 굉장히 좋은 편이고 깨끗하게 청소가 잘 되어 있습니다 저 같은 출장객에게는 최고의 숙소입니다', '객실이 너무 깔끔하고 좋았습니다 와 티티도 전부 다 됩니다 실내 데이트하기에도 너무 좋습니다 사장님이 너무 친절하시고 좋습니다 객실 침구류와 정리 정돈이 잘 되어있고 너무 깔끔합니다 스타일러도 비치되어 있습니다 주변에 먹거리도 많아서 포장 해오기에도 좋네요 숙소 가격도 다른 호텔들이 비해서 착한 편이어서 가성비 숙소로 좋은 거 같습니다 주차장 시설도 좁지 않고 사장님이 친절하게 주차 유도를 해주십니다 화장실도 깔끔하고 드라이기도 잘 작동되네요 무엇보다 온수가 잘 나오고 수압이 강해서 좋았습니다']","['오랜만의 전주출장에 숙소를 어디로 할까 앱을 활용해 여러 곳을 검색하다가 댓글이나 평점이 괜찮은 것 같아 예약하고 찾아왔어요 안내실은 따로 없고 무인텔처럼 운영되는 곳인데 사전에 보내온 메시지대로 하니 특별히 문제없이 숙소에 들어올 수 있었네요 방안은 사진에서 보는 것처럼 작은 평수의 넓이이고 도 인치 정도이고 앱과 다르게 욕실에 욕조가 없네요 날씨가 추워서 몸을 좀 녹일까 했는데 못하게 되었네요 가 침대 옆쪽으로 설치가 되어 있어서 보는 내내 너무 불편했어요 다만 방안에 라디에이터가 있어 공기는 훈훈하게 할 수 있네요 내부환경은 방이 작다 보니 따로 이야기할 만한 게 없네요 가성비로 보통이라는 생각이 들었어요', '주차장도 너무 협소하고 엘베 없이 계단 타고 올라가야 해서 좀 불편한 듯 요 객실 청결은 좋았습니다']",
전주 호텔아이,107,23,130,82.3,17.7,0,0.0,"['숙소는 전반적으로 매우 만족스러웠습니다 입실 전 안내가 친절하고 상세해서 처음 방문했음에도 불편함 없이 체크인할 수 있었습니다 실내는 사진보다 더 깔끔하고 잘 정돈되어 있었으며 침구와 수건도 청결하게 준비되어 있어 기분 좋게 사용할 수 있었습니다 특히 위치가 정말 좋았는데 신시가지 내부에 위치하고 있어서 주변에 편의점과 음식점 카페 등이 밀집해 있어 생활에 불편함이 전혀 없었습니다 다음에도 이 지역에 방문한다면 재방문 의사가 확실히 있습니다 주차도 편하게 했어요', '입장 시 주차는 넉넉했어요 층으로 비에 무인 키오스크도 있고 직원도 있어서 좋았어요 로비에 음료 및 물 셀프 토스트나 가 있어서 좋았어요 복도 진입 시 훈기가 돌아서 좋았어요 엘리베이터가 두 개씩이나 있어서 편리했어요 방이 넓고 청결상태가 너무 좋았어요 티브이가 엄청 크고 완비였어요 스파 욕조가 크고 좋았어요']","['전주 호텔아이 이용객실호 위치 전주 신시가지 인근에 위치하며 먹자골목에 있어 모든 것이 많음 시설로 넷플 가능하며는 없음 기타 시설 사용하는데 아무 문제 없으나 샤워 수전이 불량이 많음 청결상태 나쁘지 않으며 화장실에 물기도 없음 주차도 층 지하층 있으며 넓어서 주차에 어려움 없을 것으로 판단 개선이 필요해 보이는 점 보조 배게 하나 있으면 좋겠어요 전체적으로 만족할 수준 총점점', '전주 호텔아이 이용객실호 위치 신시가지 먹자골목에 위치하여 모든 것이 많음 시설로 넷플 시청 가능하고는 없음 기타 시설 샤워수전은 이용해 본 거의 모든 방이 상태가 안 좋음 청결 바닥에 별도의 이물질 없으며 눈에 보이는 더러움 없음 주차 주차장이 넓고 지하에도 주차 가능하여 어려움 없을 것으로 판단 개선이 되었으면 하는 점 충전기는 설치 전체적으로 만족할 수준 전주 출장 시 정착 숙소임 총점점']",
전주 호텔아지트 서신롯데점,725,158,883,82.1,17.9,0,0.0,"['서신동 롯데백화점 뒤편에 위치해있는 호텔 아지트 서신 롯데점에서 하루 묵었어요 서신동에서 묵은 적은 또 처음인데 작은 창문으로 보이는 천변 뷰가 초록 초록하고 좋더라고요 시 입실인데 분 정도 일찍 도착해서 체크인이 되는 줄 알고 들어가니 기다려야 한다고 해서 시 딱 기다렸다가 체크인했고요 방에 들어가면서 열려있는 곳들 구경해 보니 넓은 방들도 많고 대부분 천변 뷰라서 여행 숙소 느낌도 나고 좋아 보였어요 제가 묵은 방은 딱 잠만 잘 수 있을 정도로 작고 아담했지만 저는 불편함 없이 잘 자구 왔습니다 수압도 좋고 만족스러웠어요', '전주 여행 때 묵은 숙소인데 너무 좋은 점들 투성이었습니다 우선 객실 업그레이드해 주셔서 감사드려요 너무 편하게 쉬었습니다 전주 롯데백화점 바로 인근에 위치해 있어서 체크인 후 백화점 구경도 할 수 있어서 위치 상으로 너무 좋았습니다 주차장도 넓어서 주차할 때 전혀 불편함이 없었고 객실 청결 도는 말 할 것도 없이 완벽했고 널찍해서 너무 좋았습니다 욕실 수압도 세서 씻는데 불편함이 전혀 없었습니다 다음에 전주 여행을 오게 된다면 꼭 다시 묵고 싶습니다 감사합니다']","['전주 서신동에 위치한 아지트 호텔 서신롯데점은 롯데백화점과 도보 분 거리에 있어 쇼핑이나 식사하기에 매우 편리합니다 직원 응대도 친절하며 간단한 문의사항에도 즉각적으로 대응해 주는 편입니다 청결도 객실 내부는 깔끔하고 정돈이 잘 되어 있었습니다 침대 시트나 수건도 깨끗하게 정리되어 있어 위생 상태에 대한 걱정은 없었습니다 침구 및 침대 매트리스는 적당히 푹신하여 숙면을 취하기 좋았으며 베개도 푹신한 편이었습니다 욕실 및 수압 욕실 역시 청결하게 유지되어 있었고 샤워기 수압이 강해서 씻는 데 불편함이 없었습니다 편의시설 객실마다 개별 공유기가 설치되어 있어 와이파이 속도가 빠르고 안정적이었습니다 는 스마트 로 넷플릭스 유튜브 등 서비스를 이용할 수 있어 좋았습니다 또한 고데기와 드라이기가 객실 내 비치되어 있어 특히 여성 투숙객들에게 편리할 듯합니다 방음 방음은 좀 거슬렸습니다 근처 건물에 클럽이 있는지 새벽까지 쿵쿵하는 소음이 계속 들려서 티비소리를 켜놓고 자야 했습니다 이 점만 빼면 우수한 시설의 숙소 같습니다', '후기 보고 찾아간 건데 도착 후 외관 첫인상은 괜찮았어요 그런데 인포메이션 직원분의 말투가 불친절해서 기분이 상했어요 전라도라서 말투가 그런 건지 아니면 직원분의 말투가 원래 그런 것인지 좀만 친절했으면 어땠을까라고 조심스럽게 생각해 봅니다 들어간 객실 컨디션은 괜찮았어요 화장실도 나름 크고 깨끗하고 비데도 있어 옥좌가 되어서 좋았어요 냉장고엔 물병이 있고 방에 큰 차이 있는데 밤에는 야경이 괜찮았어요 다만 큰 단점이 있는데 방문이 개다 보니까 복도에서 사람들이 다니는 소리 떠드는 소리가 엄청 크게 들려서 불편했어요']",
전주 호텔아지트 신시가지점,610,126,736,82.9,17.1,0,0.0,"['한 줄 평 신시가지에서 숙박하기 좋은 숙소 신시가지 숙박할 수 있는 숙소를 찾던 중 가격 대비 가장 깔끔해 보이는 아지트에 투숙했습니다 침대는 넓고 푹신했고 바닥에도 머리카락이 떨어져 있지 않아 청결했으며 방음도 잘 돼서 불편함 없이 숙면할 수 있었습니다 어메니티로는 칫솔 치약 샤워타월 일회용 면도기 등이 구비돼있었고 샴푸 린스 보디워시는 공용으로 비치돼있었습니다 주차장도 넓고 넷플릭스도 이용할 수 있었기 때문에 신시가지 번화가에서 놀다가 투숙하기 좋은 숙소로 추천합니다', '호텔 아지트 전주 신시가지점 이용했어요 저번에 묵었을 때 괜찮았던 것 같아서 재방문 했습니다 이날은 휴일 전날이라 그런지 앞에 술집에서 음악소리를 크게 틀어서 약간의 소음이 있었어요 신시가지 비보이 광장 바로 앞에 위치해 있고 음식점 술집들이 많아서 도보로 이동이 가능했어요 내부는 깔끔하고 넓고 푹신한 소파도 있어서 배달음식 시켜 먹기 딱 좋아 보였어요 화장실에는 인용 스파 월풀이 구비되어 있고요 스타일러도 있어서 출장객들에게도 만족스러운 숙소일 것 같아요 접근성도 좋고 가격도 합리적이라 전주 신시가지 숙소로 추천드립니다']","['출장 시 이용 장점 이른 시간 체크인 넓은 주차공간 넓은 객실 크기 단점 가격 오후 시 넘어서 체크인 주차 자리는 번화가인데도 매우 넓었음 수전 등 샤워기 상태가 살짝 아쉬웠으나 큰 문제는 아님 휴대폰 충전 케이블 비치되어 있음 굳 객실 청소상태 괜찮고 먼지 제거 상태도 매우 만족할 만한 수준이라 다음번에도 오지 싶음 그 외 객실 시설 등은 사용하는데 문제는 없었음 바닥 난방은 안되는듯했고 침대 전기장판이 있어서 자는데 문제는 없었음 주변 양가 오토바이 소음이 더 거슬릴 정도 하지만 다시 올 것 같음', '토요일 방문해서 숙박했고 원 정도의 가격에 이용했습니다 번화가에 있는 모텔이라 큰 기대는 없었으나 청소상태가 깔끔했고 넓은 침대와 욕조가 있었고 넷플릭스를 이용할 수 있었습니다 비품으로 물 두병과 칫솔 개 치약 개 면봉 스킨로션 등이 비치되어 있었고 소음 없고 담배 냄새 없이 편안하게 숙박할 수 있었습니다 숙소의 퇴실 시간은 시였고 시 분쯤 카운터에서 퇴실 준비하라는 전화가 왔으며 퇴실 시 층에 있는 카드 키 수거함에 두시면 됩니다 전주 번화가에 있는 숙소로 이용하기 무난하여 추천합니다']",
전주 화이트호텔,644,143,787,81.8,18.2,0,0.0,"['월일 월요일 급히 전주에 가게 됐습니다 성남에서 급히 출발하다 보니 숙소 예약도 못했는데 전주 나와서 신호 대기 시 여기 어때 앱을 통해 예약을 했습니다 전주에 오면 숙소는 역시 화이트 호텔이죠 객실 깨끗하고 넓고 일회용품 넉넉히 비치되어 있고 에어컨 팡팡 사향 좋고 침구류 깨끗하며 다만 샤워기 수압이 조금 약했습니다 그렇다고 불편할 정도는 아니었어요 그리고 숙소 부근 인프라 좋고요 머니 머니 해도 아침 무료 조식 아트입니다 편히 잘 묵고 갑니다 고맙습니다', '월일 목요일 여기 어때를 통해 전주 화이트 호텔에 숙박 예약을 했습니다 특가를 이용해 제일 저렴한 객실로 예약했는데 숙소 사장님이 객실을 더 좋은 데로 무료 업그레이드해 주었습니다 너무너무 감사드려요 오후 시 전주 도착 숙소에 갔는데 주차장이 텅 비어 있어 깜놀 역시 경기가 안 좋긴 안 좋은가 봐요 특히 지방은 더 경기가 안 좋은 듯 주차장 자리도 제일 좋은 자리에 주차하고 객실로 올라갔습니다 청소 상태 깔끔하고 사용 시설물 다 좋습니다 첨부 사진과 같이 아침 무료 조식 너무 맛있게 잘 먹었습니다']","['월일 여기 어때를 통해 전주 화이트 호텔에 숙박 예약을 했습니다 전주에 몇 달 만에 왔는데 엘리베이터 새것으로 리모델링을 했네요 아주 좋습니다 객실 내 청소는 아주 깨끗하고 좋았습니다 다만 화장실 변기커버와 변기 사이즈가 맞질 않아 큰일 보기가 좀 난감했습니다 호에 숙박하였는데 샤워기 수압도 좀 약했고요 하지만 대체적으로 숙박하는데 불편함은 없었습니다 그리고 아침 조식을 무료로 주는데 감동 감동입니다 샌드위치와 떡라면 중 골라 먹을 수 있는데 전 떡라면 너무 맛있었어요 다음에도 전주 출장 오면 역시 화이트 호텔은 필수입니다', '숙소 근처에 편의점도 가깝고 늦게까지 하는 식당들도 있어서 편했습니다 하지만 화장실 샤워기 수압이 약하고 에어컨이 잘 안 나왔어요']",
전주 히든호텔,1461,393,1854,78.8,21.2,0,0.0,"['깨끗하고 우수한 숙소입니다 무엇보다 청결하고 금연실이어서 좋습니다 직원분도 친절하시고 조용해서 좋습니다 침대 쿠션도 좋습니다 화장실 청결해서 좋습니다 좋아요 좋아요 좋아요 좋아요 좋아요 좋습니다 자주 애용하고 있습니다 인근에서 가장 저렴하고 깨끗합니다 생수도 개나 주셔서 좋습니다 티브이도 엄청 크네요 티브이 영화 시청하기에도 좋습니다 넷플릭스도 되고 좋습니다 와이파이도 연결 잘되고 좋습니다 좋아요 추천합니다 침구류가 깨끗해서 좋습니다', '사장님께서 반갑게 반겨주셔서 기분이 좋았습니다 카운터에 커피 한잔 뽑아서 방으로 이동 깨끗하게 정리 정돈되어 있어서 기분이 좋았고 컴퓨터도 대가 있어서 게임의 시는 사람은 아주 좋을듯합니다 창문을 열어보니 덕진공원이 한눈에 야경 짱입니다 하루 잘 쉬고 갑니다']","['적당한 가격에 시설 적당합니다', '청소상태가 안 좋았습니다 바닥에 물이 떨어져서 수건으로 닦았는데 시커멓게 수건이 변하더군요 객실 내부 냄새도 담배 찌든 내인지 뭔지 냄새가 심하고 선풍기며 공기청정기에도 먼지가 보일 정도니']",
호텔 토랑 전주,67,12,79,84.8,15.2,0,0.0,"['아이와 전주여행 가서 이용했는데 처음 방문했을 때 주변이 모텔 호텔들이 모여 있어서 살짝 놀랐습니다 그렇지만 방은 깔끔하고 넓고 창도 크고 욕실도 크고 좋았습니다 프런트 앞에 충전기 일회용품도 부족하면 쓸 수 있도록 구비해 두신 것도 좋았어요 호텔 바로 앞 편의점도 있어서 편했고요 다만 방안에 금연이라고 쓰여있었는데 처음 방을 들어갔을 때 살짝 담배 냄새가 나는 것 같아서 별 반을 뺐어요 금연인데 피우시는 분들이 있으신 거 같아요 그리고 룸서비스 이용했는데 진짜 진짜 다 맛있고 양도 넉넉하고 가격도 착하고 사장님 서비스도 최고였습니다 룸서비스 음식이 너무 맛있어서 다시 방문하고 싶을 정도입니다 아무튼 완전히 만족합니다 재방문 의사 있어요', '일단 건물 자체도 깔끔하고 로비도 환해서 좋았습니다 방에 들어가니 담배 냄새 하나 없어 쾌적했고 꽤 넓었습니다 인치 라 크게 볼 수 있어서 좋았고 넷플릭스 디즈니 플러스 티빙 왓챠 애플 라프텔 유튜브가 모두 지원되어 좋았습니다 객실 내 푹신한 의자와 테이블이 있어 간단하게 무언가를 먹기에 편안했고 이용하진 않았지만 룸서비스를 운영해 호텔밖에 나가지 않고 무언가를 사 먹기에도 꽤 괜찮아 보였습니다 침대는 넓고 푹신했고 베개도 높은 편이 아니라 좋았습니다']","['숙소 깔끔하고 룸서비스가 특징입니다 저녁에 나갈 이유가 없네요 넷플릭스 무료로 흑백 요리사 보면서 야식했어요 드라이기 잘 안되니 와서 새걸로 바꿔주시네요 침대도 푹신합니다 샤워용 장수건은 없지만 다른 곳보다 수건을 더 주시네요 떡볶이 어묵 치킨마요 덮밥 치즈 라면 뿌링클치킨 청포도 에이드 시켜 먹었고 맛있습니다 조식 꼬박꼬박 먹었고 팝콘 서비스도 먹었어요 다 괜찮습니다 숙소 가격 저렴한 편이고요', '한마디로 가성비 갑 저렴한 비용 대비 시설은 괜찮음 조식 서비스가 있지만 다소 아쉬움이 있음 종류 적고 방에 갖고 가서 먹어야 하는']",
